lang,subject,color,admiration,amusement,anger,compassion,contempt,contentment,disappointment,disgust,fear,guilt,hate,interest,joy,love,pleasure,pride,regret,relief,sadness,shame
cn,550b7af71f955,black,0,0,0,0,0,0,0,0,0,0,0,0,0,0,0,0,3,0,0,0
cn,550b7af71f955,blue,0,4,0,0,0,0,0,0,0,0,0,0,0,0,0,0,0,0,0,0
cn,550b7af71f955,brown,0,0,0,0,0,2,0,0,0,0,0,0,0,0,0,0,0,0,0,0
cn,550b7af71f955,green,3,0,0,0,0,0,0,0,0,0,0,0,0,0,0,0,0,0,0,0
cn,550b7af71f955,grey,0,0,0,0,0,0,2,0,0,0,0,0,0,0,0,0,0,0,0,0
cn,550b7af71f955,orange,0,0,0,0,0,0,0,0,0,0,0,0,0,0,0,4,0,0,0,0
cn,550b7af71f955,pink,0,0,0,0,0,0,0,0,0,0,0,0,0,0,5,0,0,0,0,0
cn,550b7af71f955,purple,0,0,0,0,0,4,0,0,0,0,0,0,0,0,0,0,0,0,0,0
cn,550b7af71f955,red,0,0,0,0,0,0,0,0,0,0,0,3,0,0,0,0,0,0,0,0
cn,550b7af71f955,turquoise,0,0,0,0,0,0,0,0,0,1,0,0,0,0,0,0,0,0,0,0
cn,550b7af71f955,white,0,0,0,0,0,0,0,0,0,0,0,0,0,0,0,0,0,0,1,0
cn,550b7af71f955,yellow,0,0,0,0,2,0,0,0,0,0,0,0,0,0,0,0,0,0,0,0
cn,5515920e148b3,black,0,0,0,0,0,0,0,3,0,3,4,0,0,0,0,0,0,0,0,0
cn,5515920e148b3,blue,0,0,0,0,0,0,0,0,0,0,0,0,0,0,3,0,0,0,0,0
cn,5515920e148b3,brown,0,0,0,0,0,3,0,0,0,0,0,0,0,0,0,0,0,0,0,0
cn,5515920e148b3,green,0,0,0,0,0,3,0,0,0,0,0,4,0,0,3,0,0,0,0,0
cn,5515920e148b3,grey,0,0,0,0,0,0,0,0,0,0,0,0,0,0,0,0,0,0,0,0
cn,5515920e148b3,orange,1,0,0,0,0,0,0,0,0,0,0,4,0,0,2,3,0,0,0,0
cn,5515920e148b3,pink,0,0,0,0,0,0,0,0,0,0,0,3,0,2,0,0,0,0,0,0
cn,5515920e148b3,purple,0,0,0,0,0,3,0,0,0,0,0,0,0,0,0,3,0,0,0,0
cn,5515920e148b3,red,0,0,5,0,0,0,0,0,0,0,0,0,0,0,0,0,0,0,0,0
cn,5515920e148b3,turquoise,0,0,0,0,0,0,0,0,0,0,0,0,0,0,0,0,0,2,0,0
cn,5515920e148b3,white,0,0,0,0,0,0,0,0,0,0,2,0,0,0,0,0,0,0,0,0
cn,5515920e148b3,yellow,0,0,0,0,0,0,0,0,0,0,0,4,0,0,3,0,0,0,0,0
cn,5543737e5c869,black,0,0,4,0,0,0,0,0,5,0,0,0,0,0,0,0,0,0,4,0
cn,5543737e5c869,blue,0,0,0,3,0,0,0,0,0,0,0,3,1,1,1,0,0,4,0,0
cn,5543737e5c869,brown,0,0,0,0,0,0,0,0,0,0,0,0,0,0,0,0,0,0,0,0
cn,5543737e5c869,green,0,3,0,0,0,4,0,0,0,0,0,3,3,0,4,3,0,0,0,0
cn,5543737e5c869,grey,0,0,0,0,0,0,5,3,4,4,0,0,0,0,0,0,4,0,4,0
cn,5543737e5c869,orange,0,4,0,0,0,0,0,0,0,0,0,2,4,0,3,3,0,0,0,0
cn,5543737e5c869,pink,0,4,0,0,0,0,0,0,0,0,0,0,4,5,4,0,0,0,0,0
cn,5543737e5c869,purple,2,0,2,0,0,0,0,0,1,0,0,2,1,0,0,3,0,0,0,0
cn,5543737e5c869,red,0,4,3,0,0,0,0,0,0,0,0,0,5,4,0,4,0,0,0,0
cn,5543737e5c869,turquoise,0,0,0,0,0,0,0,0,0,0,0,0,0,0,0,0,0,0,0,0
cn,5543737e5c869,white,0,0,0,0,0,0,0,0,0,0,0,0,0,0,0,0,0,0,1,0
cn,5543737e5c869,yellow,0,3,0,0,0,1,0,0,0,0,0,0,3,0,0,0,0,0,1,0
cn,55649256a782d,black,0,0,2,0,0,0,0,0,0,2,5,0,0,0,0,0,0,0,0,2
cn,55649256a782d,blue,0,0,0,1,0,3,0,0,0,0,0,0,0,0,0,0,0,0,0,0
cn,55649256a782d,brown,0,0,0,0,0,3,0,0,0,0,0,0,0,0,0,0,0,0,0,0
cn,55649256a782d,green,0,4,0,0,0,4,0,0,0,0,0,4,0,0,0,0,0,0,0,0
cn,55649256a782d,grey,0,0,0,0,0,0,0,0,0,0,0,0,0,0,0,0,0,0,0,0
cn,55649256a782d,orange,2,3,0,0,0,1,0,0,0,0,0,3,0,0,1,0,0,0,0,0
cn,55649256a782d,pink,2,2,0,0,0,0,0,0,0,0,0,3,1,3,2,0,0,0,0,0
cn,55649256a782d,purple,0,3,0,0,0,2,0,0,0,0,0,0,0,0,0,3,0,0,0,2
cn,55649256a782d,red,0,0,5,0,0,0,0,3,0,0,0,1,3,3,0,0,0,0,0,0
cn,55649256a782d,turquoise,0,0,0,0,0,0,0,0,0,0,0,0,0,0,0,0,0,3,0,0
cn,55649256a782d,white,0,0,0,0,0,0,0,0,4,0,0,0,0,0,0,0,0,0,0,0
cn,55649256a782d,yellow,0,0,0,0,0,0,3,0,0,0,2,0,0,0,0,0,0,0,2,0
cn,5564985409afb,black,0,0,0,0,0,0,3,4,4,3,3,0,0,0,0,0,0,0,0,0
cn,5564985409afb,blue,0,0,0,0,0,2,0,0,0,0,0,0,0,0,0,0,0,0,2,0
cn,5564985409afb,brown,0,0,0,0,0,0,0,0,0,0,0,0,0,0,0,0,0,0,0,0
cn,5564985409afb,green,0,0,0,0,5,0,0,0,0,0,0,0,0,0,0,0,0,0,0,0
cn,5564985409afb,grey,0,0,0,0,0,0,5,0,0,5,0,0,0,0,0,0,0,0,5,0
cn,5564985409afb,orange,0,1,0,0,0,4,0,0,0,0,0,1,1,0,1,4,0,0,0,0
cn,5564985409afb,pink,0,4,0,0,0,0,0,0,0,0,0,0,2,5,4,0,0,0,0,0
cn,5564985409afb,purple,0,0,0,0,0,0,0,0,0,1,0,0,0,0,0,0,0,0,0,0
cn,5564985409afb,red,4,0,0,3,0,0,0,0,0,0,0,0,0,4,0,0,0,0,0,0
cn,5564985409afb,turquoise,0,0,0,0,5,0,0,0,0,0,0,0,0,0,0,0,0,0,0,0
cn,5564985409afb,white,0,0,0,3,0,0,0,0,0,0,0,0,0,0,0,0,0,4,0,0
cn,5564985409afb,yellow,0,0,0,1,0,0,0,0,0,0,0,0,0,0,0,0,0,0,1,1
cn,5564988710dce,black,0,0,0,0,0,0,5,4,5,0,0,0,0,0,0,0,0,0,5,0
cn,5564988710dce,blue,0,4,0,0,0,5,0,0,0,0,0,5,4,5,4,5,0,0,0,0
cn,5564988710dce,brown,0,0,4,0,5,0,0,5,0,0,0,0,0,0,0,0,0,0,0,0
cn,5564988710dce,green,0,5,0,0,0,4,0,0,0,0,0,0,5,5,5,0,0,0,0,0
cn,5564988710dce,grey,0,0,0,4,0,0,0,4,4,0,0,0,0,0,0,0,0,3,0,0
cn,5564988710dce,orange,0,4,0,0,0,3,0,0,0,0,0,4,4,4,4,0,0,0,0,0
cn,5564988710dce,pink,3,4,0,0,0,5,0,0,0,0,0,0,4,5,0,0,0,0,0,0
cn,5564988710dce,purple,0,0,0,0,0,0,0,0,5,0,0,0,0,0,0,0,0,0,5,0
cn,5564988710dce,red,4,0,4,0,4,0,0,3,4,0,4,0,0,4,0,0,4,0,0,4
cn,5564988710dce,turquoise,0,0,4,0,0,0,0,0,3,3,0,0,0,0,0,0,0,0,0,0
cn,5564988710dce,white,0,0,0,0,0,0,0,0,5,0,0,0,0,0,0,0,0,0,5,0
cn,5564988710dce,yellow,4,5,0,4,0,5,0,0,0,0,0,3,5,4,5,0,0,0,0,0
cn,556498d253543,black,0,0,3,0,0,0,0,4,5,0,5,0,0,0,0,0,0,0,5,0
cn,556498d253543,blue,0,0,0,3,0,3,0,0,0,0,0,0,0,0,0,0,0,0,4,0
cn,556498d253543,brown,0,4,0,0,0,0,0,0,0,0,0,1,3,4,4,0,0,0,0,0
cn,556498d253543,green,0,3,0,0,0,4,0,0,0,0,0,0,3,0,3,0,0,4,0,0
cn,556498d253543,grey,0,0,2,3,0,0,0,0,0,0,5,0,0,0,0,0,0,2,5,0
cn,556498d253543,orange,2,5,0,0,0,4,0,0,0,0,0,0,5,2,5,4,0,0,0,0
cn,556498d253543,pink,2,4,0,0,0,5,0,0,0,0,0,4,4,5,4,0,0,0,0,0
cn,556498d253543,purple,0,0,0,0,0,0,0,0,0,0,0,0,0,3,0,0,0,0,2,0
cn,556498d253543,red,5,5,0,0,0,3,0,0,0,0,0,5,5,5,5,5,0,0,0,0
cn,556498d253543,turquoise,0,0,0,0,0,0,0,0,0,0,0,0,2,0,2,0,0,0,0,0
cn,556498d253543,white,0,0,0,4,3,0,0,0,0,0,3,0,0,0,0,0,0,3,0,0
cn,556498d253543,yellow,0,0,0,0,0,0,0,1,1,0,0,0,0,0,0,0,0,0,2,0
cn,556499ef7c8ea,black,0,0,0,0,0,0,3,4,0,0,4,0,0,0,0,0,3,0,0,3
cn,556499ef7c8ea,blue,0,0,0,3,0,0,0,0,0,0,0,0,0,0,0,0,0,0,3,0
cn,556499ef7c8ea,brown,0,0,3,0,0,0,0,3,0,0,3,0,0,0,0,0,0,0,0,0
cn,556499ef7c8ea,green,0,0,0,0,0,0,0,0,0,0,0,0,0,0,3,0,0,4,0,0
cn,556499ef7c8ea,grey,0,0,0,0,0,0,0,0,0,0,0,0,0,0,0,0,0,0,3,0
cn,556499ef7c8ea,orange,0,3,0,0,0,0,0,0,0,0,0,0,3,2,4,0,0,0,0,0
cn,556499ef7c8ea,pink,4,3,0,0,0,4,0,0,0,0,0,0,2,4,0,0,0,0,0,0
cn,556499ef7c8ea,purple,0,0,0,0,0,0,0,0,0,0,0,0,0,4,0,0,0,0,2,0
cn,556499ef7c8ea,red,0,4,4,0,0,0,0,0,0,0,0,0,0,4,0,0,0,0,0,0
cn,556499ef7c8ea,turquoise,0,0,0,0,0,0,0,0,0,0,0,0,0,0,3,0,0,0,0,0
cn,556499ef7c8ea,white,0,0,0,0,0,0,0,0,3,0,0,0,0,0,0,0,0,0,3,0
cn,556499ef7c8ea,yellow,0,0,0,0,0,0,0,0,0,0,0,3,0,0,0,4,0,0,0,0
cn,55649a4bb58e9,black,0,0,0,0,0,0,1,2,4,0,0,0,0,0,0,0,0,0,3,0
cn,55649a4bb58e9,blue,0,2,0,0,0,0,0,0,0,0,0,3,0,0,0,0,0,0,5,0
cn,55649a4bb58e9,brown,0,0,0,0,0,0,4,0,0,0,0,0,0,0,0,0,4,0,1,0
cn,55649a4bb58e9,green,0,3,0,0,0,0,0,0,0,0,0,2,0,0,0,0,0,0,0,0
cn,55649a4bb58e9,grey,0,0,0,0,0,0,3,3,3,4,2,0,0,0,0,0,4,0,3,0
cn,55649a4bb58e9,orange,3,5,0,0,0,5,0,0,0,0,0,4,5,2,5,3,0,0,0,0
cn,55649a4bb58e9,pink,3,3,0,0,0,4,0,0,0,0,0,4,3,3,3,0,0,0,0,0
cn,55649a4bb58e9,purple,0,0,1,0,3,0,0,2,1,0,4,0,0,0,0,0,0,0,1,0
cn,55649a4bb58e9,red,3,3,0,0,0,4,0,0,0,0,0,0,3,4,2,4,0,0,0,0
cn,55649a4bb58e9,turquoise,0,0,0,0,0,0,0,0,2,0,0,0,0,0,0,0,0,0,0,0
cn,55649a4bb58e9,white,0,0,0,3,0,0,4,0,0,0,0,0,0,0,0,0,3,0,4,0
cn,55649a4bb58e9,yellow,3,4,0,3,0,5,0,0,0,0,0,3,4,0,4,3,0,0,0,0
cn,55649f5c9a5a2,black,0,0,0,0,0,0,3,2,5,0,3,0,0,0,0,0,0,0,5,0
cn,55649f5c9a5a2,blue,0,0,0,4,0,0,0,0,0,4,0,0,0,0,0,0,0,0,5,0
cn,55649f5c9a5a2,brown,4,0,0,0,0,4,0,0,0,0,0,0,0,0,0,0,0,0,0,0
cn,55649f5c9a5a2,green,0,5,0,0,0,0,0,0,0,0,0,0,5,0,0,0,0,0,0,0
cn,55649f5c9a5a2,grey,0,0,0,0,0,0,5,0,0,5,0,0,0,0,0,0,4,0,0,5
cn,55649f5c9a5a2,orange,0,5,0,0,0,5,0,0,0,0,0,5,4,0,0,0,0,0,0,0
cn,55649f5c9a5a2,pink,0,0,0,0,0,5,0,0,0,0,0,0,0,0,5,0,0,0,0,0
cn,55649f5c9a5a2,purple,0,0,0,0,0,0,0,0,0,0,0,0,0,0,0,0,0,0,4,0
cn,55649f5c9a5a2,red,4,0,0,0,0,0,0,0,0,0,0,0,5,5,5,0,0,0,0,0
cn,55649f5c9a5a2,turquoise,3,3,0,0,0,3,0,0,0,0,0,0,4,0,4,0,0,0,0,0
cn,55649f5c9a5a2,white,0,0,0,0,0,0,0,0,0,0,0,0,0,0,0,0,0,5,0,0
cn,55649f5c9a5a2,yellow,0,4,0,0,0,5,0,0,0,0,0,0,4,0,4,4,0,0,0,0
cn,5564a503e7cc4,black,0,0,5,0,0,0,0,0,5,0,5,0,0,0,3,0,0,0,3,0
cn,5564a503e7cc4,blue,4,5,0,5,0,0,4,0,0,0,0,0,0,0,0,0,0,0,0,0
cn,5564a503e7cc4,brown,0,0,0,0,0,0,0,0,4,0,2,0,0,0,0,0,0,0,3,0
cn,5564a503e7cc4,green,0,3,0,5,0,4,0,0,0,0,0,0,0,0,0,0,0,0,0,0
cn,5564a503e7cc4,grey,0,0,0,0,5,0,0,0,0,5,0,0,0,0,0,0,0,0,5,0
cn,5564a503e7cc4,orange,0,0,0,0,0,5,0,0,0,0,0,3,5,0,5,0,0,0,0,0
cn,5564a503e7cc4,pink,0,3,0,0,0,0,0,0,0,0,0,0,0,5,1,0,0,0,0,0
cn,5564a503e7cc4,purple,3,0,0,0,1,0,0,0,0,0,0,0,0,2,2,0,0,0,0,0
cn,5564a503e7cc4,red,0,3,4,0,0,0,0,0,0,0,0,2,5,3,4,0,0,0,0,0
cn,5564a503e7cc4,turquoise,0,5,0,0,3,0,0,0,0,0,0,0,0,0,0,0,0,0,0,0
cn,5564a503e7cc4,white,0,0,0,4,2,0,0,0,5,4,0,0,0,0,0,0,0,0,5,0
cn,5564a503e7cc4,yellow,0,5,0,0,0,0,0,0,0,0,0,4,5,0,5,2,0,0,0,0
cn,5564a5923a54a,black,1,1,5,1,5,1,5,5,5,5,5,1,1,1,1,1,5,1,5,3
cn,5564a5923a54a,blue,4,4,1,5,1,5,1,1,1,5,1,3,5,2,5,4,1,5,5,1
cn,5564a5923a54a,brown,1,1,1,2,1,1,1,1,1,1,1,1,1,1,1,1,1,2,1,1
cn,5564a5923a54a,green,1,4,2,1,4,2,4,1,1,1,2,3,4,1,3,2,1,1,1,2
cn,5564a5923a54a,grey,1,1,1,4,1,1,5,1,1,5,1,1,1,1,1,1,5,4,5,5
cn,5564a5923a54a,orange,2,3,1,1,1,2,1,1,1,1,1,2,3,1,3,1,1,1,1,1
cn,5564a5923a54a,pink,4,4,1,1,1,4,1,1,1,1,1,4,4,4,4,3,1,2,1,1
cn,5564a5923a54a,purple,5,3,1,1,5,4,1,1,1,1,1,3,4,2,3,5,1,1,1,1
cn,5564a5923a54a,red,1,5,4,1,2,1,1,4,4,1,2,4,4,5,3,5,1,1,1,1
cn,5564a5923a54a,turquoise,2,3,1,5,1,2,1,1,1,3,1,2,2,2,2,2,3,3,4,2
cn,5564a5923a54a,white,1,1,1,3,1,1,3,1,5,2,1,1,1,1,1,1,5,3,4,2
cn,5564a5923a54a,yellow,5,5,1,5,1,5,1,1,1,4,1,5,5,3,5,3,2,2,5,3
cn,5564b778e6af4,black,0,0,5,0,0,0,0,3,5,0,4,0,0,0,0,0,0,0,3,0
cn,5564b778e6af4,blue,0,0,0,4,0,0,2,0,0,0,0,0,0,0,0,0,0,2,4,2
cn,5564b778e6af4,brown,0,4,0,0,0,4,0,0,0,0,0,0,0,0,0,0,0,0,0,0
cn,5564b778e6af4,green,5,0,0,4,0,0,0,0,0,0,0,5,5,0,5,0,0,0,0,0
cn,5564b778e6af4,grey,0,0,0,3,2,0,4,0,3,0,0,0,0,0,0,0,4,0,5,0
cn,5564b778e6af4,orange,4,5,0,0,0,3,0,0,0,0,0,4,5,0,0,3,0,0,0,0
cn,5564b778e6af4,pink,0,5,0,3,0,0,0,0,0,0,0,0,0,5,3,0,0,4,0,2
cn,5564b778e6af4,purple,0,0,0,0,0,0,0,3,0,0,3,0,0,0,0,4,0,0,0,0
cn,5564b778e6af4,red,3,4,5,3,0,0,0,0,0,0,0,0,4,5,4,0,0,0,0,4
cn,5564b778e6af4,turquoise,0,4,0,0,0,0,5,0,0,0,0,0,0,0,4,0,3,0,0,0
cn,5564b778e6af4,white,5,0,0,0,2,0,2,0,0,0,0,0,0,0,0,0,0,0,0,0
cn,5564b778e6af4,yellow,0,4,0,0,0,0,3,5,0,0,5,0,0,0,0,0,0,0,0,2
cn,5564fa26624b5,black,0,0,0,0,0,0,0,0,0,0,0,0,0,0,0,0,0,0,0,0
cn,5564fa26624b5,blue,0,5,0,0,0,0,0,0,0,0,0,0,0,0,0,0,0,0,0,0
cn,5564fa26624b5,brown,0,0,0,0,0,5,0,0,0,0,0,0,0,0,0,0,0,0,0,0
cn,5564fa26624b5,green,0,0,0,0,0,0,0,0,0,0,0,0,0,0,0,0,0,5,0,0
cn,5564fa26624b5,grey,0,0,0,0,0,0,0,0,0,0,0,0,0,0,0,0,0,5,0,0
cn,5564fa26624b5,orange,0,0,0,0,0,0,0,0,0,0,0,0,0,0,5,0,0,0,0,0
cn,5564fa26624b5,pink,0,0,0,0,0,0,0,0,0,0,0,0,0,5,3,0,0,0,0,0
cn,5564fa26624b5,purple,0,0,0,0,0,0,0,0,0,0,0,0,0,0,0,0,0,0,0,0
cn,5564fa26624b5,red,0,0,3,0,0,0,0,0,0,0,0,0,0,3,0,0,0,0,0,0
cn,5564fa26624b5,turquoise,0,0,0,0,0,0,0,0,0,0,0,0,0,0,0,0,0,0,0,0
cn,5564fa26624b5,white,0,0,0,0,0,5,0,0,0,0,0,0,0,0,0,0,0,0,0,0
cn,5564fa26624b5,yellow,0,0,0,0,0,0,0,0,2,0,0,0,4,0,0,0,0,0,0,0
cn,5565089bda6fd,black,0,0,0,0,0,0,4,0,3,0,0,0,0,0,0,0,0,0,0,0
cn,5565089bda6fd,blue,0,5,0,0,0,0,0,0,0,0,0,0,5,0,5,0,0,0,0,0
cn,5565089bda6fd,brown,0,0,0,0,0,0,0,0,0,0,0,0,0,0,0,0,0,0,0,0
cn,5565089bda6fd,green,0,0,0,4,0,0,0,0,0,0,0,0,0,0,3,0,0,3,0,0
cn,5565089bda6fd,grey,0,0,0,0,0,0,4,0,0,0,0,0,0,0,0,0,0,0,0,0
cn,5565089bda6fd,orange,0,0,0,4,0,0,0,0,0,0,0,0,0,4,0,0,0,0,0,0
cn,5565089bda6fd,pink,0,0,0,0,0,0,0,0,0,0,0,0,0,4,0,0,0,0,0,0
cn,5565089bda6fd,purple,4,0,0,0,0,0,0,0,0,0,0,0,0,0,0,4,0,0,0,0
cn,5565089bda6fd,red,0,0,0,0,0,4,0,0,0,0,0,4,0,0,0,5,0,0,0,0
cn,5565089bda6fd,turquoise,0,0,0,0,0,0,0,0,3,0,0,0,0,0,0,0,0,0,4,0
cn,5565089bda6fd,white,0,0,0,0,0,0,0,0,2,0,0,0,0,0,0,0,0,0,4,0
cn,5565089bda6fd,yellow,0,0,0,0,0,0,0,2,0,0,0,0,0,0,0,0,0,0,0,0
cn,55650abbd402c,black,0,0,0,0,0,0,0,4,5,0,0,0,0,0,0,0,0,0,0,0
cn,55650abbd402c,blue,0,3,0,0,0,0,0,0,0,3,0,0,0,0,0,0,0,0,4,0
cn,55650abbd402c,brown,4,0,0,0,0,4,0,0,0,0,0,0,0,0,0,5,0,0,0,0
cn,55650abbd402c,green,0,0,0,0,0,0,0,0,0,0,0,0,4,0,4,0,0,0,0,0
cn,55650abbd402c,grey,0,0,0,0,0,0,0,0,0,0,0,0,0,0,0,0,3,0,5,0
cn,55650abbd402c,orange,0,5,0,0,0,0,0,0,0,0,0,0,5,0,5,0,0,0,0,0
cn,55650abbd402c,pink,0,5,0,0,0,0,0,0,0,0,0,0,5,5,5,0,0,0,0,0
cn,55650abbd402c,purple,0,0,0,0,0,0,0,0,3,0,3,0,0,0,0,0,0,0,0,5
cn,55650abbd402c,red,0,0,0,0,0,4,0,0,0,0,0,0,0,5,4,0,0,0,0,0
cn,55650abbd402c,turquoise,0,0,0,0,0,0,0,3,0,0,3,0,0,0,0,0,0,0,0,5
cn,55650abbd402c,white,0,0,0,0,4,0,0,3,0,0,0,4,0,0,0,0,0,0,0,0
cn,55650abbd402c,yellow,0,3,0,0,0,0,0,0,0,0,0,4,3,0,3,0,0,0,0,0
cn,55650da5c6cca,black,0,0,0,0,0,0,0,0,0,0,0,0,0,0,0,0,3,0,2,0
cn,55650da5c6cca,blue,0,0,0,0,0,0,0,0,0,0,0,0,0,0,0,0,0,0,0,0
cn,55650da5c6cca,brown,0,0,0,0,0,0,0,3,0,0,0,0,0,0,0,0,0,0,0,0
cn,55650da5c6cca,green,0,0,0,0,0,0,0,0,0,0,0,4,0,0,0,0,0,0,0,0
cn,55650da5c6cca,grey,0,0,0,0,0,0,4,0,0,0,0,0,0,0,0,0,0,0,2,0
cn,55650da5c6cca,orange,5,5,0,0,0,0,0,0,0,0,0,0,0,0,0,0,0,0,0,0
cn,55650da5c6cca,pink,0,4,0,0,0,0,0,0,0,0,0,0,0,5,0,0,0,0,0,0
cn,55650da5c6cca,purple,0,0,0,0,0,0,0,0,0,0,0,0,0,0,4,0,0,0,0,0
cn,55650da5c6cca,red,0,0,0,0,0,0,0,0,0,0,0,0,3,0,0,0,0,0,0,0
cn,55650da5c6cca,turquoise,0,0,0,0,0,0,0,0,0,0,0,0,0,0,0,0,0,0,0,0
cn,55650da5c6cca,white,0,0,0,0,0,0,0,0,0,0,0,0,0,3,0,0,0,0,0,0
cn,55650da5c6cca,yellow,0,0,0,0,0,0,0,0,0,0,0,0,0,0,0,4,0,0,0,0
cn,55650db11e839,black,0,0,0,0,0,0,0,0,0,0,0,0,0,0,0,0,0,0,0,0
cn,55650db11e839,blue,0,0,0,0,0,0,0,0,0,0,0,0,0,0,0,0,0,0,2,0
cn,55650db11e839,brown,0,0,0,0,0,0,0,0,0,0,0,0,0,0,0,0,0,0,0,0
cn,55650db11e839,green,0,0,0,0,0,0,0,0,0,0,0,0,0,0,0,0,0,0,0,0
cn,55650db11e839,grey,0,0,0,0,0,0,2,0,0,0,0,0,0,0,0,0,0,0,0,0
cn,55650db11e839,orange,0,0,0,0,0,0,0,0,0,0,0,0,0,0,3,0,0,0,0,0
cn,55650db11e839,pink,0,0,0,0,0,0,0,0,0,0,0,0,2,0,0,0,0,0,0,0
cn,55650db11e839,purple,0,0,0,0,0,2,0,0,0,0,0,0,0,0,0,0,0,0,0,0
cn,55650db11e839,red,0,0,0,0,0,0,0,0,0,0,0,0,5,0,0,0,0,0,0,0
cn,55650db11e839,turquoise,0,0,0,0,0,0,0,0,0,0,0,0,0,0,0,0,0,0,0,0
cn,55650db11e839,white,0,0,0,0,0,0,0,0,0,0,0,0,0,0,0,0,0,0,0,0
cn,55650db11e839,yellow,0,5,0,0,0,0,0,0,0,0,0,0,0,0,0,0,0,0,0,0
cn,55650dd84fb03,black,0,0,0,0,0,0,0,0,3,0,0,0,0,0,0,0,0,0,0,0
cn,55650dd84fb03,blue,0,0,0,0,0,0,0,0,0,4,0,0,0,0,0,0,4,0,0,0
cn,55650dd84fb03,brown,0,5,0,0,0,0,0,0,0,0,0,0,0,0,0,0,0,0,0,0
cn,55650dd84fb03,green,0,0,0,0,0,0,0,4,0,0,0,0,0,0,0,0,0,0,0,0
cn,55650dd84fb03,grey,0,0,0,0,0,0,0,0,0,0,0,0,0,0,0,0,0,0,4,0
cn,55650dd84fb03,orange,0,0,0,0,0,0,0,0,0,0,0,5,0,0,0,0,0,0,0,0
cn,55650dd84fb03,pink,0,0,0,0,0,0,0,0,0,0,0,0,5,0,0,0,0,0,0,0
cn,55650dd84fb03,purple,0,0,0,0,0,0,0,0,4,0,0,0,0,0,0,0,0,0,0,0
cn,55650dd84fb03,red,0,0,0,0,0,0,0,0,0,0,0,0,0,5,0,0,0,0,0,0
cn,55650dd84fb03,turquoise,0,0,0,0,3,0,0,0,0,0,0,0,0,0,0,0,0,0,0,0
cn,55650dd84fb03,white,0,0,0,0,0,0,0,0,0,0,0,0,0,0,0,0,0,0,0,0
cn,55650dd84fb03,yellow,0,0,0,0,0,0,0,0,0,0,0,0,5,0,0,0,0,0,0,0
cn,5565113fcbf7a,black,0,0,0,0,5,0,4,4,5,0,5,0,0,0,0,0,0,5,0,0
cn,5565113fcbf7a,blue,0,5,0,0,0,0,0,0,0,0,0,0,5,0,4,0,0,4,0,0
cn,5565113fcbf7a,brown,0,0,5,0,4,0,0,0,0,0,0,0,0,0,0,0,0,0,0,0
cn,5565113fcbf7a,green,0,5,0,0,0,4,0,0,0,0,0,4,4,0,4,0,0,0,0,0
cn,5565113fcbf7a,grey,0,0,0,0,0,0,5,0,4,0,0,0,0,0,0,0,0,0,0,0
cn,5565113fcbf7a,orange,0,0,0,0,0,3,0,0,0,0,0,0,0,0,0,0,0,0,0,0
cn,5565113fcbf7a,pink,0,5,0,0,0,0,0,0,0,0,0,4,4,0,4,0,0,0,0,0
cn,5565113fcbf7a,purple,4,0,0,0,0,0,0,0,0,0,0,0,0,0,0,0,0,0,0,0
cn,5565113fcbf7a,red,0,0,0,4,0,0,0,0,0,0,4,0,0,5,0,0,0,0,0,0
cn,5565113fcbf7a,turquoise,0,4,0,0,0,4,0,0,0,0,0,0,4,0,4,0,0,0,0,0
cn,5565113fcbf7a,white,0,0,0,0,0,0,0,0,0,0,0,0,0,0,0,0,0,5,0,0
cn,5565113fcbf7a,yellow,0,0,0,0,0,0,0,0,0,0,0,0,0,0,0,0,0,0,0,0
cn,556515d816a7a,black,0,0,0,0,0,0,0,0,0,0,0,0,0,0,0,0,0,0,0,0
cn,556515d816a7a,blue,0,0,0,0,0,0,0,0,0,0,0,0,0,0,0,0,0,4,0,0
cn,556515d816a7a,brown,0,0,0,0,0,0,0,0,0,2,0,0,0,0,0,0,0,0,0,0
cn,556515d816a7a,green,0,0,0,0,0,0,0,0,0,0,0,0,0,0,5,0,0,0,0,0
cn,556515d816a7a,grey,0,0,0,0,0,0,4,0,0,0,0,0,0,0,0,0,0,0,0,0
cn,556515d816a7a,orange,0,0,0,0,0,0,0,0,0,0,0,5,0,0,0,0,0,0,0,0
cn,556515d816a7a,pink,3,0,0,0,0,0,0,0,0,0,0,0,0,0,0,0,0,0,0,0
cn,556515d816a7a,purple,0,0,0,0,0,0,3,0,0,0,0,0,0,0,0,0,0,0,0,0
cn,556515d816a7a,red,0,0,0,0,0,0,0,0,0,0,0,0,0,0,0,0,0,0,0,0
cn,556515d816a7a,turquoise,0,0,0,0,0,0,0,0,0,0,0,0,0,0,5,0,0,0,0,0
cn,556515d816a7a,white,0,0,0,0,0,0,0,0,0,0,0,0,0,0,0,0,0,0,0,0
cn,556515d816a7a,yellow,0,0,0,0,0,0,0,0,0,0,0,0,0,5,0,0,0,0,0,0
cn,5565165f36a22,black,0,0,5,0,0,0,5,5,5,0,5,0,0,0,0,0,0,0,0,0
cn,5565165f36a22,blue,0,0,0,0,0,0,0,0,0,5,0,0,0,0,0,0,0,0,3,0
cn,5565165f36a22,brown,0,0,4,0,0,0,0,2,0,0,0,0,0,0,0,0,0,0,0,0
cn,5565165f36a22,green,5,0,0,0,0,0,0,0,0,0,0,0,0,0,5,0,0,5,0,0
cn,5565165f36a22,grey,0,0,0,0,0,0,5,0,0,0,0,0,0,0,0,0,3,0,0,4
cn,5565165f36a22,orange,0,0,0,0,0,4,0,0,0,0,0,0,4,0,4,0,0,0,0,0
cn,5565165f36a22,pink,4,0,0,0,0,0,0,0,0,0,0,0,4,0,4,0,0,0,0,0
cn,5565165f36a22,purple,0,0,0,0,0,0,0,0,0,4,0,0,0,0,0,0,0,0,4,0
cn,5565165f36a22,red,0,0,0,0,0,0,0,0,0,0,0,0,0,5,0,0,0,0,0,5
cn,5565165f36a22,turquoise,5,0,0,0,0,0,0,0,0,0,0,0,0,0,0,0,0,3,0,0
cn,5565165f36a22,white,0,0,0,0,0,0,0,0,0,0,0,0,0,0,0,0,0,0,0,0
cn,5565165f36a22,yellow,0,0,0,0,0,2,5,0,0,0,0,0,0,0,5,0,0,0,0,0
cn,55651bdc56942,black,0,0,0,0,5,0,5,5,5,5,5,0,0,0,0,0,5,0,5,5
cn,55651bdc56942,blue,0,3,0,2,2,0,2,0,0,2,0,3,0,0,3,0,2,3,2,2
cn,55651bdc56942,brown,0,0,0,2,0,0,2,0,0,0,0,0,0,0,0,0,0,0,2,2
cn,55651bdc56942,green,2,2,0,3,2,2,2,0,0,2,0,3,2,2,2,2,2,5,2,2
cn,55651bdc56942,grey,0,0,1,5,4,0,5,3,2,5,3,0,0,0,0,0,5,2,5,5
cn,55651bdc56942,orange,4,4,0,1,0,4,0,0,0,0,0,4,5,4,5,4,0,3,0,0
cn,55651bdc56942,pink,3,5,0,2,0,3,0,0,0,0,0,5,5,4,5,3,0,4,0,0
cn,55651bdc56942,purple,0,0,0,0,0,0,4,3,2,0,3,0,0,0,0,0,0,0,0,4
cn,55651bdc56942,red,5,5,5,0,0,5,0,0,0,0,5,5,5,5,5,5,0,0,0,0
cn,55651bdc56942,turquoise,2,3,0,2,1,2,1,0,0,1,0,3,2,3,3,2,1,4,1,1
cn,55651bdc56942,white,0,0,0,4,1,0,3,1,2,4,0,0,0,0,0,0,4,0,0,4
cn,55651bdc56942,yellow,3,0,0,2,0,3,0,0,0,0,0,0,4,3,4,4,1,2,0,0
cn,556522bcd530a,black,0,0,0,0,0,0,0,0,0,0,1,0,0,0,0,0,0,0,2,0
cn,556522bcd530a,blue,0,4,0,0,0,0,0,0,0,0,0,0,0,0,0,0,0,0,0,0
cn,556522bcd530a,brown,0,0,0,0,0,0,3,0,0,0,0,0,0,0,0,0,3,0,0,3
cn,556522bcd530a,green,0,0,0,0,0,4,0,0,0,0,0,0,5,0,0,0,0,3,0,0
cn,556522bcd530a,grey,0,0,0,0,3,0,1,1,0,0,0,0,0,0,0,0,0,0,0,0
cn,556522bcd530a,orange,0,0,0,0,0,0,0,0,0,0,0,0,0,0,4,0,0,3,0,0
cn,556522bcd530a,pink,0,0,0,0,0,0,0,0,0,0,0,4,0,4,0,0,0,0,0,0
cn,556522bcd530a,purple,0,0,0,0,0,5,0,0,0,0,0,0,0,4,5,5,0,0,0,0
cn,556522bcd530a,red,3,0,0,0,0,0,0,0,0,0,0,0,0,4,0,0,0,0,0,0
cn,556522bcd530a,turquoise,0,0,0,0,0,4,0,0,0,0,0,0,0,0,0,0,0,0,0,0
cn,556522bcd530a,white,0,0,0,0,0,0,0,0,0,0,0,0,0,0,0,0,0,0,0,0
cn,556522bcd530a,yellow,0,0,0,3,0,0,0,0,0,3,0,0,0,0,0,0,0,0,2,0
cn,5565286f1ef52,black,0,0,0,0,0,0,3,0,0,0,0,0,0,0,0,0,0,0,0,0
cn,5565286f1ef52,blue,0,4,0,4,0,0,0,0,0,4,0,0,4,4,4,0,0,0,5,4
cn,5565286f1ef52,brown,0,0,0,0,0,0,0,2,3,0,0,0,0,0,0,0,0,0,0,0
cn,5565286f1ef52,green,0,5,0,0,0,0,0,0,0,0,0,5,5,3,5,0,0,4,0,0
cn,5565286f1ef52,grey,0,0,0,0,0,0,0,1,0,0,0,0,0,0,0,0,4,5,5,0
cn,5565286f1ef52,orange,5,5,0,0,0,5,0,0,0,0,0,5,5,5,5,5,0,5,0,0
cn,5565286f1ef52,pink,4,5,0,0,0,4,0,0,0,0,0,4,5,5,5,0,0,0,0,1
cn,5565286f1ef52,purple,0,0,0,0,0,0,0,0,0,0,0,2,0,0,0,0,0,0,0,0
cn,5565286f1ef52,red,0,4,0,0,0,0,0,0,1,0,0,0,3,5,4,0,0,0,0,0
cn,5565286f1ef52,turquoise,0,3,0,0,0,0,0,0,0,0,0,0,4,0,4,0,0,4,0,0
cn,5565286f1ef52,white,0,5,0,0,0,0,0,0,0,0,0,0,4,4,0,0,0,5,5,3
cn,5565286f1ef52,yellow,0,4,0,0,0,0,0,0,0,0,0,0,3,0,5,5,0,5,0,0
cn,55652b70d1233,black,0,0,0,0,0,0,5,0,5,5,0,0,0,0,0,0,5,0,5,5
cn,55652b70d1233,blue,0,0,0,0,0,0,3,0,0,0,0,0,0,0,0,0,0,0,4,0
cn,55652b70d1233,brown,0,0,0,0,0,0,0,0,0,0,0,0,0,0,0,0,0,0,0,0
cn,55652b70d1233,green,0,0,0,2,0,0,0,0,0,0,0,0,0,0,4,0,0,4,0,0
cn,55652b70d1233,grey,0,0,0,0,0,0,5,0,0,0,0,0,0,0,0,0,0,0,0,0
cn,55652b70d1233,orange,4,4,0,0,0,4,0,0,0,0,0,0,4,0,4,4,0,0,0,0
cn,55652b70d1233,pink,0,4,0,3,0,0,0,0,0,0,0,0,0,5,0,0,0,0,0,0
cn,55652b70d1233,purple,0,0,0,0,0,0,0,0,0,0,0,0,0,0,0,0,0,0,3,0
cn,55652b70d1233,red,3,3,4,0,0,3,0,0,0,0,4,0,0,3,0,3,0,0,0,0
cn,55652b70d1233,turquoise,0,0,0,0,0,0,0,0,0,0,0,0,0,0,0,0,0,3,0,3
cn,55652b70d1233,white,0,0,0,4,4,0,0,0,0,0,0,0,0,0,0,0,0,4,4,0
cn,55652b70d1233,yellow,4,3,0,0,0,4,0,0,0,0,0,0,5,0,5,0,0,0,0,0
cn,55652d434d39a,black,0,0,0,0,0,0,4,0,0,0,0,0,0,0,0,0,3,0,0,0
cn,55652d434d39a,blue,0,3,0,0,0,0,0,0,0,0,0,0,3,0,3,0,0,4,1,0
cn,55652d434d39a,brown,0,0,0,0,0,0,0,0,0,0,0,0,0,0,0,0,4,0,0,4
cn,55652d434d39a,green,4,2,0,4,0,4,0,0,0,0,0,2,2,3,1,3,0,5,0,0
cn,55652d434d39a,grey,0,0,0,0,1,0,5,3,1,0,0,0,0,0,0,0,2,0,4,0
cn,55652d434d39a,orange,5,3,2,2,0,4,0,0,0,0,0,3,4,5,4,3,0,0,0,0
cn,55652d434d39a,pink,0,4,0,4,0,2,0,0,0,0,0,5,3,5,2,3,0,0,0,0
cn,55652d434d39a,purple,4,0,0,3,1,4,0,0,0,0,0,4,0,2,0,3,0,2,0,0
cn,55652d434d39a,red,0,0,5,0,0,0,0,1,0,0,5,0,0,2,0,0,0,0,0,0
cn,55652d434d39a,turquoise,0,0,0,3,0,0,0,0,4,0,0,0,0,2,0,0,0,0,1,0
cn,55652d434d39a,white,0,1,0,0,0,0,0,0,0,0,0,0,0,0,0,0,0,0,0,0
cn,55652d434d39a,yellow,2,5,0,0,0,4,0,0,0,0,0,4,4,1,3,5,0,0,0,0
cn,55653152ae10c,black,0,0,0,0,0,0,5,0,0,0,0,0,0,0,0,0,0,0,0,0
cn,55653152ae10c,blue,0,0,0,0,0,0,0,0,0,0,0,0,0,0,0,0,0,0,2,0
cn,55653152ae10c,brown,0,0,0,0,0,0,0,4,0,0,0,0,0,0,0,0,0,0,0,0
cn,55653152ae10c,green,0,0,0,0,0,0,0,0,0,0,0,5,0,0,0,0,0,0,0,0
cn,55653152ae10c,grey,0,0,0,0,0,0,0,0,0,0,0,0,0,0,0,0,0,3,0,0
cn,55653152ae10c,orange,0,0,0,0,0,0,0,0,0,0,0,0,4,0,0,0,0,0,0,0
cn,55653152ae10c,pink,0,5,0,0,0,0,0,0,0,0,0,0,0,0,0,0,0,0,0,0
cn,55653152ae10c,purple,0,0,0,0,0,0,0,0,5,0,0,0,0,0,0,0,0,0,0,0
cn,55653152ae10c,red,0,0,0,0,0,0,0,0,0,0,0,0,0,5,0,0,0,0,0,0
cn,55653152ae10c,turquoise,0,0,0,0,0,0,0,0,0,0,0,4,0,0,0,0,0,0,0,0
cn,55653152ae10c,white,0,0,0,0,0,0,0,0,0,0,0,0,0,0,0,0,0,0,0,0
cn,55653152ae10c,yellow,0,0,0,0,0,4,0,0,0,0,0,0,0,0,0,0,0,0,0,0
cn,5565375b67aa2,black,0,0,0,0,0,0,0,4,4,0,5,0,0,0,0,0,0,0,0,0
cn,5565375b67aa2,blue,3,4,0,0,0,4,0,0,0,0,0,4,4,3,0,0,0,0,0,0
cn,5565375b67aa2,brown,0,0,0,0,0,0,0,0,0,0,0,0,0,0,0,0,0,0,0,0
cn,5565375b67aa2,green,0,3,0,0,0,0,0,0,0,0,0,2,1,0,5,0,0,0,0,0
cn,5565375b67aa2,grey,0,0,0,0,4,0,0,3,0,0,0,0,0,0,0,0,0,0,4,0
cn,5565375b67aa2,orange,0,0,0,0,0,3,0,0,0,0,0,0,5,2,0,0,0,0,0,0
cn,5565375b67aa2,pink,0,0,0,0,0,0,0,0,0,0,0,0,2,4,0,0,0,0,0,0
cn,5565375b67aa2,purple,0,0,0,0,0,0,0,0,0,0,0,4,0,0,0,0,0,0,0,0
cn,5565375b67aa2,red,0,0,0,0,0,5,0,0,0,0,0,0,0,5,0,0,0,0,0,0
cn,5565375b67aa2,turquoise,0,3,0,0,0,0,0,0,0,0,0,3,3,0,5,0,0,0,0,0
cn,5565375b67aa2,white,2,0,0,0,0,0,0,0,0,0,0,3,2,0,2,0,0,0,0,0
cn,5565375b67aa2,yellow,0,4,0,0,0,0,0,0,0,0,0,0,4,0,4,0,0,0,0,0
cn,5565395bb92b2,black,0,0,0,0,0,0,0,0,0,0,0,0,0,0,0,0,0,3,3,0
cn,5565395bb92b2,blue,0,0,0,3,0,3,0,0,0,0,0,0,0,0,0,0,0,0,0,0
cn,5565395bb92b2,brown,0,0,0,0,0,0,0,0,0,0,0,0,0,0,0,0,0,0,0,0
cn,5565395bb92b2,green,0,0,0,0,0,0,0,0,0,0,0,0,0,0,3,0,0,0,0,0
cn,5565395bb92b2,grey,0,0,0,0,0,3,0,0,0,0,0,0,0,0,0,0,0,0,0,0
cn,5565395bb92b2,orange,0,0,0,0,0,3,0,0,0,0,0,0,0,0,3,0,0,0,0,0
cn,5565395bb92b2,pink,0,0,0,0,0,0,0,0,0,0,0,3,0,0,3,0,0,0,0,0
cn,5565395bb92b2,purple,0,0,0,0,0,0,0,0,0,0,0,0,0,0,0,0,0,0,0,0
cn,5565395bb92b2,red,3,0,0,0,0,0,0,0,0,0,0,0,0,3,0,3,0,0,0,0
cn,5565395bb92b2,turquoise,0,0,0,0,0,0,0,0,0,0,0,0,0,0,3,0,0,0,0,0
cn,5565395bb92b2,white,0,0,0,0,0,0,0,0,0,0,0,0,0,0,0,0,0,0,0,0
cn,5565395bb92b2,yellow,0,3,0,0,0,0,0,0,0,0,0,0,3,0,0,0,0,0,0,0
cn,55653b9e7eb3d,black,0,0,1,0,0,0,0,0,0,0,0,0,0,0,0,0,0,0,0,0
cn,55653b9e7eb3d,blue,0,0,0,0,0,0,0,0,0,0,0,0,0,0,0,0,0,4,0,0
cn,55653b9e7eb3d,brown,0,0,0,0,0,3,0,0,0,0,0,0,0,0,0,0,0,0,0,0
cn,55653b9e7eb3d,green,0,0,0,0,0,0,0,0,0,0,0,0,0,0,4,0,0,0,0,0
cn,55653b9e7eb3d,grey,0,0,0,0,0,4,0,0,0,0,0,0,0,0,0,0,0,0,0,0
cn,55653b9e7eb3d,orange,0,0,0,0,0,0,0,0,0,0,0,4,0,0,0,0,0,0,0,0
cn,55653b9e7eb3d,pink,0,0,0,0,0,0,0,0,0,0,0,0,3,0,0,0,0,0,0,0
cn,55653b9e7eb3d,purple,0,0,0,0,0,0,0,0,0,0,0,0,0,0,0,3,0,0,0,0
cn,55653b9e7eb3d,red,0,0,0,0,0,0,0,0,0,0,0,0,0,5,0,0,0,0,0,0
cn,55653b9e7eb3d,turquoise,0,0,0,0,0,0,0,0,0,0,0,0,0,0,0,0,0,0,0,3
cn,55653b9e7eb3d,white,0,0,0,0,0,0,0,0,0,0,0,0,0,5,0,0,0,0,0,0
cn,55653b9e7eb3d,yellow,0,0,0,0,0,0,0,0,0,0,0,0,0,0,5,0,0,0,0,0
cn,55653e4ebe3b3,black,0,0,0,0,0,0,0,0,0,0,0,0,0,0,0,0,0,0,4,0
cn,55653e4ebe3b3,blue,0,0,0,0,0,0,0,0,4,0,0,0,0,0,0,0,0,0,3,0
cn,55653e4ebe3b3,brown,0,0,0,0,0,4,0,0,0,0,0,0,0,0,0,0,0,0,0,0
cn,55653e4ebe3b3,green,0,0,0,0,0,0,0,0,0,0,0,0,0,5,0,0,0,0,0,0
cn,55653e4ebe3b3,grey,0,0,0,0,0,0,0,0,0,0,0,0,0,0,0,0,0,5,0,0
cn,55653e4ebe3b3,orange,0,5,0,0,0,0,0,0,0,0,0,0,5,0,0,0,0,0,0,0
cn,55653e4ebe3b3,pink,0,0,0,0,0,0,0,0,0,0,0,0,0,0,5,0,0,0,0,0
cn,55653e4ebe3b3,purple,5,0,0,0,0,0,0,0,0,0,0,0,0,0,0,0,0,0,0,0
cn,55653e4ebe3b3,red,0,0,0,0,0,0,0,0,0,0,0,0,5,0,0,5,0,0,0,0
cn,55653e4ebe3b3,turquoise,0,0,0,0,0,0,0,0,0,0,0,5,0,0,0,0,0,0,0,0
cn,55653e4ebe3b3,white,5,0,0,0,0,5,0,0,0,0,0,0,0,0,0,0,0,0,0,0
cn,55653e4ebe3b3,yellow,5,5,0,0,0,0,0,0,0,0,0,0,5,0,5,0,0,0,0,0
cn,556542fc8cf0d,black,0,0,0,0,0,0,0,0,5,0,0,0,0,0,0,0,0,0,5,0
cn,556542fc8cf0d,blue,0,0,0,0,0,0,0,0,0,0,0,5,0,5,0,0,0,0,0,0
cn,556542fc8cf0d,brown,0,0,0,0,0,0,0,0,0,4,0,0,0,0,0,0,3,0,0,0
cn,556542fc8cf0d,green,0,0,0,0,0,0,0,0,0,0,0,0,0,0,0,0,0,5,0,0
cn,556542fc8cf0d,grey,0,0,0,0,0,0,4,0,0,0,0,0,0,0,0,0,0,0,5,0
cn,556542fc8cf0d,orange,0,0,0,0,0,5,0,0,0,0,0,0,5,0,0,0,0,0,0,0
cn,556542fc8cf0d,pink,0,0,0,0,0,0,0,0,0,0,0,0,0,5,0,0,0,0,0,0
cn,556542fc8cf0d,purple,0,0,0,0,0,0,0,0,0,0,0,0,0,0,5,0,0,0,0,0
cn,556542fc8cf0d,red,0,0,0,0,0,0,0,0,0,0,0,0,5,5,0,0,0,0,0,0
cn,556542fc8cf0d,turquoise,0,5,0,0,0,5,0,0,0,0,0,0,0,0,0,0,0,0,0,0
cn,556542fc8cf0d,white,5,0,0,5,0,0,0,0,0,0,0,0,0,0,0,0,0,0,0,0
cn,556542fc8cf0d,yellow,0,0,0,5,0,0,0,0,0,0,0,0,5,0,0,0,0,0,0,0
cn,556543126cb8d,black,0,0,0,0,0,0,0,0,0,0,0,0,0,0,0,0,0,0,4,0
cn,556543126cb8d,blue,0,0,0,0,0,0,0,0,0,0,0,0,3,0,0,0,0,0,0,0
cn,556543126cb8d,brown,0,0,3,0,0,0,0,0,0,0,0,0,0,0,0,0,0,0,0,0
cn,556543126cb8d,green,0,0,0,0,0,4,0,0,0,0,0,0,0,0,0,0,0,0,0,0
cn,556543126cb8d,grey,0,0,0,0,0,0,0,0,0,0,4,0,0,0,0,0,0,0,0,0
cn,556543126cb8d,orange,0,0,0,0,0,0,0,0,0,0,0,0,5,0,0,0,0,0,0,0
cn,556543126cb8d,pink,0,0,0,0,0,0,0,0,0,0,0,0,0,5,0,0,0,0,0,0
cn,556543126cb8d,purple,0,0,0,0,0,0,0,0,0,0,0,0,0,0,0,3,0,0,0,0
cn,556543126cb8d,red,0,0,0,0,0,0,0,0,0,0,0,0,0,5,0,0,0,0,0,0
cn,556543126cb8d,turquoise,0,0,0,0,0,0,0,0,0,0,0,0,0,0,0,0,0,2,0,0
cn,556543126cb8d,white,0,0,0,0,0,0,0,0,0,0,0,3,0,0,0,0,0,3,0,0
cn,556543126cb8d,yellow,0,0,0,0,0,0,0,0,0,0,0,0,0,0,3,0,0,0,0,0
cn,556548cca86ec,black,0,0,0,0,0,0,0,0,5,0,0,0,0,0,0,0,0,0,5,0
cn,556548cca86ec,blue,0,0,0,0,0,0,0,0,0,0,0,0,0,0,0,0,0,0,5,0
cn,556548cca86ec,brown,0,0,0,0,0,0,0,0,0,0,0,0,0,0,0,0,0,0,0,4
cn,556548cca86ec,green,0,0,0,0,0,0,0,0,0,0,0,0,0,0,4,0,0,3,0,0
cn,556548cca86ec,grey,0,0,0,0,0,0,4,0,0,3,0,0,0,0,0,0,0,0,3,3
cn,556548cca86ec,orange,0,5,0,0,0,0,0,0,0,0,0,0,3,0,0,0,0,0,0,0
cn,556548cca86ec,pink,0,4,0,0,0,0,0,0,0,0,0,4,3,4,3,0,0,0,0,0
cn,556548cca86ec,purple,0,0,0,0,0,4,0,0,0,0,0,0,0,0,0,5,0,0,0,0
cn,556548cca86ec,red,0,0,5,0,0,0,0,0,0,0,0,0,0,0,0,0,0,0,0,0
cn,556548cca86ec,turquoise,0,0,0,0,3,0,0,2,0,0,0,0,0,0,0,0,0,0,0,0
cn,556548cca86ec,white,0,0,0,0,0,0,0,0,0,0,0,0,0,0,0,0,0,0,0,0
cn,556548cca86ec,yellow,0,0,0,0,0,5,0,0,0,0,0,0,0,0,5,5,0,0,0,0
cn,55657ee4e3d4f,black,0,0,0,0,0,0,4,3,2,4,0,0,0,0,0,0,0,0,3,0
cn,55657ee4e3d4f,blue,0,0,0,0,0,0,0,0,0,0,0,0,0,0,0,0,0,0,0,0
cn,55657ee4e3d4f,brown,0,0,0,0,0,0,0,0,0,0,0,0,0,0,0,0,0,0,0,0
cn,55657ee4e3d4f,green,3,0,0,0,0,0,0,0,0,0,0,0,0,0,0,0,0,5,0,0
cn,55657ee4e3d4f,grey,0,0,0,0,4,0,3,0,0,0,0,0,0,0,0,0,1,0,1,1
cn,55657ee4e3d4f,orange,0,0,0,2,0,0,0,0,0,0,0,4,2,0,3,0,0,3,0,0
cn,55657ee4e3d4f,pink,0,4,0,0,3,0,0,0,0,0,0,0,4,0,0,0,0,0,0,0
cn,55657ee4e3d4f,purple,4,5,0,0,0,0,0,0,0,0,0,4,4,0,5,4,0,5,0,0
cn,55657ee4e3d4f,red,4,4,4,0,0,0,0,0,0,0,4,0,5,5,5,0,0,0,0,0
cn,55657ee4e3d4f,turquoise,4,0,0,0,0,0,0,0,0,0,0,4,3,0,0,0,0,5,0,0
cn,55657ee4e3d4f,white,0,0,0,0,5,0,0,0,0,0,0,0,0,0,0,0,0,0,0,0
cn,55657ee4e3d4f,yellow,3,0,0,0,0,0,0,0,0,0,0,4,0,0,0,0,0,4,0,0
cn,5565a3d689fe3,black,0,0,0,0,0,0,0,0,0,0,0,0,0,0,0,0,0,0,0,0
cn,5565a3d689fe3,blue,0,0,0,0,0,0,0,0,0,0,0,0,0,0,0,0,0,0,0,0
cn,5565a3d689fe3,brown,0,0,0,0,0,0,0,0,0,0,0,0,0,0,0,0,0,0,0,0
cn,5565a3d689fe3,green,0,0,0,0,0,0,0,0,0,0,0,0,0,5,0,0,0,0,0,0
cn,5565a3d689fe3,grey,0,0,0,0,1,0,0,0,0,0,0,0,0,0,0,0,0,0,0,0
cn,5565a3d689fe3,orange,0,0,0,0,0,0,0,0,0,0,0,0,5,0,0,0,0,0,0,0
cn,5565a3d689fe3,pink,0,0,0,0,0,0,0,0,0,0,0,0,0,0,3,0,0,0,0,0
cn,5565a3d689fe3,purple,0,0,0,0,0,0,0,0,0,0,0,0,0,0,0,0,0,0,0,0
cn,5565a3d689fe3,red,0,0,0,0,0,0,0,0,0,0,0,0,5,0,0,0,0,0,0,0
cn,5565a3d689fe3,turquoise,0,0,0,0,0,0,0,0,0,0,0,0,0,0,1,0,0,0,0,0
cn,5565a3d689fe3,white,0,0,0,0,0,0,0,0,0,0,0,0,0,0,0,0,0,0,0,0
cn,5565a3d689fe3,yellow,0,5,0,0,0,0,0,0,0,0,0,0,0,0,0,0,0,0,0,0
cn,5565ac2d5e2a7,black,0,0,0,4,0,0,0,0,0,0,0,0,0,0,0,0,0,3,0,0
cn,5565ac2d5e2a7,blue,0,0,0,4,0,0,0,0,0,0,0,0,0,0,0,0,0,3,0,0
cn,5565ac2d5e2a7,brown,0,0,0,0,0,0,0,0,0,0,0,0,0,0,0,0,0,3,0,0
cn,5565ac2d5e2a7,green,0,0,0,4,0,0,0,0,0,0,0,0,0,0,0,0,0,3,0,0
cn,5565ac2d5e2a7,grey,0,0,0,5,0,0,0,0,0,0,0,0,0,0,0,0,0,3,0,0
cn,5565ac2d5e2a7,orange,0,0,0,5,0,0,0,0,0,0,0,0,0,0,0,0,0,3,0,0
cn,5565ac2d5e2a7,pink,0,0,0,4,0,0,0,0,0,0,0,0,0,0,0,0,0,3,0,0
cn,5565ac2d5e2a7,purple,0,0,0,5,0,0,0,0,0,0,0,0,0,0,0,0,0,3,0,0
cn,5565ac2d5e2a7,red,0,0,0,5,0,0,0,0,0,0,0,0,0,0,0,0,0,3,0,0
cn,5565ac2d5e2a7,turquoise,0,0,0,4,0,0,0,0,0,0,0,0,0,0,0,0,0,3,0,0
cn,5565ac2d5e2a7,white,0,0,0,5,0,0,0,0,0,0,0,0,0,0,0,0,0,4,0,0
cn,5565ac2d5e2a7,yellow,0,0,0,4,0,0,0,0,0,0,0,0,0,0,0,0,0,3,0,0
cn,5565b277eb762,black,0,0,4,0,0,0,1,3,4,1,5,0,0,0,0,0,1,0,3,1
cn,5565b277eb762,blue,3,5,0,1,0,4,0,0,0,0,0,3,4,3,5,0,0,0,0,0
cn,5565b277eb762,brown,0,0,0,0,0,0,0,0,0,0,0,0,0,0,0,0,0,0,0,0
cn,5565b277eb762,green,3,5,0,0,0,3,0,0,0,0,0,0,4,0,5,3,0,0,0,0
cn,5565b277eb762,grey,0,0,0,0,0,0,1,3,4,3,3,0,0,0,0,0,3,0,5,1
cn,5565b277eb762,orange,0,3,0,0,0,0,0,0,0,0,0,4,3,0,3,2,0,0,0,0
cn,5565b277eb762,pink,3,4,0,2,0,0,0,0,0,0,0,0,4,5,4,0,0,0,1,0
cn,5565b277eb762,purple,0,0,0,0,1,0,0,0,0,0,0,0,0,0,0,1,0,0,0,0
cn,5565b277eb762,red,5,3,5,0,0,4,0,0,3,0,4,5,4,4,3,5,0,0,0,0
cn,5565b277eb762,turquoise,0,3,0,0,0,0,0,0,0,0,0,1,3,0,3,0,0,0,0,0
cn,5565b277eb762,white,0,0,0,0,0,0,0,0,0,0,0,0,0,0,0,0,0,0,0,0
cn,5565b277eb762,yellow,0,2,0,0,0,0,0,0,0,0,0,0,2,0,2,0,0,0,0,0
cn,5565b8fbf359a,black,0,0,0,0,0,0,0,5,5,0,0,0,0,0,0,0,0,0,0,0
cn,5565b8fbf359a,blue,0,0,0,0,0,0,0,0,0,4,0,0,0,0,0,0,5,0,0,0
cn,5565b8fbf359a,brown,0,0,0,0,0,0,0,0,0,0,0,0,0,0,0,0,0,0,0,5
cn,5565b8fbf359a,green,0,0,0,0,0,5,0,0,0,0,0,0,0,0,0,0,0,0,0,0
cn,5565b8fbf359a,grey,0,0,0,0,0,0,5,0,0,0,0,0,0,0,0,0,0,0,0,0
cn,5565b8fbf359a,orange,0,0,0,0,0,0,0,0,0,0,0,0,0,0,0,0,0,0,0,5
cn,5565b8fbf359a,pink,0,0,0,0,0,0,0,0,0,0,0,0,0,5,0,0,0,0,0,0
cn,5565b8fbf359a,purple,0,0,0,0,0,0,0,0,0,0,5,0,0,0,0,0,0,0,0,0
cn,5565b8fbf359a,red,0,0,5,0,0,0,0,0,0,0,0,0,0,0,0,0,0,0,0,0
cn,5565b8fbf359a,turquoise,0,0,0,0,0,0,0,0,0,0,0,0,0,0,5,0,0,0,0,0
cn,5565b8fbf359a,white,0,0,0,5,0,0,0,0,0,0,0,0,0,0,0,0,0,0,5,0
cn,5565b8fbf359a,yellow,5,0,0,0,0,0,0,0,0,0,0,0,0,0,0,0,0,0,0,0
cn,5565b923b477d,black,0,0,0,0,0,0,5,0,0,0,0,0,0,0,0,0,0,0,0,0
cn,5565b923b477d,blue,0,0,0,0,0,4,0,0,0,0,0,0,4,0,0,0,0,0,0,0
cn,5565b923b477d,brown,0,0,0,0,0,0,0,0,0,0,0,0,0,0,0,0,0,0,0,0
cn,5565b923b477d,green,0,4,0,0,0,0,0,0,0,0,0,5,0,0,0,0,0,4,0,0
cn,5565b923b477d,grey,0,0,0,0,0,0,5,0,0,0,0,0,0,0,0,0,3,0,0,0
cn,5565b923b477d,orange,0,4,0,0,0,4,0,0,0,0,0,0,0,4,4,0,0,0,0,0
cn,5565b923b477d,pink,0,0,0,0,0,0,0,0,0,0,0,0,0,5,4,0,0,0,0,0
cn,5565b923b477d,purple,0,0,0,0,0,4,0,0,0,0,0,0,4,0,0,0,0,0,0,0
cn,5565b923b477d,red,0,0,4,0,0,0,0,0,0,0,0,0,0,4,0,0,0,0,0,0
cn,5565b923b477d,turquoise,0,0,0,0,0,0,4,3,0,0,0,0,0,0,0,0,0,0,0,0
cn,5565b923b477d,white,0,0,0,0,0,0,0,0,0,0,0,0,0,0,0,0,0,0,0,0
cn,5565b923b477d,yellow,4,4,0,0,0,0,0,0,0,0,0,0,4,0,4,0,0,0,0,0
cn,5565ba5547748,black,0,0,0,0,0,0,0,5,5,0,5,0,0,0,0,0,0,0,0,0
cn,5565ba5547748,blue,0,0,0,5,0,0,0,0,0,0,0,0,0,0,0,0,0,0,0,0
cn,5565ba5547748,brown,0,0,0,0,0,0,0,0,0,5,0,0,0,0,0,0,0,0,0,0
cn,5565ba5547748,green,5,0,0,0,0,0,0,0,0,0,0,0,0,5,0,0,0,0,0,0
cn,5565ba5547748,grey,0,0,0,0,0,0,0,0,0,0,0,0,0,0,0,0,0,0,5,0
cn,5565ba5547748,orange,0,0,0,0,0,5,0,0,0,0,0,0,0,0,0,0,0,0,0,0
cn,5565ba5547748,pink,0,0,0,0,0,0,0,0,0,0,0,0,0,5,0,0,0,0,0,0
cn,5565ba5547748,purple,0,0,0,5,0,0,0,0,0,0,0,0,0,0,0,0,0,0,5,0
cn,5565ba5547748,red,0,0,0,0,0,5,0,0,0,0,0,0,5,5,0,0,0,0,0,0
cn,5565ba5547748,turquoise,0,0,0,0,0,0,0,0,0,0,0,5,0,0,0,0,0,0,0,0
cn,5565ba5547748,white,0,0,0,0,0,0,0,0,0,0,0,0,0,0,0,0,0,0,0,5
cn,5565ba5547748,yellow,0,0,0,0,0,5,0,0,0,0,0,0,0,0,0,0,0,0,0,0
cn,5565bd344652c,black,0,0,0,0,0,0,0,0,3,0,0,0,0,0,0,0,0,0,5,0
cn,5565bd344652c,blue,0,0,0,0,0,2,0,0,0,0,0,0,0,0,0,0,0,0,4,2
cn,5565bd344652c,brown,0,0,0,0,0,0,0,0,0,0,0,0,0,0,0,0,0,0,0,0
cn,5565bd344652c,green,0,4,2,0,0,0,0,0,0,0,2,0,4,0,4,0,0,3,0,1
cn,5565bd344652c,grey,0,0,0,3,0,0,5,0,0,4,0,0,0,0,0,0,4,0,4,4
cn,5565bd344652c,orange,0,3,0,0,0,0,0,0,0,0,0,0,3,0,3,0,0,0,0,0
cn,5565bd344652c,pink,0,5,0,0,0,0,0,0,0,0,0,0,0,4,0,0,0,0,0,0
cn,5565bd344652c,purple,0,0,0,0,0,4,0,0,0,0,0,2,4,0,4,0,0,0,0,0
cn,5565bd344652c,red,0,0,5,0,0,0,0,0,0,0,0,0,4,5,0,0,0,0,0,0
cn,5565bd344652c,turquoise,0,0,2,0,0,0,2,0,0,0,0,0,0,0,0,0,0,1,0,0
cn,5565bd344652c,white,0,0,0,0,0,0,0,0,3,0,0,0,4,0,0,0,0,5,0,0
cn,5565bd344652c,yellow,0,0,0,0,0,0,0,4,0,2,0,0,0,0,0,4,2,0,0,0
cn,5565bd754c4dc,black,1,1,5,1,3,1,4,4,5,4,4,1,1,1,1,1,3,1,5,3
cn,5565bd754c4dc,blue,2,4,3,1,1,2,1,1,1,1,2,4,3,1,3,3,1,4,1,1
cn,5565bd754c4dc,brown,2,2,2,1,2,2,2,2,2,2,3,2,2,1,2,1,2,2,2,2
cn,5565bd754c4dc,green,3,3,1,3,3,2,1,1,1,1,1,3,3,3,3,1,1,4,1,3
cn,5565bd754c4dc,grey,1,2,4,3,2,1,4,3,4,4,4,3,1,1,1,1,3,1,4,2
cn,5565bd754c4dc,orange,4,5,2,3,1,4,1,1,2,1,1,4,4,4,4,5,1,4,1,1
cn,5565bd754c4dc,pink,3,5,1,4,1,4,1,1,1,1,1,5,5,5,5,3,1,4,1,1
cn,5565bd754c4dc,purple,5,4,1,2,2,5,1,1,1,1,1,5,4,4,5,5,1,3,1,1
cn,5565bd754c4dc,red,5,5,1,1,1,4,1,3,5,1,1,4,5,4,5,5,1,1,1,1
cn,5565bd754c4dc,turquoise,4,5,1,3,1,4,1,1,1,1,2,4,5,4,5,3,1,5,1,1
cn,5565bd754c4dc,white,1,1,4,4,4,1,4,4,4,3,4,1,1,2,1,1,4,5,4,2
cn,5565bd754c4dc,yellow,4,3,1,3,1,3,1,3,1,1,1,3,3,2,3,4,1,2,1,1
cn,5565bd88348fe,black,0,0,3,5,3,0,2,4,3,2,3,0,0,0,0,0,3,1,5,2
cn,5565bd88348fe,blue,5,5,2,1,2,5,2,1,2,2,2,3,5,4,5,5,2,0,1,0
cn,5565bd88348fe,brown,1,3,0,1,2,3,1,2,0,0,0,2,3,2,2,4,1,1,1,0
cn,5565bd88348fe,green,5,4,0,1,0,5,0,0,0,1,0,4,5,5,5,4,2,0,2,1
cn,5565bd88348fe,grey,0,0,2,3,3,0,4,3,3,3,2,0,0,0,0,0,3,3,2,3
cn,5565bd88348fe,orange,0,0,0,3,0,0,2,0,0,0,0,0,0,0,0,4,0,3,3,3
cn,5565bd88348fe,pink,4,5,0,3,0,5,0,0,0,1,0,5,5,5,4,3,1,0,0,0
cn,5565bd88348fe,purple,0,4,0,1,1,0,3,1,2,0,2,4,0,0,0,3,0,0,2,0
cn,5565bd88348fe,red,5,5,3,2,2,5,1,3,2,2,3,5,5,5,5,5,2,1,1,4
cn,5565bd88348fe,turquoise,1,2,2,0,1,3,2,1,1,1,1,2,3,0,2,3,0,0,0,1
cn,5565bd88348fe,white,4,0,0,0,3,4,1,2,0,1,0,4,4,4,4,3,1,0,0,0
cn,5565bd88348fe,yellow,0,0,0,3,4,0,0,2,0,4,0,0,0,0,0,4,4,0,0,0
cn,5565c28f78a8c,black,0,0,0,0,0,0,0,0,5,0,0,0,0,0,0,0,0,0,4,0
cn,5565c28f78a8c,blue,0,0,0,0,0,0,0,0,0,0,0,0,0,0,0,0,0,3,0,0
cn,5565c28f78a8c,brown,0,0,0,0,0,0,0,3,0,0,0,0,0,0,0,0,0,0,0,0
cn,5565c28f78a8c,green,5,3,0,0,0,4,0,0,0,0,0,5,0,0,0,0,0,0,0,0
cn,5565c28f78a8c,grey,0,0,0,0,0,0,4,0,0,0,0,0,0,0,0,0,3,0,5,0
cn,5565c28f78a8c,orange,0,0,0,0,0,4,0,0,0,0,0,0,0,0,0,0,0,0,0,0
cn,5565c28f78a8c,pink,0,0,0,0,0,0,0,0,0,0,0,5,0,5,0,0,0,0,0,0
cn,5565c28f78a8c,purple,3,0,0,0,0,4,0,0,0,0,0,0,0,0,0,3,0,0,0,0
cn,5565c28f78a8c,red,0,5,0,0,0,0,0,0,0,0,0,0,4,4,0,0,0,0,0,0
cn,5565c28f78a8c,turquoise,0,4,0,0,0,0,0,0,0,0,0,0,0,0,0,0,0,2,0,0
cn,5565c28f78a8c,white,0,0,0,0,3,0,2,0,5,0,0,0,0,0,0,0,0,0,0,0
cn,5565c28f78a8c,yellow,0,0,5,0,0,0,0,0,0,0,0,0,3,0,0,0,0,0,0,0
cn,5565c391d64b6,black,0,0,0,0,0,0,0,0,0,5,0,0,0,0,0,0,5,0,0,0
cn,5565c391d64b6,blue,0,0,0,0,0,0,0,0,0,0,0,0,0,0,0,0,0,0,5,0
cn,5565c391d64b6,brown,0,0,0,0,0,0,0,5,0,0,3,0,0,0,0,0,0,0,0,0
cn,5565c391d64b6,green,0,0,0,0,0,0,0,0,0,0,0,0,5,0,5,0,0,0,0,0
cn,5565c391d64b6,grey,0,0,0,0,5,0,5,0,0,0,0,0,0,0,0,0,0,0,0,0
cn,5565c391d64b6,orange,0,5,0,0,0,5,0,0,0,0,0,0,0,0,0,0,0,0,0,0
cn,5565c391d64b6,pink,0,0,0,0,0,0,0,0,0,0,0,0,0,5,0,0,0,0,0,0
cn,5565c391d64b6,purple,0,0,0,0,0,0,0,0,0,0,0,5,0,0,0,0,0,0,0,0
cn,5565c391d64b6,red,5,0,0,0,0,0,0,0,0,0,0,0,0,0,0,5,0,0,0,0
cn,5565c391d64b6,turquoise,0,0,0,0,0,0,0,0,0,0,0,0,0,0,0,0,0,0,0,0
cn,5565c391d64b6,white,0,0,0,0,0,0,0,0,0,0,0,0,0,0,0,0,0,0,0,0
cn,5565c391d64b6,yellow,0,5,0,0,0,0,0,0,0,0,0,5,0,0,0,0,0,0,0,0
cn,5565c3ed844d3,black,0,0,0,0,0,0,0,0,5,0,5,0,0,0,0,0,5,0,0,0
cn,5565c3ed844d3,blue,0,0,0,0,0,0,0,0,0,0,0,0,0,0,0,0,0,0,4,4
cn,5565c3ed844d3,brown,0,0,0,0,0,0,0,0,0,3,0,0,0,0,0,0,0,0,5,0
cn,5565c3ed844d3,green,0,4,0,0,0,0,0,0,0,0,0,0,0,0,0,0,0,0,0,4
cn,5565c3ed844d3,grey,0,0,0,0,0,0,0,5,0,0,3,0,0,0,0,0,0,0,4,0
cn,5565c3ed844d3,orange,0,0,0,0,0,4,0,0,0,0,0,0,0,3,4,0,0,0,0,0
cn,5565c3ed844d3,pink,0,5,0,0,0,0,0,0,0,0,0,3,0,0,0,0,0,0,0,0
cn,5565c3ed844d3,purple,0,0,0,0,0,0,0,0,0,0,0,5,0,0,0,0,0,0,3,0
cn,5565c3ed844d3,red,0,0,0,0,0,0,0,0,0,0,0,5,5,5,0,0,0,0,0,0
cn,5565c3ed844d3,turquoise,0,0,0,0,0,0,0,0,0,0,0,0,5,0,3,0,0,0,0,0
cn,5565c3ed844d3,white,0,0,0,0,3,0,0,0,0,0,0,0,0,0,0,0,0,5,4,0
cn,5565c3ed844d3,yellow,0,0,0,4,0,5,0,0,0,0,0,0,0,0,0,5,0,0,0,0
cn,5565c6243a3fa,black,0,0,0,0,0,0,5,5,5,3,0,0,0,0,0,0,5,0,5,5
cn,5565c6243a3fa,blue,4,0,0,0,0,1,0,0,0,0,0,0,0,0,0,4,0,0,0,0
cn,5565c6243a3fa,brown,0,0,0,0,0,0,0,0,0,0,0,0,0,0,0,0,0,0,0,0
cn,5565c6243a3fa,green,0,0,0,0,0,4,0,0,0,0,0,0,4,4,0,0,0,0,0,0
cn,5565c6243a3fa,grey,0,0,0,0,0,0,4,0,0,0,0,0,0,0,0,0,3,0,3,3
cn,5565c6243a3fa,orange,0,4,0,0,0,0,0,0,0,0,0,0,4,0,4,0,0,0,0,0
cn,5565c6243a3fa,pink,0,4,0,0,0,0,0,0,0,0,0,0,4,4,0,0,0,0,0,0
cn,5565c6243a3fa,purple,0,0,0,0,0,3,0,0,0,0,0,0,3,0,0,0,0,0,0,0
cn,5565c6243a3fa,red,0,0,0,0,0,0,0,0,0,0,0,0,5,0,0,0,0,0,0,0
cn,5565c6243a3fa,turquoise,0,0,0,0,0,0,0,0,0,0,0,0,0,0,4,0,0,0,0,0
cn,5565c6243a3fa,white,0,0,0,2,0,0,0,0,0,0,0,0,0,0,0,0,0,0,0,0
cn,5565c6243a3fa,yellow,0,0,0,0,0,4,0,0,0,0,0,0,3,0,2,0,0,0,0,0
cn,5565c84e6fdde,black,0,0,0,0,0,0,5,0,5,0,5,0,0,0,0,0,0,0,0,0
cn,5565c84e6fdde,blue,0,0,0,0,0,4,4,0,0,0,0,0,0,0,0,0,0,0,4,0
cn,5565c84e6fdde,brown,0,0,0,0,0,3,0,0,0,0,0,0,0,0,0,0,0,0,0,0
cn,5565c84e6fdde,green,0,0,0,0,0,0,0,4,0,3,4,0,0,0,0,0,0,0,0,0
cn,5565c84e6fdde,grey,0,0,0,0,3,0,4,3,0,0,0,0,0,0,0,0,0,0,0,0
cn,5565c84e6fdde,orange,0,5,0,0,0,0,0,0,0,0,0,0,0,0,0,5,3,0,0,0
cn,5565c84e6fdde,pink,0,0,0,3,0,3,0,0,0,0,0,0,5,3,4,0,0,0,0,0
cn,5565c84e6fdde,purple,0,4,0,0,0,0,0,0,0,0,0,4,0,0,0,0,0,0,0,0
cn,5565c84e6fdde,red,0,0,5,0,0,0,0,0,0,0,3,0,4,5,0,0,0,0,0,0
cn,5565c84e6fdde,turquoise,0,0,0,0,0,0,0,0,0,0,0,0,0,0,4,0,0,0,0,0
cn,5565c84e6fdde,white,4,0,0,0,0,0,0,0,0,0,0,0,0,0,0,0,0,4,0,0
cn,5565c84e6fdde,yellow,0,3,0,0,4,0,0,4,4,0,0,0,0,0,0,0,0,0,0,0
cn,5565cafa77e86,black,0,0,5,0,0,0,0,0,5,0,4,0,0,0,0,0,0,0,4,0
cn,5565cafa77e86,blue,0,5,0,0,0,4,0,0,0,0,0,0,5,0,5,0,0,0,0,0
cn,5565cafa77e86,brown,0,0,0,0,0,0,0,0,0,0,0,0,0,0,0,0,0,0,0,0
cn,5565cafa77e86,green,0,5,0,0,0,0,0,0,0,0,0,0,5,0,5,0,0,0,0,0
cn,5565cafa77e86,grey,0,0,0,0,0,0,4,4,5,0,0,0,0,0,0,0,0,0,5,0
cn,5565cafa77e86,orange,0,5,0,0,0,0,0,0,0,0,0,0,5,0,5,0,0,0,0,0
cn,5565cafa77e86,pink,0,5,0,0,0,5,0,0,0,0,0,0,5,5,5,0,0,0,0,0
cn,5565cafa77e86,purple,0,0,0,0,0,0,0,0,0,0,0,0,0,5,0,0,0,0,0,0
cn,5565cafa77e86,red,0,5,0,0,0,0,0,0,0,0,0,0,5,0,5,0,0,0,0,0
cn,5565cafa77e86,turquoise,0,5,0,0,0,0,0,0,0,0,0,0,5,0,5,0,0,0,0,0
cn,5565cafa77e86,white,0,0,0,0,0,0,0,0,0,5,0,0,0,0,0,0,5,0,5,4
cn,5565cafa77e86,yellow,0,0,0,0,0,0,0,0,0,0,0,0,0,0,0,0,0,0,0,0
cn,5565ccfc27442,black,0,0,1,2,0,0,3,2,2,3,1,4,0,0,0,0,3,4,3,2
cn,5565ccfc27442,blue,4,4,0,0,0,4,0,0,0,0,0,4,4,4,4,0,0,0,0,0
cn,5565ccfc27442,brown,0,2,0,0,0,0,0,0,0,0,0,0,0,0,2,1,0,0,0,0
cn,5565ccfc27442,green,3,0,0,0,0,2,0,0,0,0,0,2,3,0,3,0,0,0,0,0
cn,5565ccfc27442,grey,0,0,0,0,0,0,1,2,0,0,0,2,0,0,0,0,0,0,1,0
cn,5565ccfc27442,orange,2,1,0,0,0,2,0,0,0,0,0,1,2,2,2,0,0,0,0,0
cn,5565ccfc27442,pink,0,3,0,0,0,0,0,0,0,0,0,2,0,4,3,0,0,0,0,0
cn,5565ccfc27442,purple,2,1,0,2,0,2,0,0,0,0,0,0,1,2,1,0,0,0,0,0
cn,5565ccfc27442,red,3,3,1,1,0,3,0,0,0,0,0,3,3,2,3,3,0,0,0,1
cn,5565ccfc27442,turquoise,0,0,0,0,0,1,0,0,0,0,0,3,0,4,4,0,0,0,0,0
cn,5565ccfc27442,white,0,0,0,0,0,0,2,0,0,3,0,0,0,1,0,0,3,0,0,0
cn,5565ccfc27442,yellow,2,3,0,0,0,2,0,0,0,0,0,2,2,1,2,0,0,0,0,0
cn,5565d3abba825,black,0,0,0,0,0,0,0,0,5,0,0,0,0,0,0,0,0,0,5,0
cn,5565d3abba825,blue,0,0,0,0,0,4,0,0,0,0,0,3,0,0,0,0,0,0,0,3
cn,5565d3abba825,brown,0,0,0,1,0,0,0,0,0,0,0,0,0,1,0,0,0,1,0,0
cn,5565d3abba825,green,0,3,0,0,0,0,0,0,0,0,0,0,0,0,0,0,0,4,0,0
cn,5565d3abba825,grey,0,0,3,3,0,0,0,0,0,0,0,0,0,0,0,0,0,0,3,0
cn,5565d3abba825,orange,0,5,0,0,0,0,0,0,0,0,0,3,4,4,4,0,0,0,0,0
cn,5565d3abba825,pink,0,4,0,0,0,4,0,0,0,0,0,5,2,5,0,0,0,0,0,0
cn,5565d3abba825,purple,3,0,0,3,0,0,0,0,0,0,0,0,0,0,0,0,0,0,0,0
cn,5565d3abba825,red,5,5,0,0,0,0,0,0,0,0,0,0,5,0,3,3,0,0,0,0
cn,5565d3abba825,turquoise,0,0,0,0,0,0,0,0,0,0,0,0,0,0,0,0,3,0,0,2
cn,5565d3abba825,white,0,0,0,0,0,0,0,0,2,0,0,0,0,0,0,0,0,0,0,0
cn,5565d3abba825,yellow,3,2,0,0,0,0,0,0,0,0,0,0,0,0,0,4,0,0,0,0
cn,55666d1ea63d5,black,0,0,0,0,0,0,0,0,0,0,0,0,0,0,0,0,0,0,0,0
cn,55666d1ea63d5,blue,0,0,0,0,0,0,3,0,0,0,0,0,0,0,0,0,0,0,0,0
cn,55666d1ea63d5,brown,0,0,0,0,0,0,2,3,0,0,0,0,0,0,0,0,0,0,0,2
cn,55666d1ea63d5,green,0,4,0,0,0,0,0,0,0,0,0,0,3,0,4,0,0,0,0,0
cn,55666d1ea63d5,grey,0,0,0,0,0,0,5,0,0,0,0,0,0,0,0,0,4,0,5,0
cn,55666d1ea63d5,orange,0,0,0,0,0,0,0,0,0,0,0,0,0,0,0,3,0,3,0,0
cn,55666d1ea63d5,pink,0,4,0,0,0,4,0,0,0,0,0,5,0,5,0,0,0,0,0,0
cn,55666d1ea63d5,purple,0,0,0,0,0,0,0,0,0,0,0,0,0,4,0,0,3,0,0,0
cn,55666d1ea63d5,red,0,0,5,0,0,0,0,0,0,0,0,0,0,5,0,0,0,0,0,0
cn,55666d1ea63d5,turquoise,0,0,0,0,2,0,0,0,0,2,0,0,0,0,0,0,0,0,0,2
cn,55666d1ea63d5,white,0,0,0,0,0,0,0,0,0,0,0,0,0,0,0,0,0,0,0,0
cn,55666d1ea63d5,yellow,0,0,3,0,0,0,0,0,0,0,0,0,0,0,0,0,0,0,3,0
cn,55668cc9d7a25,black,0,0,0,0,0,0,0,5,5,0,5,0,0,0,0,0,0,0,5,0
cn,55668cc9d7a25,blue,0,0,0,0,0,0,0,0,0,0,0,0,5,0,5,0,0,0,0,0
cn,55668cc9d7a25,brown,0,0,0,0,0,0,0,0,0,0,0,0,0,0,0,5,0,0,0,0
cn,55668cc9d7a25,green,5,4,0,0,0,5,0,0,0,0,0,5,5,3,4,5,0,0,0,0
cn,55668cc9d7a25,grey,0,0,0,5,0,5,0,0,0,0,0,0,0,0,0,0,0,0,0,0
cn,55668cc9d7a25,orange,0,0,0,0,0,5,0,0,0,0,0,0,0,0,5,5,0,0,0,0
cn,55668cc9d7a25,pink,0,0,0,0,0,0,0,0,0,0,0,0,5,5,0,0,0,0,0,0
cn,55668cc9d7a25,purple,0,5,0,0,0,0,0,0,0,0,0,5,0,0,5,0,0,0,0,0
cn,55668cc9d7a25,red,0,0,0,0,0,0,0,0,0,0,0,5,0,0,0,5,0,0,0,0
cn,55668cc9d7a25,turquoise,0,0,0,0,0,5,0,0,0,0,0,5,0,0,0,0,0,0,0,0
cn,55668cc9d7a25,white,0,0,0,0,0,0,2,0,1,0,0,0,0,5,0,0,0,0,3,0
cn,55668cc9d7a25,yellow,5,0,0,0,0,5,0,0,0,0,0,0,0,0,5,0,0,0,0,0
cn,5566994aa9513,black,0,0,0,0,0,0,5,0,5,0,0,0,0,0,0,0,4,0,4,0
cn,5566994aa9513,blue,0,0,0,5,0,0,0,0,3,4,0,0,0,0,0,0,0,0,5,0
cn,5566994aa9513,brown,0,0,0,5,0,0,0,0,0,0,0,5,0,0,0,0,0,0,0,0
cn,5566994aa9513,green,0,5,0,5,0,5,0,0,0,0,0,0,0,0,0,0,0,0,0,0
cn,5566994aa9513,grey,0,0,0,0,0,0,5,0,0,5,0,0,0,0,0,0,5,0,5,0
cn,5566994aa9513,orange,5,5,0,0,0,5,0,0,0,0,0,0,5,5,5,5,0,0,0,0
cn,5566994aa9513,pink,5,5,0,0,0,5,0,0,0,0,0,0,5,5,5,0,0,0,0,0
cn,5566994aa9513,purple,0,0,0,0,0,0,0,0,2,0,0,0,0,0,0,0,0,0,0,0
cn,5566994aa9513,red,5,5,0,0,0,5,0,0,0,0,0,0,5,5,5,5,0,0,0,0
cn,5566994aa9513,turquoise,0,0,5,0,0,0,4,4,3,0,4,0,0,0,0,0,5,0,0,0
cn,5566994aa9513,white,0,0,0,0,2,0,5,0,0,0,0,0,0,0,0,0,0,0,3,0
cn,5566994aa9513,yellow,5,5,0,0,0,5,0,0,0,0,0,0,5,5,5,5,0,0,0,0
cn,55669dbfe15e1,black,0,0,0,0,0,0,3,0,3,4,0,0,0,0,0,0,0,0,3,0
cn,55669dbfe15e1,blue,0,0,0,3,2,4,2,0,3,2,0,0,0,0,0,4,3,4,3,0
cn,55669dbfe15e1,brown,0,0,3,0,0,0,0,0,0,0,3,0,0,0,0,0,0,0,0,0
cn,55669dbfe15e1,green,3,0,0,3,3,3,0,0,0,0,0,0,0,0,0,3,0,0,0,0
cn,55669dbfe15e1,grey,0,0,0,0,2,0,5,0,0,2,0,0,0,0,0,0,0,0,0,0
cn,55669dbfe15e1,orange,0,0,0,0,0,0,0,0,0,0,0,0,4,0,4,0,0,0,0,0
cn,55669dbfe15e1,pink,2,2,0,3,0,0,0,3,0,0,0,2,3,4,3,2,0,0,0,0
cn,55669dbfe15e1,purple,0,0,0,2,0,0,4,3,3,0,4,0,0,0,0,0,3,0,0,3
cn,55669dbfe15e1,red,0,5,5,0,0,3,0,0,3,0,0,5,3,3,3,0,0,0,0,0
cn,55669dbfe15e1,turquoise,0,0,0,0,0,0,0,4,0,0,0,0,0,0,0,0,0,0,0,0
cn,55669dbfe15e1,white,0,0,0,0,0,0,0,0,0,3,0,0,0,0,0,0,3,0,3,0
cn,55669dbfe15e1,yellow,3,0,3,0,0,3,0,0,0,0,0,3,3,0,0,0,0,0,0,0
cn,55669ed79c91e,black,0,0,5,0,0,0,5,5,5,4,5,0,0,0,0,0,0,0,0,3
cn,55669ed79c91e,blue,0,0,0,5,0,0,0,0,0,3,0,0,0,0,0,0,3,3,5,4
cn,55669ed79c91e,brown,0,0,0,0,0,0,3,4,3,0,0,0,0,0,0,0,0,0,0,0
cn,55669ed79c91e,green,0,0,0,0,0,0,0,0,0,0,0,0,0,0,0,0,0,0,0,0
cn,55669ed79c91e,grey,0,0,0,0,0,5,5,0,0,0,0,0,0,0,0,0,0,5,5,0
cn,55669ed79c91e,orange,5,5,0,0,3,0,0,0,0,0,0,3,5,0,5,0,3,0,0,0
cn,55669ed79c91e,pink,0,5,0,5,0,0,0,0,0,0,0,0,0,5,5,0,0,0,0,5
cn,55669ed79c91e,purple,0,0,0,4,0,0,4,0,0,4,0,3,0,5,0,0,4,0,4,4
cn,55669ed79c91e,red,5,0,5,0,0,0,0,0,5,0,3,0,5,5,0,0,0,0,0,5
cn,55669ed79c91e,turquoise,0,0,0,0,3,0,5,3,4,4,0,0,0,0,0,0,0,0,4,0
cn,55669ed79c91e,white,0,5,0,0,0,0,0,0,0,0,0,0,0,0,0,0,0,0,0,0
cn,55669ed79c91e,yellow,0,0,4,0,0,0,0,3,2,0,5,0,0,0,0,0,0,0,0,0
cn,5566a28ee42bf,black,0,0,0,0,0,0,0,0,5,0,0,0,0,0,0,0,0,0,0,0
cn,5566a28ee42bf,blue,0,0,0,0,0,0,0,0,0,0,0,0,0,0,0,0,0,0,4,0
cn,5566a28ee42bf,brown,0,0,0,0,0,0,0,0,0,0,0,0,0,0,0,0,0,0,0,0
cn,5566a28ee42bf,green,0,0,0,0,0,0,0,0,0,0,0,0,5,0,0,0,0,0,0,0
cn,5566a28ee42bf,grey,0,0,0,0,0,0,5,0,0,0,0,0,0,0,0,0,0,0,0,0
cn,5566a28ee42bf,orange,5,0,0,0,0,0,0,0,0,0,0,0,0,0,5,0,0,0,0,0
cn,5566a28ee42bf,pink,0,0,0,0,0,0,0,0,0,0,0,0,0,0,5,0,0,0,0,0
cn,5566a28ee42bf,purple,5,0,0,0,0,0,0,0,0,0,0,0,0,0,0,0,0,0,0,0
cn,5566a28ee42bf,red,0,0,0,0,0,0,0,0,0,0,0,0,0,5,0,0,0,0,0,0
cn,5566a28ee42bf,turquoise,0,0,0,0,0,0,0,0,0,0,0,0,0,0,0,0,0,5,0,0
cn,5566a28ee42bf,white,0,0,0,0,0,0,0,0,5,0,0,0,0,0,0,0,0,0,0,0
cn,5566a28ee42bf,yellow,0,5,0,0,0,0,0,0,0,0,0,0,5,0,5,5,0,0,0,0
cn,5566a4de335b0,black,0,0,0,0,0,0,0,4,5,0,0,0,0,0,0,0,0,0,5,0
cn,5566a4de335b0,blue,0,0,0,5,0,0,0,0,0,0,0,0,5,0,5,0,0,5,0,0
cn,5566a4de335b0,brown,0,0,0,0,0,0,4,0,0,0,0,0,0,0,0,0,2,0,3,0
cn,5566a4de335b0,green,4,1,0,0,0,0,0,0,0,0,0,3,0,0,0,0,0,5,0,0
cn,5566a4de335b0,grey,0,0,0,0,0,0,5,0,0,4,0,0,0,0,0,0,0,0,5,0
cn,5566a4de335b0,orange,0,0,2,0,0,0,0,0,0,0,0,0,0,0,0,0,0,0,0,0
cn,5566a4de335b0,pink,0,0,0,0,4,0,0,0,0,0,0,0,0,5,0,0,0,0,0,0
cn,5566a4de335b0,purple,0,0,3,0,0,0,3,5,0,0,0,0,0,0,0,0,0,0,0,0
cn,5566a4de335b0,red,0,0,0,0,0,0,0,0,0,0,0,0,0,4,0,4,0,0,0,0
cn,5566a4de335b0,turquoise,0,0,0,0,0,0,0,0,0,0,0,0,3,0,4,0,0,3,0,0
cn,5566a4de335b0,white,0,0,0,0,0,5,0,0,0,0,0,0,0,0,0,0,3,0,0,0
cn,5566a4de335b0,yellow,0,0,4,0,4,0,0,0,4,0,0,0,0,0,0,0,0,0,0,0
cn,5566a9fc38784,black,0,0,0,0,0,0,0,3,4,0,3,0,0,0,0,0,0,0,5,0
cn,5566a9fc38784,blue,0,0,0,0,0,3,0,0,0,0,0,0,0,0,0,0,0,0,0,0
cn,5566a9fc38784,brown,0,0,0,0,0,0,0,0,1,0,0,0,0,0,0,0,0,0,0,0
cn,5566a9fc38784,green,0,4,0,0,0,3,0,0,0,0,0,0,1,0,0,0,0,0,0,0
cn,5566a9fc38784,grey,0,0,0,0,0,0,0,0,2,3,2,0,0,0,0,0,0,0,0,0
cn,5566a9fc38784,orange,0,0,0,0,0,0,0,0,0,0,0,4,0,2,0,3,0,0,0,0
cn,5566a9fc38784,pink,0,4,0,0,0,0,0,0,0,0,0,2,4,4,4,0,0,0,0,0
cn,5566a9fc38784,purple,0,3,0,0,0,4,0,0,0,0,0,0,0,5,4,0,0,0,0,0
cn,5566a9fc38784,red,3,4,4,0,0,2,0,0,0,0,0,4,5,4,3,0,0,0,0,0
cn,5566a9fc38784,turquoise,0,2,0,0,0,0,0,0,0,0,0,0,0,0,0,0,0,2,0,0
cn,5566a9fc38784,white,0,0,0,0,0,0,0,0,2,0,0,0,0,0,0,0,0,0,4,0
cn,5566a9fc38784,yellow,0,0,0,0,0,0,0,0,0,2,0,3,0,0,2,0,0,0,0,0
cn,5566ab8d0e5bd,black,0,0,0,0,0,0,0,0,0,0,0,0,0,0,0,0,0,0,0,0
cn,5566ab8d0e5bd,blue,0,0,0,0,0,0,0,0,0,0,0,0,0,0,0,5,0,0,0,0
cn,5566ab8d0e5bd,brown,0,0,0,0,0,0,0,0,0,0,0,0,0,4,0,0,0,0,0,0
cn,5566ab8d0e5bd,green,0,0,0,0,0,0,5,0,0,0,0,0,0,0,0,0,0,0,0,0
cn,5566ab8d0e5bd,grey,0,0,0,0,0,0,0,0,0,0,0,0,0,0,0,0,5,0,0,0
cn,5566ab8d0e5bd,orange,0,0,0,0,0,4,0,0,0,0,0,0,0,0,0,0,0,0,0,0
cn,5566ab8d0e5bd,pink,0,0,0,0,0,0,0,0,0,0,0,0,0,0,0,0,0,0,0,0
cn,5566ab8d0e5bd,purple,0,0,0,0,0,0,0,0,0,0,0,0,0,5,0,0,0,0,0,0
cn,5566ab8d0e5bd,red,0,0,4,0,0,0,0,0,0,0,0,0,0,0,0,0,0,0,0,0
cn,5566ab8d0e5bd,turquoise,0,0,0,0,0,0,0,0,0,0,0,0,0,0,0,0,0,0,0,5
cn,5566ab8d0e5bd,white,0,0,0,0,0,0,0,0,0,0,0,0,0,0,0,0,0,0,0,0
cn,5566ab8d0e5bd,yellow,0,2,0,0,0,0,0,0,0,0,0,0,0,0,0,0,0,0,0,0
cn,5566b1a68c3d1,black,0,0,0,0,0,0,5,5,5,0,0,0,0,0,0,0,5,0,0,0
cn,5566b1a68c3d1,blue,0,0,0,5,0,0,0,0,0,0,0,0,0,0,0,0,0,4,4,0
cn,5566b1a68c3d1,brown,0,0,0,0,0,0,3,0,0,4,0,0,0,0,0,0,0,0,3,0
cn,5566b1a68c3d1,green,0,0,0,3,0,0,0,0,0,0,0,0,0,0,3,0,0,0,0,0
cn,5566b1a68c3d1,grey,0,0,0,0,0,0,0,0,0,0,0,0,0,0,0,0,0,0,5,0
cn,5566b1a68c3d1,orange,0,5,0,0,0,0,0,0,0,0,0,4,5,0,4,0,0,0,0,0
cn,5566b1a68c3d1,pink,0,0,0,0,0,0,0,0,0,0,0,0,0,5,0,0,0,0,0,0
cn,5566b1a68c3d1,purple,0,0,0,0,5,0,0,0,4,0,0,0,0,0,0,0,0,0,0,0
cn,5566b1a68c3d1,red,5,5,0,3,0,5,0,0,0,0,0,5,5,5,5,0,0,0,0,0
cn,5566b1a68c3d1,turquoise,0,0,0,0,0,0,0,0,0,0,0,5,0,0,5,0,0,3,0,0
cn,5566b1a68c3d1,white,0,0,0,0,0,0,0,0,0,0,0,0,0,0,0,0,0,5,0,0
cn,5566b1a68c3d1,yellow,0,5,0,0,0,0,0,0,0,0,0,0,5,0,0,0,0,0,0,0
cn,5566b2df989e6,black,0,0,0,0,0,0,0,0,0,0,0,0,0,0,0,0,0,0,3,0
cn,5566b2df989e6,blue,0,5,0,0,0,0,0,0,0,0,0,0,0,0,0,0,0,0,0,0
cn,5566b2df989e6,brown,0,0,0,0,0,0,0,0,0,0,0,0,0,0,0,0,0,0,0,0
cn,5566b2df989e6,green,3,0,0,0,0,0,0,0,0,0,0,0,0,0,0,0,0,0,0,0
cn,5566b2df989e6,grey,0,0,0,0,0,0,4,0,0,0,0,0,0,0,0,0,0,0,0,0
cn,5566b2df989e6,orange,0,0,0,0,0,0,0,0,0,0,0,0,0,0,5,0,0,0,0,0
cn,5566b2df989e6,pink,0,5,0,0,0,0,0,0,0,0,0,0,0,0,5,0,0,0,0,0
cn,5566b2df989e6,purple,0,0,0,0,0,0,0,0,0,0,0,0,0,0,0,0,0,0,2,0
cn,5566b2df989e6,red,0,0,0,0,0,0,0,0,0,0,0,0,0,5,0,0,0,0,0,0
cn,5566b2df989e6,turquoise,0,0,0,0,0,0,0,2,0,0,0,0,0,0,0,0,0,0,0,0
cn,5566b2df989e6,white,0,0,0,0,0,0,0,0,0,0,0,0,0,0,0,0,0,5,0,0
cn,5566b2df989e6,yellow,0,0,0,0,0,0,0,0,0,0,0,0,4,0,0,0,0,0,0,0
cn,5566b80670e57,black,0,0,0,0,0,0,0,0,5,0,0,0,0,0,0,0,0,0,5,0
cn,5566b80670e57,blue,0,5,0,0,0,0,0,0,0,0,0,0,5,0,5,0,0,0,0,0
cn,5566b80670e57,brown,0,0,0,0,4,0,0,3,0,0,0,0,0,0,0,0,0,0,0,0
cn,5566b80670e57,green,0,0,0,0,0,0,0,0,0,0,0,0,0,0,0,0,0,0,0,0
cn,5566b80670e57,grey,0,0,0,0,0,0,5,0,0,0,0,0,0,0,0,0,0,0,5,0
cn,5566b80670e57,orange,5,0,0,3,0,0,0,0,0,0,0,0,0,0,0,0,0,0,0,0
cn,5566b80670e57,pink,0,0,0,0,0,0,0,0,0,4,0,0,0,0,0,0,0,0,0,5
cn,5566b80670e57,purple,0,0,0,0,0,0,0,0,0,0,0,5,0,0,0,0,0,0,0,0
cn,5566b80670e57,red,0,0,4,0,0,0,0,0,0,0,0,0,0,5,0,0,0,0,0,2
cn,5566b80670e57,turquoise,0,0,0,0,0,0,0,4,0,3,0,0,0,0,0,0,2,0,0,0
cn,5566b80670e57,white,0,0,0,0,5,0,0,0,0,0,0,0,0,0,0,0,0,0,3,0
cn,5566b80670e57,yellow,0,3,0,0,0,0,0,0,0,0,0,0,3,0,3,0,0,0,0,0
cn,5566b824430b6,black,0,0,3,0,0,0,5,3,5,3,3,0,0,0,0,0,3,0,3,0
cn,5566b824430b6,blue,0,0,0,0,5,0,5,5,5,0,5,0,0,0,0,0,0,0,0,0
cn,5566b824430b6,brown,0,0,0,4,0,0,0,0,0,3,0,0,0,0,0,0,3,5,0,0
cn,5566b824430b6,green,0,5,0,0,0,5,0,0,0,0,0,5,5,0,5,5,0,0,0,0
cn,5566b824430b6,grey,0,0,0,0,4,0,4,0,0,5,0,0,0,0,0,0,4,0,4,0
cn,5566b824430b6,orange,0,5,0,0,0,0,0,0,0,0,0,0,0,0,0,5,0,0,0,0
cn,5566b824430b6,pink,0,4,0,0,0,4,0,0,0,0,0,0,4,5,4,0,0,3,0,5
cn,5566b824430b6,purple,5,0,0,0,0,0,0,0,0,0,0,5,0,5,0,0,0,0,0,5
cn,5566b824430b6,red,0,0,5,0,0,0,0,0,0,0,5,5,5,0,0,0,0,0,0,0
cn,5566b824430b6,turquoise,0,0,0,0,0,0,0,0,0,0,0,0,0,0,0,0,0,0,3,0
cn,5566b824430b6,white,0,0,0,0,0,0,0,0,0,0,0,0,0,0,0,0,0,5,0,0
cn,5566b824430b6,yellow,0,5,5,0,0,0,0,0,0,0,0,0,5,0,0,5,0,0,0,0
cn,5566b82a27819,black,0,0,3,0,0,0,3,4,5,0,5,0,0,0,0,0,0,0,5,4
cn,5566b82a27819,blue,0,0,0,4,0,0,0,0,3,0,0,0,0,0,4,0,0,3,5,0
cn,5566b82a27819,brown,0,4,0,0,0,5,0,0,0,2,0,0,0,0,4,0,3,0,0,0
cn,5566b82a27819,green,0,0,0,0,0,0,0,0,0,0,0,0,0,0,4,0,0,0,0,0
cn,5566b82a27819,grey,0,0,0,0,4,0,5,3,0,5,0,0,0,0,0,0,5,0,4,0
cn,5566b82a27819,orange,0,4,0,0,0,4,0,0,0,0,0,3,5,0,0,5,0,0,0,0
cn,5566b82a27819,pink,0,4,0,0,0,5,0,0,0,0,0,0,3,5,4,0,0,0,0,0
cn,5566b82a27819,purple,0,3,0,0,0,0,0,0,0,0,0,4,0,4,0,0,0,0,3,0
cn,5566b82a27819,red,0,0,5,0,0,0,0,0,0,0,4,0,5,5,0,5,0,0,0,0
cn,5566b82a27819,turquoise,0,0,4,3,0,0,0,1,0,0,0,0,0,0,0,0,2,0,2,0
cn,5566b82a27819,white,5,0,0,0,0,0,0,0,3,0,0,0,0,5,3,0,2,0,3,1
cn,5566b82a27819,yellow,0,5,0,0,0,0,0,0,0,0,0,0,5,0,4,0,0,0,0,0
cn,5566c689f0a2b,black,0,0,0,0,0,0,0,0,5,0,0,0,0,0,0,0,0,0,0,0
cn,5566c689f0a2b,blue,0,0,0,0,0,3,0,0,0,0,0,0,0,0,0,0,0,0,0,0
cn,5566c689f0a2b,brown,0,0,0,0,0,0,0,3,0,0,0,0,0,0,0,0,0,0,0,0
cn,5566c689f0a2b,green,0,4,0,0,0,0,0,0,0,0,0,0,0,0,0,0,0,0,0,0
cn,5566c689f0a2b,grey,0,0,0,0,4,0,0,0,0,0,0,0,0,0,0,0,0,0,0,0
cn,5566c689f0a2b,orange,0,0,0,0,0,0,0,0,0,0,0,0,5,0,0,0,0,0,0,0
cn,5566c689f0a2b,pink,0,0,0,0,0,0,0,0,0,0,0,0,0,5,0,0,0,0,0,0
cn,5566c689f0a2b,purple,0,0,0,0,0,0,0,0,0,0,0,0,0,0,0,0,4,0,0,0
cn,5566c689f0a2b,red,0,0,0,0,0,0,0,0,0,0,0,5,0,0,0,0,0,0,0,0
cn,5566c689f0a2b,turquoise,0,0,0,0,0,0,0,0,0,0,0,0,0,0,0,0,0,0,0,0
cn,5566c689f0a2b,white,0,0,0,0,4,0,0,0,0,0,0,0,0,0,0,0,0,0,0,0
cn,5566c689f0a2b,yellow,0,0,0,0,0,0,0,0,0,0,0,0,0,0,5,0,0,0,0,0
cn,5566c90e12f47,black,0,0,0,0,0,0,0,0,4,0,0,0,0,0,0,0,0,0,5,0
cn,5566c90e12f47,blue,0,0,0,4,0,0,0,0,0,0,0,0,0,0,0,0,0,3,0,0
cn,5566c90e12f47,brown,0,0,0,0,0,0,0,0,0,0,0,0,0,0,0,0,0,0,0,0
cn,5566c90e12f47,green,0,3,0,0,0,0,0,0,0,0,0,0,0,0,0,0,0,0,0,0
cn,5566c90e12f47,grey,0,0,0,0,0,0,4,0,0,4,0,0,0,0,0,0,3,0,0,0
cn,5566c90e12f47,orange,0,0,0,0,0,0,0,0,0,0,0,0,4,0,5,0,0,0,0,0
cn,5566c90e12f47,pink,0,4,0,0,0,3,0,0,0,0,0,0,0,4,3,0,0,0,0,0
cn,5566c90e12f47,purple,0,0,3,0,0,0,2,2,0,0,0,0,0,0,0,0,0,0,0,0
cn,5566c90e12f47,red,0,0,5,0,0,0,0,0,0,0,4,0,0,0,0,0,0,0,0,0
cn,5566c90e12f47,turquoise,0,0,0,0,3,0,0,0,2,0,4,0,0,0,0,0,0,0,0,0
cn,5566c90e12f47,white,4,0,0,0,0,0,0,0,0,0,0,0,0,0,0,0,0,3,0,0
cn,5566c90e12f47,yellow,0,0,0,0,0,2,0,0,0,0,0,0,3,0,4,0,0,0,0,0
cn,5566cbd03c845,black,0,0,5,0,5,0,5,5,5,0,5,0,0,0,0,0,4,0,5,3
cn,5566cbd03c845,blue,5,0,0,4,0,4,0,0,0,0,0,5,0,0,0,0,0,0,5,3
cn,5566cbd03c845,brown,0,0,0,0,3,0,3,4,2,0,3,0,0,0,0,0,0,0,0,2
cn,5566cbd03c845,green,0,3,0,5,0,0,0,0,0,4,3,5,0,0,3,0,0,0,4,3
cn,5566cbd03c845,grey,0,0,4,0,5,0,4,5,3,5,0,0,0,0,0,0,5,0,2,5
cn,5566cbd03c845,orange,0,4,0,0,0,3,0,0,0,0,0,3,3,5,3,0,0,0,0,0
cn,5566cbd03c845,pink,4,5,0,0,0,4,0,0,0,0,0,5,5,4,5,4,0,0,0,0
cn,5566cbd03c845,purple,3,0,0,4,0,4,0,0,0,0,0,5,0,0,0,0,0,0,0,0
cn,5566cbd03c845,red,5,5,0,0,0,5,0,0,0,0,0,5,5,5,5,5,0,0,0,0
cn,5566cbd03c845,turquoise,0,0,1,0,1,0,0,2,1,0,0,0,0,0,0,0,0,0,2,0
cn,5566cbd03c845,white,0,0,0,0,4,0,5,0,5,4,0,0,0,0,0,0,5,0,5,5
cn,5566cbd03c845,yellow,4,4,0,0,0,5,0,0,0,0,0,3,4,5,4,4,0,0,0,0
cn,5566ccde453b2,black,0,0,0,0,0,0,5,0,0,0,4,0,0,0,0,0,0,0,0,2
cn,5566ccde453b2,blue,0,0,0,3,0,0,0,0,0,0,0,0,0,0,0,0,0,0,5,0
cn,5566ccde453b2,brown,0,0,0,0,0,0,0,0,0,0,0,0,0,0,0,0,0,0,0,0
cn,5566ccde453b2,green,0,0,0,0,0,0,0,0,0,0,0,0,0,0,0,0,0,4,0,0
cn,5566ccde453b2,grey,0,0,0,0,0,0,4,0,0,5,0,0,0,0,0,0,3,0,0,0
cn,5566ccde453b2,orange,0,0,0,0,0,2,0,0,0,0,0,4,0,0,0,0,0,0,0,0
cn,5566ccde453b2,pink,0,3,0,0,0,0,0,0,0,0,0,0,3,2,0,0,0,0,0,0
cn,5566ccde453b2,purple,0,0,0,0,3,0,0,2,0,3,0,0,0,0,0,0,0,0,0,0
cn,5566ccde453b2,red,0,0,5,0,0,0,0,0,0,0,0,0,3,5,0,0,0,0,0,0
cn,5566ccde453b2,turquoise,0,0,0,0,0,0,0,0,0,0,0,0,0,0,0,0,0,0,3,0
cn,5566ccde453b2,white,0,0,0,0,0,0,0,0,3,0,0,0,0,0,0,0,0,0,0,0
cn,5566ccde453b2,yellow,0,0,0,0,0,0,0,0,0,0,0,0,0,0,0,0,0,0,0,2
cn,5566cdcf2d192,black,4,0,0,0,0,0,0,0,0,0,0,0,0,0,0,0,0,0,0,0
cn,5566cdcf2d192,blue,0,0,0,0,0,0,0,0,0,0,0,0,0,0,0,0,0,0,0,0
cn,5566cdcf2d192,brown,0,0,0,0,0,0,0,0,0,0,0,0,0,0,0,0,0,0,0,0
cn,5566cdcf2d192,green,0,0,0,0,0,0,0,0,0,0,0,5,0,0,0,0,0,0,0,0
cn,5566cdcf2d192,grey,0,0,0,0,0,0,0,0,0,0,0,4,0,0,0,0,0,0,0,0
cn,5566cdcf2d192,orange,0,0,0,0,0,0,0,0,0,0,0,0,0,0,0,0,0,0,0,0
cn,5566cdcf2d192,pink,0,0,0,0,0,0,0,0,0,0,0,0,0,5,0,0,0,0,0,0
cn,5566cdcf2d192,purple,0,0,0,0,0,0,0,0,0,0,0,0,0,0,0,0,0,0,0,0
cn,5566cdcf2d192,red,0,0,0,0,0,4,0,0,0,0,0,0,0,0,0,4,0,0,0,0
cn,5566cdcf2d192,turquoise,0,0,0,0,0,0,0,0,0,0,0,0,0,0,0,0,0,0,0,0
cn,5566cdcf2d192,white,0,0,0,0,0,0,0,0,0,0,0,0,0,0,0,0,0,0,0,0
cn,5566cdcf2d192,yellow,0,5,0,0,0,0,0,0,0,0,0,0,5,0,5,0,0,0,0,0
cn,5566cf8319fa7,black,0,0,0,0,0,0,5,0,5,0,0,0,0,0,0,0,5,0,0,0
cn,5566cf8319fa7,blue,0,0,0,0,0,0,1,0,0,0,0,0,0,0,0,0,2,0,0,0
cn,5566cf8319fa7,brown,0,0,0,0,0,0,0,0,0,0,0,0,0,0,0,0,3,0,0,0
cn,5566cf8319fa7,green,0,0,0,0,0,0,0,0,3,0,0,0,0,0,0,0,0,0,0,0
cn,5566cf8319fa7,grey,0,0,0,0,3,0,0,0,0,0,0,0,0,0,0,0,0,0,0,0
cn,5566cf8319fa7,orange,0,0,0,0,0,0,0,0,0,0,0,0,0,0,4,0,0,0,0,0
cn,5566cf8319fa7,pink,0,4,0,0,0,0,0,0,0,0,0,0,3,4,4,0,0,0,0,0
cn,5566cf8319fa7,purple,0,0,0,0,0,0,0,0,0,0,0,0,0,0,0,0,0,0,0,2
cn,5566cf8319fa7,red,0,0,3,0,0,0,0,0,0,0,0,0,0,0,0,0,0,0,0,0
cn,5566cf8319fa7,turquoise,0,0,0,0,0,0,0,0,0,0,0,0,0,0,0,0,0,3,0,0
cn,5566cf8319fa7,white,0,0,0,0,0,0,0,0,0,0,0,0,0,0,0,0,0,0,0,0
cn,5566cf8319fa7,yellow,0,0,0,0,0,0,0,0,0,0,0,0,0,0,0,0,0,0,0,0
cn,5566e82aeb721,black,0,0,0,0,0,0,0,0,0,0,0,0,0,0,0,0,0,0,1,0
cn,5566e82aeb721,blue,0,0,0,0,0,0,0,0,0,0,0,0,0,0,4,0,0,0,0,0
cn,5566e82aeb721,brown,2,0,0,0,0,2,0,0,0,0,0,0,0,0,0,0,0,0,0,0
cn,5566e82aeb721,green,0,0,0,0,0,0,0,0,0,0,0,0,0,0,0,0,0,3,0,0
cn,5566e82aeb721,grey,0,0,0,0,0,0,0,0,0,0,0,0,0,0,0,0,0,3,0,0
cn,5566e82aeb721,orange,0,0,0,0,0,3,0,0,0,0,0,0,0,0,0,0,0,0,0,0
cn,5566e82aeb721,pink,0,3,0,0,0,0,0,0,0,0,0,0,0,0,0,0,0,0,0,0
cn,5566e82aeb721,purple,0,0,0,0,0,0,0,0,0,0,0,0,0,0,3,0,0,0,0,0
cn,5566e82aeb721,red,0,0,0,0,0,0,0,0,0,0,0,0,0,5,0,0,0,0,0,0
cn,5566e82aeb721,turquoise,0,2,0,0,0,0,0,0,0,0,0,0,0,0,0,0,0,0,0,0
cn,5566e82aeb721,white,0,0,0,0,0,0,0,0,0,0,0,0,3,0,0,0,0,0,0,0
cn,5566e82aeb721,yellow,0,0,0,0,0,4,0,0,0,0,0,0,0,0,0,0,0,0,0,0
cn,5566fca428fa7,black,0,0,0,0,0,0,5,0,0,0,0,0,0,0,0,0,5,0,0,0
cn,5566fca428fa7,blue,0,0,0,0,0,0,0,0,0,0,0,0,0,0,0,0,0,0,5,0
cn,5566fca428fa7,brown,0,0,0,0,0,0,0,0,0,0,4,0,0,0,0,0,0,0,0,0
cn,5566fca428fa7,green,0,0,0,0,0,0,0,0,0,0,0,4,0,0,0,0,0,0,0,0
cn,5566fca428fa7,grey,0,0,0,0,0,0,4,0,0,0,0,0,0,0,0,0,0,0,0,0
cn,5566fca428fa7,orange,0,0,0,0,0,0,0,0,0,0,0,0,4,0,4,0,0,0,0,0
cn,5566fca428fa7,pink,4,0,0,0,0,0,0,0,0,0,0,0,0,0,0,0,0,0,0,0
cn,5566fca428fa7,purple,0,0,0,0,0,0,0,0,0,0,0,0,0,0,0,5,0,0,0,0
cn,5566fca428fa7,red,0,0,5,0,0,0,0,0,0,0,0,0,0,5,0,0,0,0,0,0
cn,5566fca428fa7,turquoise,0,0,0,0,5,0,0,0,0,0,0,0,0,0,0,0,0,0,0,0
cn,5566fca428fa7,white,4,0,0,0,0,0,0,0,0,0,0,0,0,0,0,0,0,0,0,0
cn,5566fca428fa7,yellow,0,4,0,0,0,0,0,0,0,0,0,0,0,0,0,4,0,0,0,0
cn,5566fcab8a75b,black,0,0,0,0,0,0,0,0,4,0,0,0,0,0,0,0,0,0,0,0
cn,5566fcab8a75b,blue,0,0,0,0,0,0,0,0,0,0,0,0,0,0,0,5,0,0,0,0
cn,5566fcab8a75b,brown,0,0,0,0,0,0,0,0,0,0,0,4,0,0,0,0,0,0,0,0
cn,5566fcab8a75b,green,0,0,0,0,0,0,0,0,0,0,0,0,0,0,0,0,0,0,0,0
cn,5566fcab8a75b,grey,0,0,0,0,0,0,4,0,0,0,0,0,0,0,0,0,0,0,0,0
cn,5566fcab8a75b,orange,0,0,0,0,0,0,0,0,0,0,0,0,0,0,0,0,0,0,0,0
cn,5566fcab8a75b,pink,0,0,0,0,0,0,0,0,0,0,0,0,0,0,4,0,0,0,0,0
cn,5566fcab8a75b,purple,0,0,0,0,4,0,0,0,0,0,0,0,0,0,0,0,0,0,0,0
cn,5566fcab8a75b,red,0,0,0,0,0,0,0,0,0,0,0,0,5,0,0,0,0,0,0,0
cn,5566fcab8a75b,turquoise,0,0,0,0,0,0,0,0,0,0,0,4,0,0,0,0,0,0,0,0
cn,5566fcab8a75b,white,0,0,0,0,0,0,0,0,0,0,0,5,0,0,0,0,0,0,0,0
cn,5566fcab8a75b,yellow,0,0,0,0,0,0,0,0,0,0,0,0,0,0,0,0,0,0,5,0
cn,55670088b38b6,black,0,0,0,0,4,0,5,5,5,5,5,0,0,0,0,0,0,0,5,0
cn,55670088b38b6,blue,2,0,0,3,0,2,3,0,0,0,0,4,0,2,5,4,3,4,3,0
cn,55670088b38b6,brown,0,0,0,0,0,0,0,0,0,0,0,0,0,0,0,0,0,0,0,0
cn,55670088b38b6,green,0,4,0,0,0,4,0,3,0,3,3,0,0,0,5,2,4,5,0,3
cn,55670088b38b6,grey,0,0,2,0,3,0,5,2,3,3,2,0,0,0,0,0,5,0,3,0
cn,55670088b38b6,orange,5,4,0,4,0,5,0,0,0,0,0,4,4,2,4,4,0,0,0,0
cn,55670088b38b6,pink,4,5,0,0,0,4,0,0,0,0,0,4,0,5,4,0,0,0,0,3
cn,55670088b38b6,purple,0,0,0,0,0,0,4,0,0,0,0,4,0,4,0,0,0,0,4,0
cn,55670088b38b6,red,5,4,5,2,0,0,0,5,5,0,5,3,5,5,4,5,0,0,0,4
cn,55670088b38b6,turquoise,0,0,0,0,0,0,0,0,0,0,0,0,0,0,0,0,0,5,0,0
cn,55670088b38b6,white,0,5,0,0,5,0,0,0,0,0,0,0,0,5,0,0,0,0,5,0
cn,55670088b38b6,yellow,0,4,0,4,0,4,4,0,0,5,4,0,0,0,0,4,0,0,4,0
cn,556705eb22e33,black,0,0,0,2,0,0,0,0,2,0,3,1,0,0,0,5,0,0,3,0
cn,556705eb22e33,blue,1,3,0,2,1,2,0,0,0,0,0,0,0,0,3,1,0,3,4,0
cn,556705eb22e33,brown,0,0,1,0,1,0,1,2,2,0,0,0,0,0,0,0,0,0,0,1
cn,556705eb22e33,green,3,5,0,2,0,4,0,0,0,0,0,3,3,3,3,3,0,4,0,0
cn,556705eb22e33,grey,0,0,5,0,0,0,5,1,1,4,0,0,0,0,0,0,0,0,3,2
cn,556705eb22e33,orange,4,5,0,0,0,5,0,0,0,0,0,4,5,4,5,5,0,2,0,0
cn,556705eb22e33,pink,0,1,0,1,0,4,0,0,0,0,0,1,1,5,4,0,0,4,0,0
cn,556705eb22e33,purple,5,1,0,0,0,0,0,0,0,0,0,1,0,0,0,5,0,2,0,0
cn,556705eb22e33,red,0,0,5,0,0,0,0,0,5,1,0,0,5,5,5,0,0,0,0,0
cn,556705eb22e33,turquoise,0,3,0,1,0,0,0,0,0,0,0,3,1,0,1,3,0,1,0,0
cn,556705eb22e33,white,0,0,0,0,0,0,0,0,0,0,0,0,0,0,0,0,0,0,0,0
cn,556705eb22e33,yellow,3,3,0,1,4,2,0,0,0,0,0,5,3,3,4,3,0,2,0,0
cn,5567b7bb6cc4d,black,2,2,0,0,0,2,2,2,5,1,4,3,1,0,1,3,3,3,4,1
cn,5567b7bb6cc4d,blue,2,3,0,2,0,3,0,0,0,2,0,2,4,3,3,2,0,1,2,2
cn,5567b7bb6cc4d,brown,3,0,0,0,0,4,0,0,0,0,0,0,0,4,0,3,0,0,3,0
cn,5567b7bb6cc4d,green,3,5,0,5,0,5,0,0,0,0,0,5,4,5,5,2,0,4,3,0
cn,5567b7bb6cc4d,grey,2,0,0,4,0,4,0,0,0,3,0,0,0,3,2,0,3,3,4,2
cn,5567b7bb6cc4d,orange,4,2,1,0,0,4,0,0,0,0,0,2,4,3,1,4,0,0,0,0
cn,5567b7bb6cc4d,pink,3,5,0,0,0,5,0,0,0,0,0,5,4,5,5,3,0,0,0,0
cn,5567b7bb6cc4d,purple,4,2,2,0,0,3,3,3,3,0,0,3,2,1,2,5,0,4,2,2
cn,5567b7bb6cc4d,red,5,5,5,0,0,5,0,0,0,0,0,5,5,5,5,5,0,0,0,1
cn,5567b7bb6cc4d,turquoise,0,2,0,0,0,0,0,0,0,0,0,0,0,0,2,0,0,0,0,0
cn,5567b7bb6cc4d,white,1,4,0,5,5,5,4,3,5,4,0,4,3,4,4,2,3,4,5,3
cn,5567b7bb6cc4d,yellow,1,2,0,3,0,3,1,0,0,2,0,3,4,3,4,4,0,0,1,3
cn,5567b85569d7e,black,0,0,0,0,0,0,0,0,5,0,0,0,0,0,0,0,0,0,0,0
cn,5567b85569d7e,blue,0,0,0,0,0,0,0,0,0,0,0,0,0,0,0,0,0,0,4,0
cn,5567b85569d7e,brown,0,0,0,0,0,0,0,0,0,0,0,0,0,0,0,0,0,0,0,0
cn,5567b85569d7e,green,0,0,0,0,0,0,0,0,0,0,0,0,0,4,0,5,0,0,0,0
cn,5567b85569d7e,grey,0,0,0,0,0,0,5,5,0,0,0,0,0,0,0,0,5,0,0,0
cn,5567b85569d7e,orange,5,0,0,0,0,4,0,0,0,0,0,0,0,0,5,0,0,0,0,0
cn,5567b85569d7e,pink,0,0,0,0,0,0,0,0,0,0,0,0,0,5,5,0,0,0,0,0
cn,5567b85569d7e,purple,5,5,0,0,0,0,0,0,0,0,0,0,0,0,0,0,0,0,0,0
cn,5567b85569d7e,red,0,0,3,0,0,0,0,0,0,0,0,0,0,0,0,0,0,0,0,0
cn,5567b85569d7e,turquoise,0,0,0,0,0,0,0,0,0,0,3,0,0,0,0,0,0,0,0,0
cn,5567b85569d7e,white,0,0,0,0,0,5,0,0,0,0,0,0,0,0,0,0,0,0,0,0
cn,5567b85569d7e,yellow,0,0,0,0,0,0,0,0,0,0,0,5,0,0,0,0,0,0,0,0
cn,5567baa492eaf,black,0,0,5,0,0,0,5,0,5,0,5,0,0,0,0,0,0,0,5,0
cn,5567baa492eaf,blue,0,0,0,0,0,5,0,0,0,0,0,0,0,0,5,0,0,0,0,0
cn,5567baa492eaf,brown,0,0,0,0,4,0,4,4,0,3,0,0,0,0,0,0,3,0,2,4
cn,5567baa492eaf,green,0,5,0,0,0,5,0,0,0,0,0,5,0,0,0,0,0,5,0,0
cn,5567baa492eaf,grey,0,0,0,5,5,0,5,0,0,5,2,0,0,0,0,0,5,5,5,5
cn,5567baa492eaf,orange,0,0,3,0,0,0,0,0,0,0,0,0,0,0,0,5,0,0,0,0
cn,5567baa492eaf,pink,5,5,0,0,0,5,0,0,0,0,0,0,5,5,5,5,0,0,0,0
cn,5567baa492eaf,purple,0,0,5,0,0,0,0,0,3,0,5,0,0,0,0,5,0,0,0,0
cn,5567baa492eaf,red,0,0,5,0,0,5,0,0,0,0,0,0,0,0,0,0,0,0,0,5
cn,5567baa492eaf,turquoise,0,0,0,0,0,0,0,0,0,0,0,4,0,0,4,0,0,0,0,0
cn,5567baa492eaf,white,0,0,0,0,0,0,0,0,0,0,0,0,0,0,0,0,0,0,0,0
cn,5567baa492eaf,yellow,0,4,0,0,0,0,0,0,0,0,0,0,5,0,5,0,0,0,0,0
cn,5567baba40dac,black,0,0,4,0,0,0,0,3,0,0,4,0,0,0,0,0,0,0,3,0
cn,5567baba40dac,blue,4,0,0,0,0,0,0,0,0,0,0,4,0,0,0,0,0,3,0,0
cn,5567baba40dac,brown,0,0,0,0,3,0,0,0,4,0,4,0,0,0,0,0,3,0,3,0
cn,5567baba40dac,green,0,4,0,0,0,0,0,0,0,0,0,4,0,0,0,0,0,0,0,0
cn,5567baba40dac,grey,0,0,3,0,0,0,3,3,0,4,4,0,0,0,0,0,4,0,3,4
cn,5567baba40dac,orange,0,4,0,0,0,4,0,0,0,0,0,0,4,3,0,0,0,0,0,0
cn,5567baba40dac,pink,3,3,0,0,0,0,0,0,0,0,0,4,3,3,0,0,0,0,0,0
cn,5567baba40dac,purple,3,0,0,0,0,0,0,0,0,0,3,0,0,0,0,5,0,0,0,0
cn,5567baba40dac,red,5,5,0,0,0,0,0,0,0,0,0,4,5,5,5,5,0,0,0,0
cn,5567baba40dac,turquoise,0,0,4,0,0,0,0,0,4,3,0,0,0,0,0,0,0,0,0,4
cn,5567baba40dac,white,3,4,0,0,0,0,0,0,0,0,0,0,4,4,0,0,0,0,0,0
cn,5567baba40dac,yellow,0,0,0,0,0,0,0,0,0,0,0,0,4,0,0,4,0,0,0,0
cn,5567bf0967138,black,0,0,3,0,0,0,0,5,0,0,5,0,0,0,0,0,0,0,5,0
cn,5567bf0967138,blue,0,0,0,0,0,0,0,0,0,0,0,0,0,0,0,0,0,0,5,4
cn,5567bf0967138,brown,0,0,0,0,0,0,0,0,0,0,0,0,0,0,0,0,0,0,0,0
cn,5567bf0967138,green,0,0,0,0,0,0,0,0,0,0,0,0,5,0,5,0,0,0,0,0
cn,5567bf0967138,grey,0,0,3,3,3,0,0,0,0,3,3,0,0,0,0,0,0,0,3,0
cn,5567bf0967138,orange,0,0,0,0,0,0,0,0,0,0,0,0,0,3,4,0,3,0,0,0
cn,5567bf0967138,pink,0,4,0,0,0,0,0,0,0,0,0,4,4,0,3,0,0,0,0,0
cn,5567bf0967138,purple,0,0,0,0,0,0,4,0,0,4,0,0,0,0,0,0,3,0,0,0
cn,5567bf0967138,red,0,0,0,0,0,0,0,0,3,0,0,0,0,5,0,0,0,0,0,0
cn,5567bf0967138,turquoise,0,0,0,0,0,0,0,0,0,0,0,0,4,0,4,0,0,0,0,4
cn,5567bf0967138,white,0,0,0,0,0,0,0,0,4,0,0,0,0,5,0,0,0,0,0,0
cn,5567bf0967138,yellow,0,4,0,0,0,5,0,0,0,0,0,0,3,0,0,3,0,0,0,0
cn,5567c095eb7fe,black,0,0,0,0,0,0,0,0,4,0,4,0,0,0,0,0,0,0,0,0
cn,5567c095eb7fe,blue,3,0,0,0,0,3,0,0,0,0,0,0,0,0,0,0,0,0,0,0
cn,5567c095eb7fe,brown,0,0,0,0,0,0,0,0,0,0,0,0,0,0,0,0,0,0,2,0
cn,5567c095eb7fe,green,3,0,0,0,0,3,0,0,0,0,0,0,0,0,0,0,0,0,0,0
cn,5567c095eb7fe,grey,0,0,0,0,0,0,4,0,0,3,0,0,0,0,0,0,0,0,3,0
cn,5567c095eb7fe,orange,0,5,0,0,0,4,0,0,0,0,0,0,5,4,4,0,0,0,0,0
cn,5567c095eb7fe,pink,0,0,0,0,0,0,0,0,0,0,0,0,0,0,4,0,0,0,0,0
cn,5567c095eb7fe,purple,0,0,0,0,0,0,0,0,0,0,0,0,0,4,0,0,0,0,0,0
cn,5567c095eb7fe,red,0,4,0,0,0,0,0,0,0,0,0,4,4,0,4,0,0,0,0,0
cn,5567c095eb7fe,turquoise,0,0,0,0,0,0,0,0,0,0,0,0,0,0,0,0,0,0,0,0
cn,5567c095eb7fe,white,0,0,0,0,0,0,0,0,3,0,0,0,0,0,0,0,0,0,0,0
cn,5567c095eb7fe,yellow,0,0,0,0,0,0,0,0,0,0,0,0,5,0,0,0,0,0,0,0
cn,5567c178ed273,black,0,0,0,0,0,0,0,0,0,0,0,0,0,0,0,0,0,0,0,0
cn,5567c178ed273,blue,0,0,0,0,0,0,0,0,0,0,0,0,0,0,0,0,0,4,0,0
cn,5567c178ed273,brown,0,0,0,0,0,0,0,0,0,0,0,0,0,0,0,0,0,0,0,0
cn,5567c178ed273,green,0,2,0,1,0,1,0,0,0,0,0,0,1,0,1,0,0,2,0,0
cn,5567c178ed273,grey,0,0,0,0,0,0,2,0,0,1,0,0,0,0,0,0,2,0,2,0
cn,5567c178ed273,orange,0,4,0,0,0,2,0,0,0,0,0,3,4,1,3,2,0,0,0,0
cn,5567c178ed273,pink,0,4,0,0,0,0,0,0,0,0,0,4,4,3,4,0,0,0,0,3
cn,5567c178ed273,purple,4,2,0,0,0,2,0,0,0,0,0,0,2,3,2,0,0,0,0,0
cn,5567c178ed273,red,3,5,4,0,0,4,0,0,0,0,0,5,5,5,5,4,0,0,0,0
cn,5567c178ed273,turquoise,0,0,0,0,0,0,0,0,0,0,0,0,0,0,0,0,0,0,0,0
cn,5567c178ed273,white,0,0,0,0,0,0,0,0,0,0,0,0,0,0,0,0,0,0,0,0
cn,5567c178ed273,yellow,1,2,0,0,0,1,0,0,0,0,0,1,2,1,2,3,0,0,0,0
cn,5567c37c5aaca,black,0,0,0,0,0,0,0,0,0,0,5,0,0,0,0,0,0,0,5,0
cn,5567c37c5aaca,blue,0,0,0,4,0,0,0,0,0,0,0,4,0,0,5,0,0,0,4,0
cn,5567c37c5aaca,brown,0,0,0,0,0,0,0,0,0,0,0,0,0,0,0,0,0,0,0,4
cn,5567c37c5aaca,green,0,0,0,0,0,0,0,0,0,0,0,5,5,0,0,0,0,5,0,0
cn,5567c37c5aaca,grey,0,0,0,0,0,0,3,0,0,4,0,0,0,0,0,0,3,0,5,3
cn,5567c37c5aaca,orange,0,5,0,0,0,5,0,0,0,0,0,0,5,0,0,0,0,0,0,0
cn,5567c37c5aaca,pink,0,5,0,0,0,0,0,0,0,0,0,0,5,0,0,0,0,0,0,0
cn,5567c37c5aaca,purple,5,5,0,0,0,0,0,0,0,0,0,0,0,0,0,5,0,0,0,0
cn,5567c37c5aaca,red,0,0,0,0,0,5,0,0,0,0,0,4,0,5,0,0,0,0,0,0
cn,5567c37c5aaca,turquoise,0,0,0,0,0,0,0,0,0,0,0,0,0,0,0,0,0,0,0,3
cn,5567c37c5aaca,white,0,0,0,0,0,0,0,0,0,0,0,0,0,5,0,0,0,0,0,0
cn,5567c37c5aaca,yellow,0,0,0,0,0,0,0,0,0,0,0,0,5,0,0,5,0,0,0,0
cn,556a65a88fa79,black,0,0,0,0,0,0,0,3,3,2,5,0,0,0,0,0,0,0,0,1
cn,556a65a88fa79,blue,0,0,0,0,0,0,0,0,0,5,0,0,0,0,0,0,0,0,5,0
cn,556a65a88fa79,brown,0,0,0,0,0,0,0,0,0,0,0,0,0,0,0,0,0,0,0,0
cn,556a65a88fa79,green,0,0,0,0,0,0,0,0,0,0,0,0,0,0,5,0,0,0,0,0
cn,556a65a88fa79,grey,0,0,0,0,5,0,5,3,4,0,0,0,0,0,0,0,0,0,4,0
cn,556a65a88fa79,orange,0,5,0,0,0,0,0,0,0,0,0,5,0,0,1,0,0,0,0,0
cn,556a65a88fa79,pink,0,0,0,0,0,5,0,0,0,0,0,0,0,5,0,0,0,0,0,0
cn,556a65a88fa79,purple,0,0,0,0,0,0,0,0,0,0,0,0,0,0,0,5,1,0,0,0
cn,556a65a88fa79,red,0,0,5,0,0,0,0,0,5,0,5,0,5,0,0,0,0,0,0,0
cn,556a65a88fa79,turquoise,0,0,0,0,0,0,0,0,0,0,0,0,0,0,0,0,0,0,0,2
cn,556a65a88fa79,white,1,0,0,1,0,2,0,0,0,0,0,0,0,0,0,5,0,0,2,0
cn,556a65a88fa79,yellow,0,0,0,0,0,0,0,0,0,0,0,0,0,0,0,0,0,0,0,0
cn,556a8e3930dae,black,0,0,0,0,0,0,3,0,3,0,0,0,0,0,0,0,0,0,0,0
cn,556a8e3930dae,blue,0,1,0,0,0,0,0,0,0,0,0,0,0,0,1,0,0,0,0,0
cn,556a8e3930dae,brown,0,0,0,0,0,0,0,0,0,0,0,0,0,0,0,0,0,0,0,0
cn,556a8e3930dae,green,0,2,0,0,0,0,0,0,0,0,0,0,0,0,2,0,0,0,0,0
cn,556a8e3930dae,grey,0,0,2,0,0,0,0,2,0,0,0,0,0,0,0,0,0,0,2,0
cn,556a8e3930dae,orange,2,4,0,0,0,0,0,0,0,0,0,0,5,0,4,0,0,0,0,0
cn,556a8e3930dae,pink,0,3,0,0,0,0,0,0,0,0,0,0,0,3,2,0,0,0,0,0
cn,556a8e3930dae,purple,0,0,0,0,0,0,0,0,1,1,0,0,0,0,0,0,0,0,0,0
cn,556a8e3930dae,red,0,0,4,0,0,0,0,0,0,0,0,0,0,4,0,0,0,0,0,0
cn,556a8e3930dae,turquoise,0,0,0,0,0,0,0,0,0,0,0,0,0,0,0,0,0,0,0,0
cn,556a8e3930dae,white,0,0,0,0,0,0,0,0,0,0,0,0,0,0,0,0,0,0,0,0
cn,556a8e3930dae,yellow,0,3,0,0,0,0,0,0,0,0,0,0,2,0,0,0,0,0,0,0
cn,556af18867525,black,0,0,0,0,0,0,0,0,4,4,0,0,0,0,0,0,4,0,5,0
cn,556af18867525,blue,0,0,0,0,0,2,0,0,0,0,0,3,0,0,0,0,0,3,0,0
cn,556af18867525,brown,0,0,0,3,0,0,4,4,0,4,0,0,0,0,0,0,4,0,2,0
cn,556af18867525,green,0,0,0,0,2,0,0,3,0,0,0,4,0,0,0,0,0,5,0,0
cn,556af18867525,grey,0,0,0,0,0,0,2,3,0,0,0,0,0,0,0,0,3,0,4,0
cn,556af18867525,orange,3,0,4,0,0,4,0,0,3,0,0,4,0,0,4,0,0,0,0,0
cn,556af18867525,pink,0,2,0,0,0,4,0,0,0,0,0,4,2,4,3,0,0,0,0,0
cn,556af18867525,purple,3,0,0,3,0,0,0,0,0,0,0,0,0,2,0,3,0,0,3,4
cn,556af18867525,red,4,0,5,0,0,3,0,0,4,0,5,5,4,5,5,0,0,0,0,3
cn,556af18867525,turquoise,0,0,0,0,0,0,0,2,0,0,0,0,0,0,3,0,0,0,0,0
cn,556af18867525,white,0,3,0,0,0,0,0,0,0,0,0,0,0,0,0,0,0,0,0,0
cn,556af18867525,yellow,0,2,0,0,0,4,0,0,0,0,0,4,2,3,4,3,0,0,0,0
cn,556ba8b5609c5,black,0,0,0,0,0,0,0,0,4,0,0,0,0,0,0,0,0,0,0,0
cn,556ba8b5609c5,blue,0,0,0,0,0,0,0,0,0,0,0,0,0,0,0,0,0,0,0,0
cn,556ba8b5609c5,brown,0,0,0,0,0,0,0,0,0,0,0,0,0,0,0,0,0,0,0,0
cn,556ba8b5609c5,green,0,0,0,0,0,0,0,0,0,0,0,0,0,0,0,0,0,0,0,0
cn,556ba8b5609c5,grey,0,0,0,0,0,0,0,0,0,0,0,0,0,0,0,0,0,0,0,0
cn,556ba8b5609c5,orange,0,2,0,0,0,0,0,0,0,0,0,0,2,0,2,0,0,0,0,0
cn,556ba8b5609c5,pink,0,0,0,0,0,0,0,0,0,0,0,0,2,2,2,0,0,0,0,0
cn,556ba8b5609c5,purple,0,0,0,0,0,0,0,0,0,0,0,0,0,0,0,0,0,0,0,0
cn,556ba8b5609c5,red,0,5,4,0,0,0,0,0,2,0,2,0,5,4,5,0,0,0,0,2
cn,556ba8b5609c5,turquoise,0,0,0,0,0,0,0,0,0,0,0,0,0,0,0,0,0,0,0,0
cn,556ba8b5609c5,white,0,0,0,0,0,0,0,0,3,0,0,0,0,0,0,0,0,0,0,0
cn,556ba8b5609c5,yellow,0,3,0,0,0,0,0,0,0,0,0,0,3,0,3,0,0,0,0,0
cn,556c23a9ecd18,black,0,0,0,0,0,0,5,0,0,0,0,0,0,0,0,0,0,0,0,0
cn,556c23a9ecd18,blue,0,0,0,4,0,5,0,0,0,0,0,0,0,0,0,0,0,0,0,0
cn,556c23a9ecd18,brown,0,0,0,0,0,0,0,0,0,0,0,0,0,0,0,0,0,0,4,4
cn,556c23a9ecd18,green,0,4,0,0,0,0,0,0,0,0,0,0,0,0,0,0,0,0,0,0
cn,556c23a9ecd18,grey,0,0,0,5,4,0,0,0,0,0,0,0,0,0,0,0,0,0,0,0
cn,556c23a9ecd18,orange,0,5,0,0,0,0,0,0,0,0,0,0,0,5,0,0,0,0,0,0
cn,556c23a9ecd18,pink,0,0,0,0,0,5,0,0,0,0,0,5,0,0,0,0,0,0,0,0
cn,556c23a9ecd18,purple,0,0,0,0,0,0,0,0,0,0,0,4,0,4,0,0,0,0,0,0
cn,556c23a9ecd18,red,0,0,0,0,5,0,0,0,0,0,0,0,4,0,0,0,0,0,0,0
cn,556c23a9ecd18,turquoise,0,0,0,0,0,0,0,0,0,0,0,0,5,0,0,0,0,0,0,0
cn,556c23a9ecd18,white,0,0,0,0,0,0,0,0,0,0,0,0,0,0,0,0,0,5,0,0
cn,556c23a9ecd18,yellow,0,0,0,0,0,0,0,0,0,0,3,0,4,0,0,0,0,0,0,0
cn,556c77ac497cb,black,0,0,0,0,0,0,3,0,5,0,0,0,0,0,0,0,0,0,4,0
cn,556c77ac497cb,blue,0,0,0,0,0,0,0,0,0,0,0,0,0,3,0,0,0,0,5,0
cn,556c77ac497cb,brown,0,0,3,0,0,0,0,0,0,0,0,0,0,0,0,0,0,0,0,0
cn,556c77ac497cb,green,2,4,0,0,0,0,0,0,0,0,0,0,2,0,0,0,0,0,0,0
cn,556c77ac497cb,grey,0,0,4,0,4,0,4,4,2,0,3,0,0,0,0,0,0,0,0,0
cn,556c77ac497cb,orange,0,4,0,2,0,0,0,0,0,0,0,3,3,3,4,0,0,0,0,0
cn,556c77ac497cb,pink,0,5,0,0,0,3,0,0,0,0,0,3,0,5,0,0,0,0,0,0
cn,556c77ac497cb,purple,0,0,0,0,0,4,0,0,0,0,0,4,0,0,4,3,0,0,0,0
cn,556c77ac497cb,red,4,3,0,0,0,4,0,0,0,0,0,2,4,5,4,5,0,0,0,0
cn,556c77ac497cb,turquoise,5,0,0,0,0,2,0,0,0,0,0,3,0,0,3,0,0,0,0,0
cn,556c77ac497cb,white,0,0,0,0,3,0,0,4,4,0,0,0,3,0,0,0,0,3,0,0
cn,556c77ac497cb,yellow,0,0,0,0,0,0,0,0,0,0,0,2,5,3,0,0,0,0,0,0
cn,556c77f10e569,black,0,0,0,0,0,0,0,0,0,0,0,0,0,0,0,0,0,5,0,0
cn,556c77f10e569,blue,0,0,0,0,0,0,0,0,0,0,0,5,0,0,0,0,0,0,0,0
cn,556c77f10e569,brown,0,0,4,0,0,0,0,0,0,0,0,0,0,0,0,0,3,0,0,0
cn,556c77f10e569,green,0,0,0,0,0,0,0,0,0,0,0,5,0,0,0,0,0,0,0,0
cn,556c77f10e569,grey,0,0,0,0,0,0,0,0,0,4,0,0,0,0,0,0,0,0,0,0
cn,556c77f10e569,orange,0,0,0,0,0,5,0,0,0,0,0,0,0,0,0,0,0,0,0,0
cn,556c77f10e569,pink,0,0,0,0,0,0,0,0,0,0,0,0,0,0,5,0,0,0,0,0
cn,556c77f10e569,purple,0,0,0,0,0,5,0,0,0,0,0,0,0,0,0,0,0,0,0,0
cn,556c77f10e569,red,0,5,0,0,0,0,0,0,0,0,0,0,0,0,0,0,0,0,0,0
cn,556c77f10e569,turquoise,0,0,0,0,5,0,0,0,0,0,0,0,0,0,0,0,0,0,0,0
cn,556c77f10e569,white,0,0,0,0,0,0,0,0,0,0,0,0,0,0,0,0,0,5,0,0
cn,556c77f10e569,yellow,0,0,0,0,0,0,0,4,0,0,0,0,0,0,0,0,0,0,0,0
cn,556c78038111e,black,0,0,0,0,0,0,5,5,5,0,5,0,0,0,0,0,0,0,0,0
cn,556c78038111e,blue,0,0,0,0,0,0,0,0,0,0,0,0,0,0,0,0,0,4,0,0
cn,556c78038111e,brown,0,0,3,0,0,0,4,0,0,0,4,0,0,0,0,0,0,0,0,0
cn,556c78038111e,green,0,5,0,0,0,0,0,0,0,0,0,0,5,0,5,0,0,0,0,0
cn,556c78038111e,grey,0,0,0,0,0,0,5,0,0,4,0,0,0,0,0,0,4,0,5,4
cn,556c78038111e,orange,0,4,0,0,0,0,0,0,0,0,0,0,4,0,0,0,0,0,0,0
cn,556c78038111e,pink,0,3,0,0,0,0,0,0,0,0,0,5,5,5,5,0,0,0,0,0
cn,556c78038111e,purple,0,0,5,0,0,0,0,4,0,0,4,0,0,0,0,0,0,0,0,0
cn,556c78038111e,red,5,5,0,0,0,5,0,0,0,0,0,0,5,5,5,5,0,0,0,0
cn,556c78038111e,turquoise,0,0,0,0,0,0,0,0,0,0,0,0,0,0,5,0,0,4,0,0
cn,556c78038111e,white,0,0,0,0,0,0,0,0,0,0,0,0,0,0,0,0,0,0,5,0
cn,556c78038111e,yellow,0,0,0,0,0,0,0,0,0,0,0,0,0,0,0,0,0,0,0,0
cn,556c84a74512d,black,0,0,0,0,0,0,0,0,5,0,0,0,0,0,0,0,0,0,0,0
cn,556c84a74512d,blue,0,0,0,0,0,0,0,0,0,0,0,0,0,0,0,0,0,0,3,0
cn,556c84a74512d,brown,0,0,0,0,0,0,0,0,0,0,0,0,0,0,0,0,0,3,0,0
cn,556c84a74512d,green,0,0,0,0,0,0,0,0,0,0,0,3,0,0,0,0,0,0,0,0
cn,556c84a74512d,grey,0,0,0,0,4,0,4,0,0,0,0,0,0,0,0,0,0,0,0,0
cn,556c84a74512d,orange,0,0,0,0,0,0,0,0,0,0,0,0,0,0,0,0,0,0,0,4
cn,556c84a74512d,pink,0,0,0,0,0,0,0,0,0,0,0,0,0,0,0,0,0,0,0,3
cn,556c84a74512d,purple,0,0,0,0,0,0,0,0,0,0,0,0,3,0,0,0,0,0,0,0
cn,556c84a74512d,red,0,0,4,0,0,0,0,0,0,0,3,0,0,0,0,0,0,0,0,0
cn,556c84a74512d,turquoise,3,0,0,0,0,3,0,0,0,0,0,0,0,0,0,0,0,0,0,0
cn,556c84a74512d,white,3,0,0,0,0,0,0,0,0,0,0,0,0,0,0,0,0,0,0,0
cn,556c84a74512d,yellow,0,0,0,0,0,0,0,0,0,0,0,0,0,0,4,0,0,0,0,0
cn,556d08568d53e,black,0,0,0,0,0,0,0,0,4,0,0,0,0,0,0,0,0,0,0,0
cn,556d08568d53e,blue,0,0,0,3,0,0,0,0,0,0,0,0,0,0,0,0,0,0,0,0
cn,556d08568d53e,brown,0,0,0,0,0,0,0,0,0,0,0,0,0,0,0,4,0,0,0,0
cn,556d08568d53e,green,0,0,0,0,0,0,0,0,0,0,0,0,0,0,5,0,0,0,0,0
cn,556d08568d53e,grey,0,0,0,0,3,0,0,0,0,0,0,0,0,0,0,0,0,0,0,0
cn,556d08568d53e,orange,0,0,0,0,0,0,0,0,0,0,0,0,0,0,3,0,0,0,0,0
cn,556d08568d53e,pink,0,0,0,0,0,0,0,0,0,0,0,0,0,4,0,0,0,0,0,0
cn,556d08568d53e,purple,0,0,0,0,0,0,0,0,0,0,0,0,0,0,0,4,0,0,0,0
cn,556d08568d53e,red,5,0,0,0,0,0,0,0,0,0,0,0,0,0,0,0,0,0,0,0
cn,556d08568d53e,turquoise,0,0,0,0,0,0,0,0,0,0,0,0,0,0,0,0,0,0,3,0
cn,556d08568d53e,white,0,0,0,0,0,5,0,0,0,0,0,0,0,0,0,0,0,0,0,0
cn,556d08568d53e,yellow,0,0,0,0,0,4,0,0,0,0,0,0,0,0,0,0,0,0,0,0
cn,556d167f6bf20,black,3,0,3,0,0,4,0,0,0,0,3,2,0,0,0,0,0,0,0,0
cn,556d167f6bf20,blue,4,3,0,0,0,4,0,0,0,0,0,4,3,4,4,3,0,4,2,0
cn,556d167f6bf20,brown,0,0,0,0,0,0,0,0,0,0,0,2,0,0,0,0,0,0,0,0
cn,556d167f6bf20,green,0,3,0,0,0,4,0,0,0,0,0,3,4,0,4,0,0,4,0,0
cn,556d167f6bf20,grey,0,0,0,0,0,0,3,0,0,0,0,0,0,0,0,0,0,0,2,0
cn,556d167f6bf20,orange,2,3,3,0,0,0,0,2,0,0,0,0,3,2,2,0,0,0,0,0
cn,556d167f6bf20,pink,4,4,0,0,0,4,0,0,0,0,0,3,4,4,4,0,0,4,0,0
cn,556d167f6bf20,purple,3,3,0,3,0,3,0,0,0,0,0,3,3,3,3,3,0,3,0,0
cn,556d167f6bf20,red,0,0,3,0,0,0,0,0,3,0,3,2,4,4,0,0,0,0,0,0
cn,556d167f6bf20,turquoise,4,0,0,0,0,4,0,0,0,0,0,3,4,0,4,0,0,0,0,0
cn,556d167f6bf20,white,0,0,0,0,0,3,0,0,3,0,0,0,0,0,0,0,0,0,3,0
cn,556d167f6bf20,yellow,3,3,0,0,0,3,0,0,0,0,0,3,3,0,0,0,0,4,0,0
cn,556d1716a0082,black,0,0,2,3,0,0,0,0,2,0,0,0,0,0,0,0,0,0,0,0
cn,556d1716a0082,blue,0,0,0,0,0,0,0,0,0,0,0,0,0,0,0,0,0,0,0,0
cn,556d1716a0082,brown,0,0,0,0,0,0,0,0,0,0,0,0,0,0,0,0,0,0,0,0
cn,556d1716a0082,green,0,4,0,0,0,0,0,0,0,0,0,0,4,0,5,0,0,4,0,0
cn,556d1716a0082,grey,0,0,0,0,0,0,3,0,0,3,0,0,0,0,0,0,0,0,3,0
cn,556d1716a0082,orange,0,5,0,0,0,0,0,0,0,0,0,3,4,0,4,0,0,0,0,0
cn,556d1716a0082,pink,0,4,0,0,0,0,0,0,0,0,0,0,4,5,4,0,0,0,0,0
cn,556d1716a0082,purple,0,0,0,0,0,3,0,0,0,0,0,4,0,0,0,0,0,0,0,0
cn,556d1716a0082,red,0,0,0,0,0,4,0,0,0,0,0,0,0,0,0,4,0,0,0,0
cn,556d1716a0082,turquoise,0,0,0,0,0,0,0,0,0,0,0,0,0,0,0,0,0,0,0,0
cn,556d1716a0082,white,0,0,0,0,0,0,0,0,0,0,0,0,0,0,0,0,0,0,0,0
cn,556d1716a0082,yellow,0,0,0,0,0,0,0,0,0,0,0,4,4,0,0,0,0,0,0,0
cn,556d5cd8f2f84,black,0,0,0,0,0,0,0,0,2,0,0,0,0,0,0,0,0,0,0,0
cn,556d5cd8f2f84,blue,0,0,0,0,0,0,0,0,0,0,0,0,0,0,0,0,0,0,4,0
cn,556d5cd8f2f84,brown,0,0,0,0,0,0,0,0,0,0,0,0,0,0,0,0,0,0,0,0
cn,556d5cd8f2f84,green,0,0,0,0,0,0,0,0,0,0,0,0,0,0,3,0,0,0,0,0
cn,556d5cd8f2f84,grey,0,0,0,0,0,0,0,0,0,0,0,0,0,0,0,0,4,0,0,0
cn,556d5cd8f2f84,orange,0,0,0,0,0,0,0,0,0,0,0,0,0,0,3,0,0,0,0,0
cn,556d5cd8f2f84,pink,0,4,0,0,0,0,0,0,0,0,0,0,0,0,0,0,0,0,0,0
cn,556d5cd8f2f84,purple,3,0,0,0,0,0,0,0,0,0,0,0,0,0,0,0,0,0,0,0
cn,556d5cd8f2f84,red,0,0,0,0,0,0,0,0,0,0,0,0,0,4,0,0,0,0,0,0
cn,556d5cd8f2f84,turquoise,0,0,0,0,0,0,0,0,0,0,0,0,0,0,0,0,0,3,0,0
cn,556d5cd8f2f84,white,0,0,0,0,0,0,0,0,0,0,0,0,0,0,0,0,0,3,0,0
cn,556d5cd8f2f84,yellow,0,0,0,0,0,3,0,0,0,0,0,0,0,0,0,0,0,0,0,0
cn,556e657d392d6,black,0,0,0,0,0,0,3,0,5,0,0,0,0,0,0,0,0,0,0,0
cn,556e657d392d6,blue,0,0,0,0,0,0,5,0,0,0,0,0,0,0,0,0,0,0,3,0
cn,556e657d392d6,brown,0,0,0,0,0,3,0,0,0,0,0,0,0,0,0,5,0,0,0,0
cn,556e657d392d6,green,0,0,0,0,0,0,0,0,0,0,0,0,0,0,0,0,0,0,0,0
cn,556e657d392d6,grey,0,0,0,0,0,0,5,0,0,0,0,0,0,0,0,0,0,0,3,0
cn,556e657d392d6,orange,0,5,0,0,0,0,0,0,0,0,0,5,0,0,0,0,0,0,0,0
cn,556e657d392d6,pink,0,0,0,0,5,0,0,0,0,0,0,0,0,0,0,0,0,0,0,5
cn,556e657d392d6,purple,0,0,0,0,0,0,0,0,0,5,0,0,0,0,0,0,0,0,0,0
cn,556e657d392d6,red,0,5,0,0,0,0,0,0,0,0,0,5,0,0,0,0,0,0,0,0
cn,556e657d392d6,turquoise,0,0,0,0,5,0,0,0,0,0,0,0,0,0,0,0,0,0,0,0
cn,556e657d392d6,white,0,0,0,0,0,0,0,0,0,0,0,0,0,0,0,0,0,0,0,0
cn,556e657d392d6,yellow,0,0,0,0,0,0,0,0,0,0,0,0,0,0,5,0,0,0,0,0
cn,556e7db218ab4,black,0,0,0,0,0,0,0,0,5,0,0,0,0,0,0,0,0,0,0,0
cn,556e7db218ab4,blue,5,5,0,0,0,0,0,0,0,0,0,5,0,0,0,0,0,0,0,0
cn,556e7db218ab4,brown,0,0,0,3,0,0,0,0,0,0,0,3,0,0,0,0,0,0,0,0
cn,556e7db218ab4,green,4,4,0,0,0,0,0,0,0,0,0,0,0,0,0,0,0,0,0,0
cn,556e7db218ab4,grey,0,0,0,0,0,0,5,0,0,0,0,0,0,0,0,0,5,0,0,0
cn,556e7db218ab4,orange,0,0,0,0,0,0,0,0,0,0,0,0,5,0,5,0,0,0,0,0
cn,556e7db218ab4,pink,0,5,0,0,0,5,0,0,0,0,0,0,0,5,0,0,0,0,0,0
cn,556e7db218ab4,purple,0,0,0,5,0,0,0,0,0,0,0,0,0,0,0,0,3,0,0,3
cn,556e7db218ab4,red,0,0,5,0,0,0,0,0,0,0,0,0,0,4,0,0,0,0,0,0
cn,556e7db218ab4,turquoise,0,0,0,0,0,0,0,2,0,0,4,0,0,0,0,0,0,0,0,0
cn,556e7db218ab4,white,0,0,0,0,0,0,0,0,0,0,0,0,0,5,0,5,0,0,0,0
cn,556e7db218ab4,yellow,0,0,0,0,1,5,0,0,0,0,0,0,0,0,0,0,0,0,0,0
cn,5.57E+11,black,0,0,0,0,0,0,0,0,5,0,0,0,0,0,0,5,0,0,0,0
cn,5.57E+11,blue,0,4,0,0,0,0,0,0,0,0,0,0,0,0,0,0,0,0,4,0
cn,5.57E+11,brown,0,0,0,0,0,0,0,4,0,0,0,0,0,0,0,0,0,0,0,0
cn,5.57E+11,green,0,0,0,0,0,0,0,0,0,0,0,0,0,0,5,0,0,5,0,0
cn,5.57E+11,grey,0,0,0,0,0,0,0,0,0,0,0,0,0,0,0,0,0,0,4,0
cn,5.57E+11,orange,0,5,4,0,0,0,0,0,0,0,0,0,0,4,0,0,0,0,0,0
cn,5.57E+11,pink,0,4,0,0,0,0,0,0,0,0,0,0,0,4,0,0,0,0,0,0
cn,5.57E+11,purple,0,0,0,0,0,0,0,0,0,0,0,0,0,0,0,4,3,0,0,0
cn,5.57E+11,red,0,0,5,0,0,0,0,0,0,0,0,0,5,0,0,0,0,0,0,0
cn,5.57E+11,turquoise,0,0,0,0,0,0,4,0,0,0,0,0,0,0,0,0,0,0,0,0
cn,5.57E+11,white,0,0,0,0,0,0,0,0,0,0,0,0,0,0,0,0,0,4,0,0
cn,5.57E+11,yellow,0,0,4,0,0,0,0,0,0,0,0,4,0,0,0,0,0,0,0,0
cn,557e9f863abb9,black,0,0,0,0,0,0,0,5,0,0,0,0,0,0,0,0,0,0,0,0
cn,557e9f863abb9,blue,0,0,0,0,0,0,0,0,0,0,0,0,0,0,0,0,0,5,0,0
cn,557e9f863abb9,brown,0,0,0,0,0,0,0,0,0,0,0,0,0,0,0,0,0,0,0,0
cn,557e9f863abb9,green,4,0,0,0,0,0,0,0,0,0,0,5,0,0,0,0,0,0,0,0
cn,557e9f863abb9,grey,0,0,0,0,0,0,4,0,3,0,4,0,0,0,0,0,0,0,0,0
cn,557e9f863abb9,orange,5,0,0,0,0,5,0,0,0,0,0,0,0,4,0,5,0,0,0,0
cn,557e9f863abb9,pink,4,0,0,0,0,5,0,0,0,0,0,0,0,5,0,0,0,0,0,0
cn,557e9f863abb9,purple,0,0,0,0,0,0,0,0,0,0,0,0,0,0,0,0,0,0,0,0
cn,557e9f863abb9,red,0,0,0,0,0,0,0,0,0,0,0,5,5,0,0,5,0,0,0,0
cn,557e9f863abb9,turquoise,0,0,0,0,0,0,4,0,0,0,0,0,0,0,0,0,0,0,0,0
cn,557e9f863abb9,white,0,0,0,4,0,0,0,0,0,0,0,0,0,0,0,0,0,4,5,0
cn,557e9f863abb9,yellow,0,0,0,0,0,4,0,0,0,0,0,0,5,0,5,0,0,0,0,0
cn,55821cac5da58,black,0,0,0,0,0,0,0,0,5,0,5,0,0,0,0,0,0,0,0,0
cn,55821cac5da58,blue,0,0,0,5,0,0,0,0,0,0,0,0,0,0,0,0,0,0,5,0
cn,55821cac5da58,brown,0,0,0,0,0,5,0,0,0,0,0,0,0,0,0,0,0,0,0,0
cn,55821cac5da58,green,0,5,0,0,0,0,0,0,0,0,0,0,0,0,0,0,0,5,0,0
cn,55821cac5da58,grey,0,0,5,0,0,0,5,0,0,0,0,0,0,0,0,0,0,0,0,0
cn,55821cac5da58,orange,0,0,0,0,0,0,0,0,0,0,0,0,0,0,5,0,0,5,0,0
cn,55821cac5da58,pink,0,5,0,0,0,0,0,0,0,0,0,5,0,0,5,0,0,0,0,0
cn,55821cac5da58,purple,0,0,0,0,0,5,0,0,0,0,0,0,0,0,0,0,0,0,0,0
cn,55821cac5da58,red,0,5,0,0,0,0,0,0,0,0,0,0,5,0,0,0,0,0,0,0
cn,55821cac5da58,turquoise,0,0,0,5,0,0,0,0,0,0,0,0,0,0,0,0,0,0,0,0
cn,55821cac5da58,white,0,0,0,0,0,0,0,0,0,0,0,0,0,0,0,0,0,5,5,0
cn,55821cac5da58,yellow,0,0,0,0,0,0,0,0,0,0,0,0,0,0,5,0,0,0,0,0
cn,55a73e29516bd,black,0,0,0,0,0,0,0,4,5,0,0,0,0,0,0,0,0,0,5,0
cn,55a73e29516bd,blue,0,0,0,0,0,0,0,0,0,0,0,0,0,0,0,0,0,4,0,0
cn,55a73e29516bd,brown,0,0,0,0,0,0,3,0,0,0,0,0,0,0,0,0,4,0,0,4
cn,55a73e29516bd,green,0,0,0,5,5,0,0,0,0,0,0,0,0,0,0,0,0,0,0,0
cn,55a73e29516bd,grey,0,0,0,0,0,0,5,0,0,0,0,0,0,0,0,0,0,0,5,0
cn,55a73e29516bd,orange,0,0,0,0,0,0,0,0,0,0,0,0,0,0,5,0,0,0,0,0
cn,55a73e29516bd,pink,0,5,0,0,0,0,0,0,0,0,0,0,0,5,0,0,0,0,0,0
cn,55a73e29516bd,purple,0,0,0,0,4,0,0,0,0,0,0,0,0,0,0,0,0,0,0,5
cn,55a73e29516bd,red,0,0,5,0,0,0,0,0,0,0,0,0,5,0,0,0,0,0,0,0
cn,55a73e29516bd,turquoise,0,0,4,0,0,0,0,0,0,0,0,0,0,0,0,0,3,0,0,0
cn,55a73e29516bd,white,0,0,0,0,0,0,0,0,0,0,0,0,0,0,0,0,0,0,5,0
cn,55a73e29516bd,yellow,0,0,0,0,0,5,0,0,0,0,0,0,0,0,0,4,0,0,0,0
cn,55a86d07b4836,black,0,0,0,0,0,0,0,0,0,0,0,0,0,0,0,0,0,0,5,0
cn,55a86d07b4836,blue,0,0,0,0,0,0,0,0,0,0,0,0,0,0,0,5,0,0,0,0
cn,55a86d07b4836,brown,0,0,0,0,0,0,0,0,0,5,0,0,0,0,0,0,0,0,0,0
cn,55a86d07b4836,green,0,0,0,0,0,5,0,0,0,0,0,0,0,0,0,0,0,0,0,0
cn,55a86d07b4836,grey,0,0,0,0,0,0,5,0,0,0,0,0,0,0,0,0,0,0,0,0
cn,55a86d07b4836,orange,4,0,0,0,0,0,0,0,0,0,0,0,0,0,0,0,0,0,0,0
cn,55a86d07b4836,pink,0,0,0,0,0,0,0,0,0,0,0,0,0,0,3,0,0,0,0,0
cn,55a86d07b4836,purple,0,0,0,5,0,0,0,0,0,0,0,0,0,0,0,0,0,0,0,0
cn,55a86d07b4836,red,0,0,5,0,0,0,0,0,0,0,0,0,0,0,0,0,0,0,0,0
cn,55a86d07b4836,turquoise,0,0,0,0,0,0,0,0,0,0,0,0,0,0,0,0,0,4,0,0
cn,55a86d07b4836,white,0,0,0,0,0,0,4,0,0,0,0,0,0,0,0,0,0,0,0,0
cn,55a86d07b4836,yellow,0,0,0,0,0,0,0,0,0,5,0,0,0,0,0,0,0,0,0,0
cn,55dfadf23dea4,black,0,0,0,0,0,0,0,0,0,0,0,0,0,0,0,4,0,0,0,0
cn,55dfadf23dea4,blue,0,0,0,0,0,0,0,0,0,0,0,0,0,0,0,0,0,0,4,0
cn,55dfadf23dea4,brown,0,0,0,0,0,0,0,5,0,0,0,0,0,0,0,0,0,0,0,0
cn,55dfadf23dea4,green,0,0,0,0,0,0,0,0,0,0,0,5,0,0,0,0,0,0,0,0
cn,55dfadf23dea4,grey,0,0,0,0,0,0,0,0,0,5,0,0,0,0,0,0,0,0,0,0
cn,55dfadf23dea4,orange,0,0,0,0,0,0,0,0,0,0,0,0,5,0,0,0,0,0,0,0
cn,55dfadf23dea4,pink,0,0,0,0,0,0,0,0,0,0,0,0,0,4,0,0,0,0,0,0
cn,55dfadf23dea4,purple,0,0,0,0,0,0,0,0,0,0,0,0,0,0,0,0,0,0,1,0
cn,55dfadf23dea4,red,0,0,0,0,0,0,0,0,0,0,0,0,0,5,0,0,0,0,0,0
cn,55dfadf23dea4,turquoise,0,0,0,0,0,0,5,0,0,0,0,0,0,0,0,0,0,0,0,0
cn,55dfadf23dea4,white,0,0,0,0,0,0,0,0,0,0,0,0,0,5,0,0,0,0,0,0
cn,55dfadf23dea4,yellow,0,0,0,0,0,0,0,0,0,0,0,0,0,0,0,5,0,0,0,0
cn,55dfc91e61913,black,0,0,0,0,0,0,0,0,0,0,0,0,0,0,0,0,5,0,0,0
cn,55dfc91e61913,blue,0,0,0,0,0,5,0,0,0,0,0,0,0,0,0,0,0,0,0,0
cn,55dfc91e61913,brown,0,0,0,0,0,5,0,0,0,0,0,0,0,0,0,0,0,0,0,0
cn,55dfc91e61913,green,0,0,0,0,0,0,0,0,0,0,0,0,0,0,0,0,0,0,0,0
cn,55dfc91e61913,grey,0,0,0,0,0,0,4,0,0,0,0,0,0,0,0,0,0,0,0,0
cn,55dfc91e61913,orange,0,0,0,0,0,0,0,0,0,0,0,0,0,0,5,0,0,0,0,0
cn,55dfc91e61913,pink,0,0,0,0,0,0,0,0,0,0,0,0,0,3,0,0,0,0,0,0
cn,55dfc91e61913,purple,0,0,0,0,0,4,0,0,0,0,0,0,0,0,0,0,0,0,0,0
cn,55dfc91e61913,red,0,5,0,0,0,0,0,0,0,0,0,0,0,0,0,0,0,0,0,0
cn,55dfc91e61913,turquoise,0,0,0,0,0,0,0,0,0,0,0,0,0,0,0,0,0,0,0,0
cn,55dfc91e61913,white,0,0,0,0,0,0,0,0,0,0,0,0,0,0,0,0,0,3,0,0
cn,55dfc91e61913,yellow,0,0,0,0,0,0,0,0,0,0,0,0,4,0,0,0,0,0,0,0
cn,55e03dbdd12d9,black,0,0,0,0,0,0,0,3,3,0,0,0,0,0,0,0,0,0,0,0
cn,55e03dbdd12d9,blue,0,3,0,0,0,0,0,0,0,0,0,0,4,0,0,0,0,0,0,0
cn,55e03dbdd12d9,brown,0,0,0,0,0,0,0,0,0,0,0,0,0,0,0,0,0,0,0,0
cn,55e03dbdd12d9,green,0,0,0,0,0,0,0,0,0,0,0,5,0,0,0,0,0,0,0,0
cn,55e03dbdd12d9,grey,0,0,0,0,0,0,0,0,0,0,0,0,0,0,0,0,0,0,0,0
cn,55e03dbdd12d9,orange,0,2,0,0,0,0,0,0,0,0,0,0,0,0,3,0,0,0,0,0
cn,55e03dbdd12d9,pink,0,0,0,0,0,2,0,0,0,0,0,4,0,0,4,0,0,0,0,0
cn,55e03dbdd12d9,purple,0,0,0,0,0,0,0,0,0,0,0,0,0,0,0,0,0,0,0,0
cn,55e03dbdd12d9,red,0,0,0,0,0,0,0,0,3,0,0,0,0,0,0,0,0,0,0,0
cn,55e03dbdd12d9,turquoise,0,0,0,0,0,3,0,0,0,0,0,0,0,0,0,0,0,0,0,0
cn,55e03dbdd12d9,white,0,0,0,0,0,0,0,0,0,0,0,0,0,0,0,0,0,0,0,0
cn,55e03dbdd12d9,yellow,0,0,0,0,0,0,0,0,0,0,0,0,0,0,0,0,0,0,0,0
cn,55f28f82146ae,black,0,0,0,0,0,0,0,0,0,0,0,0,0,0,0,0,0,0,0,0
cn,55f28f82146ae,blue,0,0,0,0,0,0,0,0,0,0,0,0,5,0,0,0,0,0,0,0
cn,55f28f82146ae,brown,0,0,0,0,0,0,0,0,0,0,0,0,0,0,0,0,0,0,0,0
cn,55f28f82146ae,green,0,5,0,0,0,5,0,0,0,0,0,5,5,0,5,5,0,0,0,0
cn,55f28f82146ae,grey,0,0,0,0,0,3,5,4,0,0,0,0,0,0,0,0,0,0,0,0
cn,55f28f82146ae,orange,0,0,5,0,0,0,0,0,0,0,5,0,0,0,0,0,0,5,0,0
cn,55f28f82146ae,pink,5,5,0,0,0,5,0,0,0,0,0,0,5,5,5,0,0,0,0,0
cn,55f28f82146ae,purple,5,5,0,0,0,5,0,0,0,0,0,5,5,5,5,0,0,0,0,0
cn,55f28f82146ae,red,0,5,5,0,0,0,0,0,0,0,5,0,5,5,5,5,0,0,0,0
cn,55f28f82146ae,turquoise,5,5,0,0,0,5,0,0,0,0,0,0,4,0,4,0,0,0,0,0
cn,55f28f82146ae,white,0,0,0,0,0,0,0,0,0,5,0,0,0,5,0,0,0,0,0,0
cn,55f28f82146ae,yellow,0,0,0,0,0,0,0,0,0,0,0,5,0,0,0,0,0,0,0,5
cn,566f98219d7f6,black,5,5,2,3,5,4,3,2,2,3,3,3,3,2,5,3,4,5,3,5
cn,566f98219d7f6,blue,2,3,1,2,2,2,3,2,2,2,3,1,1,2,2,1,3,3,3,1
cn,566f98219d7f6,brown,5,5,5,5,5,5,5,5,5,5,5,5,5,5,5,5,5,5,5,5
cn,566f98219d7f6,green,5,5,5,5,5,5,3,4,4,5,4,5,5,5,5,5,4,5,5,5
cn,566f98219d7f6,grey,1,1,2,2,4,1,5,5,4,3,4,1,1,1,1,1,3,2,4,4
cn,566f98219d7f6,orange,4,2,3,3,2,4,4,4,4,4,3,2,3,3,3,2,5,2,4,4
cn,566f98219d7f6,pink,5,3,1,1,1,4,1,1,1,1,1,3,4,5,4,2,1,3,1,1
cn,566f98219d7f6,purple,2,1,1,1,1,1,1,1,1,1,1,1,1,1,1,1,1,1,1,1
cn,566f98219d7f6,red,4,5,2,3,3,3,2,2,2,1,3,5,5,3,5,5,3,2,4,3
cn,566f98219d7f6,turquoise,3,5,3,4,3,4,3,4,3,3,3,4,3,4,4,4,3,4,5,5
cn,566f98219d7f6,white,5,5,5,5,5,5,5,5,5,5,5,5,5,5,5,5,5,5,5,5
cn,566f98219d7f6,yellow,4,4,3,2,2,3,4,3,2,3,3,2,4,3,4,3,4,3,3,2
cn,56bca7fe8fe2c,black,0,0,0,0,0,0,2,0,0,0,0,0,0,0,0,0,0,3,0,0
cn,56bca7fe8fe2c,blue,0,0,0,0,0,0,0,0,0,0,0,0,0,0,4,0,0,3,0,0
cn,56bca7fe8fe2c,brown,0,0,0,0,0,0,0,0,0,0,0,0,0,0,0,0,0,0,0,0
cn,56bca7fe8fe2c,green,3,0,0,0,0,3,0,0,0,0,0,3,0,4,5,0,0,0,0,0
cn,56bca7fe8fe2c,grey,0,0,0,0,0,0,0,0,0,0,0,0,0,0,0,0,0,0,0,0
cn,56bca7fe8fe2c,orange,0,0,0,0,0,3,0,0,0,0,0,5,0,0,4,0,0,0,0,0
cn,56bca7fe8fe2c,pink,5,0,0,0,0,4,0,0,0,0,0,0,0,3,4,0,0,5,0,0
cn,56bca7fe8fe2c,purple,0,4,0,0,0,0,0,0,0,0,0,3,0,0,3,0,0,0,0,0
cn,56bca7fe8fe2c,red,0,5,0,0,0,0,0,0,0,0,0,0,3,0,3,0,0,0,0,0
cn,56bca7fe8fe2c,turquoise,0,0,0,2,0,3,0,0,0,0,0,0,0,0,0,0,0,0,0,0
cn,56bca7fe8fe2c,white,0,0,0,0,0,0,0,0,0,0,0,0,0,0,0,0,0,0,0,0
cn,56bca7fe8fe2c,yellow,0,0,0,0,0,3,0,0,0,0,0,0,0,0,4,0,0,0,0,0
cn,56bdbc02e70fc,black,0,0,0,0,0,0,0,0,3,0,0,0,0,0,0,0,0,0,0,0
cn,56bdbc02e70fc,blue,0,0,0,0,0,3,0,0,0,0,0,0,0,0,0,0,0,0,0,0
cn,56bdbc02e70fc,brown,0,0,0,0,0,0,0,0,0,0,0,0,0,0,0,0,0,3,0,0
cn,56bdbc02e70fc,green,0,0,0,0,0,0,0,0,0,0,0,0,0,3,0,0,0,0,0,0
cn,56bdbc02e70fc,grey,0,0,0,0,0,0,3,0,0,0,0,0,0,0,0,0,0,0,0,0
cn,56bdbc02e70fc,orange,0,0,0,0,0,0,0,0,0,0,0,0,3,0,0,0,0,0,0,0
cn,56bdbc02e70fc,pink,0,3,0,0,0,0,0,0,0,0,0,0,0,0,0,0,0,0,0,0
cn,56bdbc02e70fc,purple,0,0,0,0,0,0,0,0,0,0,0,0,0,0,0,3,0,0,0,0
cn,56bdbc02e70fc,red,0,0,0,0,0,0,0,0,0,0,0,0,0,0,3,0,0,0,0,0
cn,56bdbc02e70fc,turquoise,3,0,0,0,0,0,0,0,0,0,0,0,0,0,0,0,0,0,0,0
cn,56bdbc02e70fc,white,0,0,0,3,0,0,0,0,0,0,0,0,0,0,0,4,0,0,0,0
cn,56bdbc02e70fc,yellow,0,0,0,0,0,0,0,0,0,0,0,0,0,0,0,0,0,0,0,3
cn,56bdbfe03495b,black,0,0,0,0,0,0,0,0,0,0,0,4,0,0,0,0,0,0,0,0
cn,56bdbfe03495b,blue,0,0,0,0,0,0,3,0,0,0,0,0,0,0,0,0,0,0,0,0
cn,56bdbfe03495b,brown,0,0,0,0,0,0,0,0,0,0,0,0,0,0,0,0,0,0,0,0
cn,56bdbfe03495b,green,4,4,0,0,0,0,0,0,0,0,0,0,5,0,5,0,0,0,0,0
cn,56bdbfe03495b,grey,0,0,4,0,0,0,0,5,0,0,0,0,0,0,0,0,0,0,0,0
cn,56bdbfe03495b,orange,0,0,0,0,0,0,0,0,0,0,0,0,0,0,0,0,0,0,0,0
cn,56bdbfe03495b,pink,0,0,0,0,0,0,0,0,0,0,0,5,0,0,0,0,0,0,0,0
cn,56bdbfe03495b,purple,0,0,0,0,0,0,0,0,0,0,0,0,0,0,0,0,1,0,0,0
cn,56bdbfe03495b,red,0,5,0,0,0,0,0,0,0,0,0,5,0,0,0,0,0,0,0,0
cn,56bdbfe03495b,turquoise,0,0,0,0,3,0,0,0,0,0,0,0,0,0,0,0,0,0,0,0
cn,56bdbfe03495b,white,0,0,0,0,0,0,0,0,0,0,0,0,0,4,0,0,0,0,0,0
cn,56bdbfe03495b,yellow,4,0,0,0,0,0,0,0,0,0,0,0,0,0,0,0,0,0,0,0
cn,56bdbfef6ea6b,black,0,0,0,0,0,0,0,0,3,0,0,0,0,0,0,0,0,0,0,0
cn,56bdbfef6ea6b,blue,0,0,0,0,0,0,0,0,0,0,0,0,0,0,0,0,0,0,3,0
cn,56bdbfef6ea6b,brown,0,0,0,0,3,0,0,0,0,0,0,0,0,0,0,0,0,0,0,0
cn,56bdbfef6ea6b,green,0,0,0,0,0,3,0,0,0,0,0,0,0,0,0,0,0,0,0,0
cn,56bdbfef6ea6b,grey,0,0,0,0,0,0,0,3,0,0,0,0,0,0,0,0,0,0,0,0
cn,56bdbfef6ea6b,orange,0,3,0,0,0,0,0,0,0,0,0,0,0,0,0,0,0,0,0,0
cn,56bdbfef6ea6b,pink,0,0,0,0,0,0,0,0,0,0,0,3,0,0,0,0,0,0,0,0
cn,56bdbfef6ea6b,purple,3,0,0,0,0,0,0,0,0,0,0,0,0,0,3,0,0,0,0,0
cn,56bdbfef6ea6b,red,0,0,0,0,0,0,0,0,0,0,0,0,0,3,0,0,0,0,0,0
cn,56bdbfef6ea6b,turquoise,0,0,0,0,0,0,0,0,0,0,0,0,0,0,0,0,0,0,0,0
cn,56bdbfef6ea6b,white,0,0,0,0,0,0,0,0,0,0,0,0,0,0,0,0,0,0,3,0
cn,56bdbfef6ea6b,yellow,0,3,0,0,0,0,0,0,0,0,0,0,0,0,0,0,0,0,0,0
cn,56c5cad2085aa,black,0,0,3,0,3,0,3,3,3,3,3,0,0,0,0,3,3,0,0,3
cn,56c5cad2085aa,blue,0,0,0,0,0,0,0,0,0,0,0,0,0,0,0,0,0,0,0,0
cn,56c5cad2085aa,brown,0,0,0,0,0,0,0,0,0,3,0,0,0,0,0,0,3,0,0,0
cn,56c5cad2085aa,green,0,5,0,3,0,0,0,0,0,0,0,0,3,0,3,0,0,0,0,0
cn,56c5cad2085aa,grey,0,0,3,3,0,0,5,3,3,3,3,0,0,0,0,0,3,0,3,3
cn,56c5cad2085aa,orange,3,0,0,0,0,4,0,0,0,0,0,3,5,0,0,0,0,0,0,0
cn,56c5cad2085aa,pink,0,0,0,0,0,3,0,0,0,0,0,3,0,3,0,0,0,3,0,0
cn,56c5cad2085aa,purple,0,0,0,0,0,0,0,0,0,0,0,0,0,3,0,0,3,0,0,0
cn,56c5cad2085aa,red,5,5,0,0,0,5,0,0,0,0,0,0,5,5,5,3,0,0,0,0
cn,56c5cad2085aa,turquoise,0,0,0,0,0,0,0,5,3,0,0,0,0,0,0,0,3,0,0,0
cn,56c5cad2085aa,white,0,0,3,5,3,0,3,0,0,3,3,0,0,0,0,0,0,0,3,0
cn,56c5cad2085aa,yellow,0,3,0,0,0,3,0,0,0,0,0,5,3,5,3,3,0,0,0,0
cn,56c5cf487b920,black,0,0,0,0,0,0,0,0,0,0,0,0,0,0,0,0,0,0,0,0
cn,56c5cf487b920,blue,4,0,0,0,0,0,0,0,0,0,0,0,0,2,3,0,0,0,0,0
cn,56c5cf487b920,brown,0,0,0,0,0,0,0,0,0,0,0,0,0,0,0,0,0,0,0,0
cn,56c5cf487b920,green,5,0,0,0,0,0,0,0,0,0,0,5,0,0,0,0,0,0,0,0
cn,56c5cf487b920,grey,0,0,0,0,0,0,0,0,2,0,0,0,0,0,0,0,0,0,0,0
cn,56c5cf487b920,orange,0,0,0,0,0,0,0,0,0,0,0,0,0,0,0,4,0,0,0,0
cn,56c5cf487b920,pink,3,0,0,0,0,0,0,0,0,0,0,0,0,0,0,0,0,0,0,0
cn,56c5cf487b920,purple,0,0,0,0,0,0,0,0,0,0,0,0,0,0,0,4,0,0,0,0
cn,56c5cf487b920,red,0,0,0,0,0,0,0,0,0,0,0,0,4,0,0,0,0,0,0,0
cn,56c5cf487b920,turquoise,0,0,0,0,0,0,0,0,0,0,0,4,0,5,0,0,0,0,0,0
cn,56c5cf487b920,white,0,0,0,0,0,0,0,0,0,0,0,0,0,0,0,0,5,0,0,0
cn,56c5cf487b920,yellow,3,0,0,0,0,0,0,0,0,0,0,0,4,0,0,0,0,0,0,0
cn,56c69589443ab,black,0,0,0,0,0,0,0,0,0,0,0,0,0,0,0,0,0,0,0,0
cn,56c69589443ab,blue,0,0,0,0,0,0,0,0,0,0,0,0,0,0,5,0,0,0,0,0
cn,56c69589443ab,brown,0,0,0,0,0,0,0,0,0,0,0,0,0,0,0,0,0,0,0,0
cn,56c69589443ab,green,0,0,0,0,0,0,0,0,0,0,0,0,5,0,0,0,0,0,0,0
cn,56c69589443ab,grey,0,0,0,0,0,0,0,0,0,0,0,0,0,0,0,0,0,0,0,0
cn,56c69589443ab,orange,0,0,0,0,0,3,0,0,0,0,0,0,0,0,0,0,0,0,0,0
cn,56c69589443ab,pink,0,0,0,0,0,0,0,0,0,0,0,0,3,0,0,0,0,0,0,0
cn,56c69589443ab,purple,0,0,0,0,0,3,0,0,0,0,0,0,0,0,0,0,0,0,0,0
cn,56c69589443ab,red,0,4,0,0,0,0,0,0,0,0,0,0,0,0,0,0,0,0,0,0
cn,56c69589443ab,turquoise,0,0,0,0,0,0,0,0,0,0,0,4,0,0,0,0,0,0,0,0
cn,56c69589443ab,white,0,0,0,0,0,0,0,0,0,0,0,0,0,0,0,0,0,4,0,0
cn,56c69589443ab,yellow,4,0,0,0,0,0,0,0,0,0,0,0,0,0,0,0,0,0,0,0
cn,56d25c3d1b9ee,black,0,0,0,0,0,0,0,0,0,0,0,0,0,0,0,0,0,0,5,0
cn,56d25c3d1b9ee,blue,0,5,0,0,0,5,0,0,0,0,0,0,0,0,0,0,0,0,0,0
cn,56d25c3d1b9ee,brown,0,0,0,0,5,0,0,0,0,0,0,0,0,0,0,0,0,0,0,0
cn,56d25c3d1b9ee,green,5,0,0,0,0,5,0,0,0,0,0,0,0,0,0,0,0,0,0,0
cn,56d25c3d1b9ee,grey,0,0,0,0,0,0,5,0,0,0,0,0,0,0,0,0,0,0,0,0
cn,56d25c3d1b9ee,orange,5,0,0,0,0,0,0,0,0,0,0,0,0,0,0,0,0,0,0,0
cn,56d25c3d1b9ee,pink,0,0,0,0,0,0,0,0,0,0,0,0,5,0,5,0,0,0,0,0
cn,56d25c3d1b9ee,purple,5,0,0,0,0,0,0,0,0,0,0,0,0,0,0,0,0,0,0,0
cn,56d25c3d1b9ee,red,0,5,0,0,0,0,0,0,0,0,0,0,5,0,5,0,0,0,0,0
cn,56d25c3d1b9ee,turquoise,0,0,0,0,0,0,0,0,0,0,0,0,0,0,0,0,0,0,0,0
cn,56d25c3d1b9ee,white,0,0,0,0,0,5,0,0,0,0,0,0,0,0,0,0,0,0,0,0
cn,56d25c3d1b9ee,yellow,5,0,0,0,0,0,0,0,0,0,0,0,0,0,0,0,0,0,0,0
cn,56d25d9a3d9ac,black,0,0,0,0,0,0,3,0,3,0,0,0,0,0,0,0,0,0,5,0
cn,56d25d9a3d9ac,blue,4,0,0,0,0,0,0,0,0,0,0,0,4,0,0,0,0,0,0,0
cn,56d25d9a3d9ac,brown,0,0,0,0,0,0,0,0,0,0,0,0,0,0,0,0,0,0,0,0
cn,56d25d9a3d9ac,green,5,0,0,0,0,0,0,0,0,0,0,0,0,0,5,0,0,0,0,0
cn,56d25d9a3d9ac,grey,0,0,0,0,0,0,0,0,0,0,0,0,0,0,0,0,0,0,0,0
cn,56d25d9a3d9ac,orange,3,0,0,0,0,0,0,0,0,0,0,0,0,0,0,0,0,0,0,0
cn,56d25d9a3d9ac,pink,4,0,0,0,0,0,0,0,0,0,0,4,0,2,0,0,0,0,0,0
cn,56d25d9a3d9ac,purple,3,0,0,0,0,0,0,0,0,0,0,0,0,0,0,0,0,0,0,0
cn,56d25d9a3d9ac,red,5,5,0,0,0,0,0,0,0,0,0,0,4,4,5,5,0,0,0,0
cn,56d25d9a3d9ac,turquoise,0,0,0,0,0,0,0,0,0,0,0,0,0,0,0,0,0,0,0,0
cn,56d25d9a3d9ac,white,0,0,0,4,0,0,0,0,0,0,0,0,0,0,0,0,0,0,5,0
cn,56d25d9a3d9ac,yellow,3,0,0,0,0,3,0,0,0,0,0,0,0,0,0,0,0,0,0,0
cn,56d25e0e11621,black,0,0,0,0,0,0,5,0,0,5,0,0,0,0,0,0,2,0,5,0
cn,56d25e0e11621,blue,3,0,0,0,0,0,0,0,0,0,0,0,0,0,5,0,0,5,0,0
cn,56d25e0e11621,brown,0,0,0,0,0,0,4,0,0,0,0,0,0,0,0,0,1,0,5,0
cn,56d25e0e11621,green,0,0,0,0,0,0,0,0,0,0,0,0,0,0,2,0,0,5,0,0
cn,56d25e0e11621,grey,0,0,0,2,0,0,1,0,0,0,0,0,0,0,0,0,0,0,2,0
cn,56d25e0e11621,orange,5,0,0,0,0,5,0,0,0,0,0,0,0,1,0,0,0,0,0,0
cn,56d25e0e11621,pink,0,4,0,0,0,4,0,0,0,0,0,0,0,5,0,0,0,0,0,0
cn,56d25e0e11621,purple,0,0,0,0,0,0,1,0,0,0,0,0,0,0,0,0,5,0,0,3
cn,56d25e0e11621,red,5,5,0,0,0,5,0,0,0,0,0,5,5,0,5,0,0,0,0,0
cn,56d25e0e11621,turquoise,0,0,0,0,0,0,2,0,0,0,0,0,0,0,0,0,3,0,5,0
cn,56d25e0e11621,white,0,0,0,0,0,0,0,0,0,0,0,0,0,0,0,0,0,0,0,0
cn,56d25e0e11621,yellow,0,0,0,1,0,0,0,0,0,1,0,0,0,0,0,0,0,0,0,0
cn,56d25e7e4fd2b,black,0,0,1,4,0,0,0,5,4,0,2,0,0,0,0,0,4,0,5,0
cn,56d25e7e4fd2b,blue,5,5,0,0,0,3,0,0,0,0,0,4,0,5,5,5,0,0,0,0
cn,56d25e7e4fd2b,brown,0,0,3,4,0,0,4,4,5,0,2,0,0,0,0,0,0,0,5,0
cn,56d25e7e4fd2b,green,5,5,0,0,0,4,0,0,0,0,0,5,4,5,5,3,0,0,0,0
cn,56d25e7e4fd2b,grey,0,0,0,0,0,0,5,4,5,5,5,0,0,0,0,0,5,0,0,3
cn,56d25e7e4fd2b,orange,0,0,0,5,0,2,0,0,3,0,0,0,0,0,0,0,0,0,0,4
cn,56d25e7e4fd2b,pink,5,0,0,0,0,0,0,0,0,0,0,0,5,5,5,0,0,0,0,0
cn,56d25e7e4fd2b,purple,0,0,0,0,0,0,5,0,5,0,0,0,0,0,0,0,5,0,0,0
cn,56d25e7e4fd2b,red,5,5,0,0,0,0,0,0,0,0,0,5,5,5,5,5,0,0,0,0
cn,56d25e7e4fd2b,turquoise,0,0,4,0,0,0,0,4,5,0,5,0,0,0,0,0,5,0,5,0
cn,56d25e7e4fd2b,white,0,0,0,0,0,0,5,0,0,3,0,0,0,0,0,0,4,0,5,0
cn,56d25e7e4fd2b,yellow,4,5,0,5,0,4,0,0,0,0,0,0,0,5,3,0,0,0,0,0
cn,56d2628e19ef4,black,0,0,0,0,0,0,4,0,0,0,0,0,0,0,0,0,0,0,0,0
cn,56d2628e19ef4,blue,0,0,0,0,0,3,0,0,0,0,0,0,0,0,0,0,0,4,0,0
cn,56d2628e19ef4,brown,0,0,0,0,0,0,0,0,0,0,0,0,0,0,0,0,0,0,0,0
cn,56d2628e19ef4,green,0,5,0,0,0,0,0,0,0,0,0,0,0,0,0,0,0,0,0,0
cn,56d2628e19ef4,grey,0,0,0,0,0,0,4,0,0,0,0,0,0,0,0,0,0,0,4,0
cn,56d2628e19ef4,orange,4,0,0,0,0,0,0,0,0,0,0,0,0,0,0,0,0,0,0,0
cn,56d2628e19ef4,pink,0,0,0,0,0,0,0,0,0,0,0,0,4,0,4,0,0,0,0,0
cn,56d2628e19ef4,purple,0,0,0,0,0,0,0,0,0,0,0,0,0,0,3,0,0,0,0,0
cn,56d2628e19ef4,red,0,0,0,0,0,0,0,0,0,0,0,0,0,3,3,0,0,0,0,0
cn,56d2628e19ef4,turquoise,0,0,0,0,0,0,4,0,0,0,0,0,0,0,0,0,0,0,4,0
cn,56d2628e19ef4,white,0,0,0,0,0,5,0,0,0,0,0,0,0,0,0,0,0,0,0,0
cn,56d2628e19ef4,yellow,5,0,0,0,0,0,0,0,0,0,0,0,0,0,0,0,0,0,0,0
cn,56d263467dc7f,black,0,0,3,0,0,0,3,4,4,0,3,0,0,0,0,0,0,0,0,0
cn,56d263467dc7f,blue,2,3,0,0,0,0,0,0,0,0,0,5,4,0,3,0,0,0,0,0
cn,56d263467dc7f,brown,0,0,0,0,0,0,0,0,0,0,0,0,0,0,0,0,0,0,0,0
cn,56d263467dc7f,green,5,5,0,0,0,3,0,0,0,0,0,5,4,5,4,0,0,0,0,0
cn,56d263467dc7f,grey,0,0,0,0,2,0,3,3,2,0,1,0,0,0,0,0,0,0,0,0
cn,56d263467dc7f,orange,0,0,0,3,0,0,0,0,0,0,0,0,0,2,0,0,0,0,0,0
cn,56d263467dc7f,pink,0,0,0,0,0,2,0,0,0,0,0,1,0,1,0,0,0,0,0,0
cn,56d263467dc7f,purple,0,0,0,0,0,0,0,0,0,2,0,0,0,0,0,0,3,0,0,0
cn,56d263467dc7f,red,2,4,0,0,0,3,0,0,0,0,0,3,5,5,4,2,0,0,0,0
cn,56d263467dc7f,turquoise,0,0,0,0,0,0,0,0,0,0,0,0,0,0,0,0,0,0,0,0
cn,56d263467dc7f,white,0,0,0,0,0,0,0,0,0,0,0,0,0,0,0,0,0,4,0,0
cn,56d263467dc7f,yellow,0,0,0,0,1,0,2,0,0,0,0,0,0,0,0,0,0,0,0,3
cn,56d26423a0a1a,black,0,0,0,0,0,0,3,5,5,0,5,0,0,0,0,0,0,0,1,0
cn,56d26423a0a1a,blue,0,0,0,0,0,0,0,0,0,4,0,3,0,0,0,0,0,4,0,0
cn,56d26423a0a1a,brown,0,0,0,0,1,5,2,0,0,3,0,0,0,0,0,4,4,0,4,0
cn,56d26423a0a1a,green,3,4,0,1,0,0,0,0,0,0,0,5,0,5,4,0,0,3,0,0
cn,56d26423a0a1a,grey,0,0,0,4,3,0,5,0,0,0,0,0,0,0,0,0,3,5,0,4
cn,56d26423a0a1a,orange,4,5,0,3,0,5,0,0,0,0,0,5,3,0,4,4,0,0,0,0
cn,56d26423a0a1a,pink,4,5,0,3,0,3,0,0,0,0,0,0,0,5,5,3,0,0,0,0
cn,56d26423a0a1a,purple,0,0,0,0,0,0,2,0,1,4,0,2,0,0,0,0,3,0,0,0
cn,56d26423a0a1a,red,3,3,0,0,0,0,0,0,0,0,0,5,5,0,4,0,0,0,0,0
cn,56d26423a0a1a,turquoise,0,0,0,0,4,0,5,3,0,3,0,0,0,0,0,0,4,0,3,1
cn,56d26423a0a1a,white,0,0,0,0,1,0,5,0,0,4,0,0,0,0,0,0,2,3,4,0
cn,56d26423a0a1a,yellow,5,4,0,3,0,0,0,0,0,0,0,5,0,0,5,0,0,0,0,0
cn,56d2696ac8015,black,0,0,0,0,0,0,0,0,0,4,0,0,0,0,0,0,0,0,5,0
cn,56d2696ac8015,blue,5,0,0,4,0,5,0,0,0,0,0,0,0,0,0,0,0,0,0,0
cn,56d2696ac8015,brown,0,0,0,0,0,4,0,0,0,0,0,0,0,0,0,0,0,0,0,0
cn,56d2696ac8015,green,3,0,0,0,0,5,0,0,0,0,0,0,0,0,0,0,0,0,0,0
cn,56d2696ac8015,grey,0,0,0,0,5,0,0,0,0,0,0,0,0,0,0,0,0,0,0,0
cn,56d2696ac8015,orange,0,0,0,4,0,0,0,0,0,0,0,0,0,0,0,0,0,0,0,0
cn,56d2696ac8015,pink,0,0,0,0,0,5,0,0,0,0,0,0,0,0,0,0,0,0,0,0
cn,56d2696ac8015,purple,0,0,0,0,0,0,0,0,0,0,0,0,0,0,5,0,0,0,0,0
cn,56d2696ac8015,red,5,0,0,0,0,5,0,0,0,0,0,0,0,0,0,0,0,0,0,0
cn,56d2696ac8015,turquoise,0,0,0,0,0,0,0,0,0,0,0,0,5,0,0,0,0,0,0,0
cn,56d2696ac8015,white,3,0,0,0,5,5,4,0,0,0,0,0,0,0,0,0,0,0,0,0
cn,56d2696ac8015,yellow,5,0,0,0,0,0,0,0,0,0,0,0,0,0,0,0,0,0,0,0
cn,56d26a2d9c997,black,3,0,0,0,2,0,0,0,5,0,0,4,0,0,0,0,0,0,4,0
cn,56d26a2d9c997,blue,5,0,0,0,0,0,0,0,0,0,0,5,5,5,5,0,0,0,0,0
cn,56d26a2d9c997,brown,0,0,0,0,0,5,0,0,0,0,0,5,0,4,0,0,0,0,0,0
cn,56d26a2d9c997,green,0,0,0,0,0,0,0,0,0,0,0,5,5,0,5,0,0,0,0,0
cn,56d26a2d9c997,grey,0,0,0,0,4,0,0,0,0,0,0,5,0,0,0,0,0,0,0,0
cn,56d26a2d9c997,orange,0,0,0,0,0,0,0,0,0,0,0,5,0,0,0,0,0,0,0,0
cn,56d26a2d9c997,pink,4,0,0,0,0,0,0,0,0,0,0,5,0,5,5,0,0,0,0,0
cn,56d26a2d9c997,purple,4,4,0,0,0,0,0,0,0,0,0,5,5,4,5,0,0,0,0,0
cn,56d26a2d9c997,red,5,5,0,0,0,5,0,0,1,0,0,5,5,5,5,5,0,0,1,0
cn,56d26a2d9c997,turquoise,4,0,0,0,0,0,0,0,0,0,0,5,5,0,0,0,0,0,0,0
cn,56d26a2d9c997,white,0,0,0,0,0,0,3,3,5,0,3,4,0,0,0,0,0,0,0,0
cn,56d26a2d9c997,yellow,2,4,0,0,0,3,0,0,0,0,0,0,0,4,4,0,0,0,0,0
cn,56d26cc2e4f90,black,0,0,0,0,0,0,0,0,0,0,0,0,0,0,0,0,0,0,0,0
cn,56d26cc2e4f90,blue,0,0,0,0,0,4,1,0,0,2,0,0,0,0,0,0,1,4,2,0
cn,56d26cc2e4f90,brown,0,0,2,0,0,0,3,1,0,0,0,0,0,0,0,0,3,0,3,0
cn,56d26cc2e4f90,green,4,0,0,0,0,0,0,0,0,0,0,4,4,4,4,0,0,0,0,0
cn,56d26cc2e4f90,grey,0,0,0,0,2,0,1,1,0,0,0,0,0,0,0,0,0,0,0,0
cn,56d26cc2e4f90,orange,3,0,0,0,0,0,0,0,0,0,0,0,3,3,3,3,0,0,0,0
cn,56d26cc2e4f90,pink,4,4,0,0,0,4,0,0,0,0,0,4,0,4,4,5,0,0,0,0
cn,56d26cc2e4f90,purple,2,0,0,0,0,2,0,0,0,0,0,0,0,2,2,2,0,0,0,0
cn,56d26cc2e4f90,red,5,5,0,0,0,5,0,0,0,0,0,5,5,5,5,5,0,0,0,0
cn,56d26cc2e4f90,turquoise,0,0,0,0,1,0,1,0,0,0,0,0,0,0,0,0,0,1,0,0
cn,56d26cc2e4f90,white,3,0,0,0,0,0,4,0,0,3,0,0,4,4,0,0,0,4,3,0
cn,56d26cc2e4f90,yellow,0,0,0,0,3,0,0,0,0,0,0,0,0,0,0,0,0,0,0,0
cn,56d29fe9a9862,black,0,0,5,0,0,0,0,5,5,0,4,0,0,0,0,0,0,0,0,0
cn,56d29fe9a9862,blue,0,0,0,0,4,0,3,0,0,5,0,0,0,0,0,0,4,0,0,3
cn,56d29fe9a9862,brown,0,0,4,0,0,0,0,4,0,4,4,0,0,0,0,0,0,0,0,0
cn,56d29fe9a9862,green,0,0,0,0,0,0,3,0,0,0,0,0,0,0,0,0,0,4,2,1
cn,56d29fe9a9862,grey,0,0,0,0,5,0,0,4,0,0,0,0,0,0,0,0,4,0,4,4
cn,56d29fe9a9862,orange,3,3,0,0,0,0,3,0,0,3,0,0,3,0,3,0,0,4,0,0
cn,56d29fe9a9862,pink,4,5,0,0,0,4,0,0,0,0,0,0,4,4,5,0,0,0,0,0
cn,56d29fe9a9862,purple,0,0,4,0,0,0,0,4,0,0,4,0,0,0,0,0,0,0,0,0
cn,56d29fe9a9862,red,5,5,0,3,0,5,0,0,0,0,0,5,5,5,5,5,0,0,0,0
cn,56d29fe9a9862,turquoise,0,0,0,0,4,0,4,0,0,5,0,0,0,0,0,0,4,0,4,5
cn,56d29fe9a9862,white,0,0,0,0,0,0,0,0,0,0,0,0,0,0,0,0,0,5,0,0
cn,56d29fe9a9862,yellow,4,4,0,3,0,4,0,0,0,0,0,4,5,4,5,4,0,5,0,0
cn,56d2a02792c40,black,4,0,0,0,0,0,0,0,0,0,0,4,0,0,0,0,0,0,0,0
cn,56d2a02792c40,blue,0,0,0,0,0,0,0,0,0,0,0,5,0,5,0,0,0,0,0,0
cn,56d2a02792c40,brown,5,0,0,0,0,0,0,0,0,0,0,5,0,0,0,0,0,0,0,0
cn,56d2a02792c40,green,0,5,0,0,0,0,0,0,0,0,0,0,0,5,5,0,0,0,0,0
cn,56d2a02792c40,grey,0,0,0,0,1,0,0,1,0,0,0,0,0,0,0,0,0,0,0,0
cn,56d2a02792c40,orange,4,0,0,0,0,0,0,0,0,0,0,5,0,0,0,0,0,0,0,0
cn,56d2a02792c40,pink,0,0,0,0,0,0,0,0,0,0,0,0,4,4,0,0,0,0,0,0
cn,56d2a02792c40,purple,0,0,0,0,0,0,0,0,0,0,0,0,0,4,4,0,0,0,0,0
cn,56d2a02792c40,red,0,0,0,0,0,0,0,0,0,0,0,0,5,5,5,0,0,0,0,0
cn,56d2a02792c40,turquoise,4,5,0,0,0,0,0,0,0,0,0,5,0,0,5,0,0,0,0,0
cn,56d2a02792c40,white,0,0,0,0,0,0,0,0,0,0,0,0,0,5,4,0,0,0,0,0
cn,56d2a02792c40,yellow,5,5,0,0,0,0,0,0,0,0,0,0,0,0,5,0,0,0,0,0
cn,56d2a42ec62f9,black,0,0,0,0,0,0,0,0,0,0,0,0,0,0,0,5,0,3,5,0
cn,56d2a42ec62f9,blue,0,5,0,0,0,0,0,0,0,0,0,0,5,0,5,0,0,0,0,0
cn,56d2a42ec62f9,brown,0,0,0,0,0,0,0,0,0,0,0,0,0,0,0,0,0,0,0,0
cn,56d2a42ec62f9,green,5,5,0,0,0,0,0,0,0,0,0,0,4,0,5,0,0,0,0,0
cn,56d2a42ec62f9,grey,0,0,0,0,2,0,5,4,0,2,0,0,0,0,0,0,5,0,4,1
cn,56d2a42ec62f9,orange,1,4,0,3,0,4,0,0,0,0,0,5,0,0,2,2,0,0,0,0
cn,56d2a42ec62f9,pink,0,5,0,0,0,0,0,0,0,0,0,0,5,0,5,0,0,0,0,0
cn,56d2a42ec62f9,purple,5,0,0,0,0,3,0,0,0,0,0,4,0,0,0,5,0,0,0,0
cn,56d2a42ec62f9,red,0,5,0,0,0,0,0,0,0,0,0,0,5,5,5,4,0,0,0,0
cn,56d2a42ec62f9,turquoise,0,0,0,0,0,0,0,0,0,0,0,0,0,0,0,0,0,0,0,0
cn,56d2a42ec62f9,white,0,0,0,0,0,0,3,0,0,0,0,0,0,0,0,0,0,0,5,0
cn,56d2a42ec62f9,yellow,0,0,0,0,0,4,0,0,0,0,0,0,0,0,0,5,0,0,0,0
cn,56d2a8020d7e1,black,0,0,5,0,0,0,0,5,5,0,5,0,0,0,0,0,0,0,0,0
cn,56d2a8020d7e1,blue,0,0,0,0,0,0,0,0,0,0,0,0,0,0,0,0,0,0,0,0
cn,56d2a8020d7e1,brown,1,1,0,0,0,1,0,0,0,0,0,1,1,1,1,1,0,0,0,0
cn,56d2a8020d7e1,green,2,2,0,0,0,2,0,0,0,0,0,2,2,2,2,2,0,0,0,0
cn,56d2a8020d7e1,grey,0,0,5,0,0,0,4,5,0,0,5,0,0,0,0,0,0,0,0,0
cn,56d2a8020d7e1,orange,4,4,0,0,0,0,0,0,0,0,0,4,4,4,4,4,0,0,0,0
cn,56d2a8020d7e1,pink,4,4,0,0,0,4,0,0,0,0,0,4,4,4,4,0,0,0,0,0
cn,56d2a8020d7e1,purple,4,4,0,0,0,4,0,0,0,0,0,4,4,4,4,0,0,0,0,0
cn,56d2a8020d7e1,red,5,0,0,0,0,5,0,0,0,0,0,5,5,5,5,0,0,0,0,0
cn,56d2a8020d7e1,turquoise,0,0,0,0,0,0,5,5,0,0,5,0,0,0,0,0,0,0,0,0
cn,56d2a8020d7e1,white,0,0,0,0,0,0,0,0,0,0,0,3,0,0,0,0,0,0,0,0
cn,56d2a8020d7e1,yellow,5,0,0,0,0,0,0,0,0,0,0,0,0,5,0,0,0,0,0,0
cn,56d2aab361c53,black,0,0,0,0,3,0,2,0,0,0,0,3,0,0,0,0,3,0,3,3
cn,56d2aab361c53,blue,5,5,0,4,0,5,0,0,0,0,0,5,5,4,5,5,0,0,0,0
cn,56d2aab361c53,brown,0,0,0,0,0,0,0,0,0,0,0,0,0,0,0,0,0,0,0,0
cn,56d2aab361c53,green,3,3,0,4,2,3,0,0,0,0,0,2,4,0,4,0,0,0,0,0
cn,56d2aab361c53,grey,0,2,0,0,3,0,4,0,0,4,0,1,0,0,0,2,5,0,4,4
cn,56d2aab361c53,orange,4,4,0,3,0,4,0,0,0,0,0,4,4,3,4,3,0,0,0,0
cn,56d2aab361c53,pink,3,3,0,4,4,0,3,0,0,0,0,3,4,0,2,0,2,0,0,2
cn,56d2aab361c53,purple,3,4,0,3,0,3,0,0,0,0,0,4,4,4,3,4,0,0,0,0
cn,56d2aab361c53,red,5,5,0,5,0,5,0,0,0,0,0,5,5,4,5,5,0,0,0,0
cn,56d2aab361c53,turquoise,3,3,0,4,0,0,0,0,0,0,0,5,4,4,4,0,0,0,0,0
cn,56d2aab361c53,white,0,0,0,0,3,0,4,3,0,0,0,5,0,0,0,0,0,0,5,4
cn,56d2aab361c53,yellow,4,2,0,3,3,0,0,0,0,0,0,3,4,3,3,0,3,0,0,0
cn,56d2ab49009ab,black,0,0,0,4,0,0,4,0,0,0,0,0,0,0,0,0,0,0,3,0
cn,56d2ab49009ab,blue,4,4,0,0,0,0,0,0,0,0,0,5,0,5,5,5,0,0,0,0
cn,56d2ab49009ab,brown,0,4,0,0,0,0,0,0,0,0,0,0,0,0,0,0,0,0,0,0
cn,56d2ab49009ab,green,0,4,0,0,0,0,0,0,0,0,0,3,0,0,0,0,0,0,0,0
cn,56d2ab49009ab,grey,0,0,0,0,0,0,4,0,0,4,0,0,0,0,0,0,0,0,0,0
cn,56d2ab49009ab,orange,3,3,0,0,0,0,0,0,0,0,0,3,0,0,3,3,0,0,0,0
cn,56d2ab49009ab,pink,0,4,0,0,0,0,0,0,0,0,0,5,3,0,0,4,0,0,0,0
cn,56d2ab49009ab,purple,0,3,0,0,0,0,0,0,0,0,0,3,0,0,0,0,0,0,0,0
cn,56d2ab49009ab,red,4,4,0,0,0,5,0,0,0,0,0,5,5,4,5,4,0,0,0,0
cn,56d2ab49009ab,turquoise,0,0,0,0,0,3,0,0,0,0,0,4,0,4,0,3,0,0,0,0
cn,56d2ab49009ab,white,0,5,0,5,0,5,0,0,0,0,0,4,0,0,0,4,0,0,0,0
cn,56d2ab49009ab,yellow,3,3,0,0,0,4,4,0,0,0,0,4,0,0,0,0,0,0,0,0
cn,56d2ae6574ee1,black,0,0,0,3,0,0,0,0,0,0,0,0,0,0,0,0,0,0,0,0
cn,56d2ae6574ee1,blue,0,0,0,0,0,0,0,0,0,0,0,3,0,0,0,0,0,0,0,0
cn,56d2ae6574ee1,brown,0,0,0,0,0,0,0,0,0,0,0,0,0,0,0,0,0,0,0,0
cn,56d2ae6574ee1,green,0,0,0,0,0,0,0,0,0,0,0,0,0,0,0,0,0,3,0,0
cn,56d2ae6574ee1,grey,0,0,0,0,0,0,0,0,0,0,0,0,0,0,0,0,0,0,0,0
cn,56d2ae6574ee1,orange,0,0,0,0,0,0,0,0,0,0,0,3,0,0,0,0,0,0,0,0
cn,56d2ae6574ee1,pink,0,3,0,0,0,0,0,0,0,0,0,0,0,0,0,0,0,0,0,0
cn,56d2ae6574ee1,purple,0,0,0,0,0,0,0,0,0,0,0,0,0,0,0,0,0,0,0,0
cn,56d2ae6574ee1,red,0,0,0,0,0,0,0,0,0,0,0,0,5,0,0,0,0,0,0,0
cn,56d2ae6574ee1,turquoise,0,0,0,0,0,0,0,0,0,0,0,0,0,0,0,0,0,0,0,0
cn,56d2ae6574ee1,white,0,0,0,0,0,0,0,0,0,0,0,0,0,0,0,0,0,0,0,0
cn,56d2ae6574ee1,yellow,0,0,0,0,0,0,0,0,0,0,0,0,0,0,3,0,0,0,0,0
cn,56d2b0f131d72,black,0,0,5,0,0,0,4,5,5,0,5,0,0,0,0,0,0,0,5,0
cn,56d2b0f131d72,blue,5,4,0,0,0,3,0,0,0,0,0,5,4,5,5,0,0,0,0,0
cn,56d2b0f131d72,brown,3,5,0,3,0,4,0,0,0,0,0,0,5,1,5,5,0,0,0,0
cn,56d2b0f131d72,green,5,5,0,0,0,5,0,0,0,0,0,5,5,5,5,0,0,0,0,0
cn,56d2b0f131d72,grey,0,0,0,0,5,0,5,5,5,0,0,0,0,0,0,0,0,0,4,0
cn,56d2b0f131d72,orange,5,5,0,0,0,3,0,0,0,0,0,5,3,4,4,3,0,0,0,0
cn,56d2b0f131d72,pink,5,5,0,0,0,5,0,0,0,0,0,5,5,5,5,0,0,0,0,0
cn,56d2b0f131d72,purple,3,0,0,2,0,4,0,0,0,0,0,5,5,0,4,0,0,0,0,0
cn,56d2b0f131d72,red,5,5,0,0,0,5,0,0,0,0,0,5,5,5,5,0,0,0,0,0
cn,56d2b0f131d72,turquoise,5,5,0,0,0,5,0,0,0,0,0,4,5,4,5,0,0,0,0,0
cn,56d2b0f131d72,white,0,0,5,0,0,0,4,5,5,0,5,0,0,0,0,0,0,0,5,0
cn,56d2b0f131d72,yellow,5,5,0,0,0,5,0,0,0,0,0,5,5,5,5,0,0,0,0,0
cn,56d2b17bd5c02,black,0,0,5,0,0,0,5,5,5,0,5,0,0,0,0,0,5,0,5,0
cn,56d2b17bd5c02,blue,5,5,0,5,0,5,0,0,0,0,0,5,5,5,5,0,0,0,0,0
cn,56d2b17bd5c02,brown,0,0,0,0,5,0,5,5,0,5,0,0,0,0,0,0,5,0,4,0
cn,56d2b17bd5c02,green,5,5,0,0,0,5,0,0,0,0,0,5,5,5,5,5,0,0,0,0
cn,56d2b17bd5c02,grey,0,0,0,0,0,0,4,5,0,4,0,0,0,0,0,0,0,0,5,0
cn,56d2b17bd5c02,orange,0,0,0,0,5,0,0,0,0,5,0,0,0,0,0,0,5,0,4,5
cn,56d2b17bd5c02,pink,5,5,0,0,0,0,0,0,0,0,0,5,5,5,5,5,0,5,0,0
cn,56d2b17bd5c02,purple,0,0,0,5,0,0,5,5,5,5,5,0,0,0,0,0,5,0,0,0
cn,56d2b17bd5c02,red,5,5,0,0,0,5,0,0,0,0,0,5,5,5,5,5,0,5,0,0
cn,56d2b17bd5c02,turquoise,5,0,0,0,0,5,0,0,0,0,0,5,5,5,5,5,0,5,0,0
cn,56d2b17bd5c02,white,0,0,0,0,0,0,5,5,5,5,0,0,0,0,0,0,5,0,5,5
cn,56d2b17bd5c02,yellow,5,5,0,0,0,5,0,0,0,0,0,5,5,5,5,0,0,5,0,0
cn,56d2b2e8a8513,black,0,0,5,0,0,0,0,0,5,0,5,0,0,0,0,0,0,0,5,0
cn,56d2b2e8a8513,blue,5,4,0,0,0,5,0,0,0,0,0,4,0,0,0,0,0,0,0,0
cn,56d2b2e8a8513,brown,0,0,0,5,0,0,0,0,0,5,0,0,0,0,0,0,5,5,0,0
cn,56d2b2e8a8513,green,5,0,0,0,0,5,0,0,0,0,0,5,0,0,5,0,0,0,0,0
cn,56d2b2e8a8513,grey,0,0,0,0,5,0,5,5,0,0,0,0,0,0,0,0,5,0,0,0
cn,56d2b2e8a8513,orange,5,5,0,0,0,5,0,0,0,0,0,5,0,0,0,0,0,0,0,0
cn,56d2b2e8a8513,pink,5,4,0,0,0,0,0,0,0,0,0,0,0,4,5,0,0,0,0,0
cn,56d2b2e8a8513,purple,3,0,0,2,0,4,0,0,0,0,0,0,0,0,0,4,0,0,0,0
cn,56d2b2e8a8513,red,0,0,0,0,0,0,0,0,0,0,0,0,5,5,5,5,0,0,0,0
cn,56d2b2e8a8513,turquoise,3,0,0,4,0,3,0,0,0,0,0,0,0,0,0,0,0,4,0,0
cn,56d2b2e8a8513,white,5,0,0,0,0,0,0,0,0,0,0,5,0,4,0,0,0,4,0,0
cn,56d2b2e8a8513,yellow,0,5,0,0,0,5,0,0,0,0,0,0,5,0,5,0,0,0,0,0
de,55100740d094a,black,0,0,4,0,0,0,3,0,5,0,0,0,0,0,0,0,2,0,0,0
de,55100740d094a,blue,0,0,0,4,0,0,0,0,0,0,0,4,0,0,0,0,0,0,0,0
de,55100740d094a,brown,0,0,0,0,0,0,4,2,0,0,0,0,0,0,0,0,0,0,0,0
de,55100740d094a,green,0,0,0,0,0,4,0,0,0,0,0,0,0,0,0,0,0,4,0,0
de,55100740d094a,grey,0,0,0,0,2,0,5,0,0,0,0,0,0,0,0,0,0,0,0,0
de,55100740d094a,orange,0,0,0,0,0,0,0,0,0,0,0,0,0,0,0,0,0,0,0,0
de,55100740d094a,pink,0,0,0,0,0,4,0,0,0,0,0,0,2,0,0,0,0,4,0,0
de,55100740d094a,purple,1,4,0,0,0,0,0,0,0,0,0,0,0,0,0,0,0,0,0,0
de,55100740d094a,red,0,0,3,0,0,0,0,0,0,0,0,0,0,0,0,0,0,0,0,0
de,55100740d094a,turquoise,0,0,0,0,0,4,0,0,0,0,0,0,0,0,0,0,0,0,0,0
de,55100740d094a,white,0,0,0,0,0,0,0,0,0,0,0,0,0,0,0,0,0,5,0,0
de,55100740d094a,yellow,3,0,0,0,0,5,0,0,0,0,0,0,0,0,0,4,0,5,0,0
de,551958128fa27,black,0,0,0,0,4,0,0,0,0,4,4,0,0,0,0,0,0,0,5,0
de,551958128fa27,blue,0,0,0,4,0,0,0,0,0,4,0,0,0,0,0,0,4,0,0,0
de,551958128fa27,brown,0,0,0,0,4,0,0,4,0,0,0,0,0,0,0,0,0,0,0,0
de,551958128fa27,green,0,0,0,0,0,0,0,0,0,0,0,3,4,0,4,0,0,0,0,0
de,551958128fa27,grey,0,0,0,0,3,0,4,0,0,0,0,0,0,0,0,0,0,0,0,0
de,551958128fa27,orange,3,0,0,0,0,0,0,0,0,0,0,0,0,0,3,0,0,3,0,0
de,551958128fa27,pink,0,0,0,0,0,2,0,0,0,0,0,0,2,2,0,0,0,0,0,0
de,551958128fa27,purple,0,0,0,0,0,4,0,0,0,0,0,0,0,0,0,0,0,0,0,0
de,551958128fa27,red,0,0,4,0,0,0,0,0,0,0,0,0,0,4,0,4,0,0,0,0
de,551958128fa27,turquoise,0,0,0,0,0,0,0,0,0,0,0,0,0,0,3,4,0,0,0,0
de,551958128fa27,white,0,0,0,0,0,0,0,0,0,0,0,0,0,0,0,0,0,0,0,0
de,551958128fa27,yellow,0,0,0,0,0,4,0,0,0,0,0,0,4,0,0,0,0,0,0,0
de,552e17e016f01,black,3,3,1,0,0,4,0,0,0,0,1,0,0,0,4,4,0,0,0,0
de,552e17e016f01,blue,2,0,0,0,0,0,0,0,0,0,0,0,0,0,0,0,0,0,0,0
de,552e17e016f01,brown,0,0,0,0,0,0,0,4,0,0,0,0,0,0,0,0,2,0,0,0
de,552e17e016f01,green,0,0,0,0,0,3,0,0,0,0,0,0,0,3,2,0,0,0,0,0
de,552e17e016f01,grey,0,0,0,0,0,0,0,0,0,0,0,0,0,0,0,0,0,0,0,0
de,552e17e016f01,orange,0,2,0,0,0,0,0,0,0,0,0,0,0,0,2,0,0,2,0,0
de,552e17e016f01,pink,0,0,0,0,4,0,3,4,2,0,0,0,0,0,0,0,0,0,0,4
de,552e17e016f01,purple,0,0,0,4,0,0,0,0,0,0,0,0,5,3,5,3,0,0,2,0
de,552e17e016f01,red,0,0,0,0,0,3,0,0,0,0,0,0,5,4,5,0,0,0,0,1
de,552e17e016f01,turquoise,0,0,0,0,0,0,0,0,0,0,0,0,0,0,0,0,0,0,0,0
de,552e17e016f01,white,0,0,0,0,0,0,0,0,0,0,0,0,0,0,0,0,0,0,0,0
de,552e17e016f01,yellow,0,0,0,0,0,4,0,0,0,0,0,0,3,0,0,2,0,0,0,0
de,55436b7d57487,black,0,0,0,0,0,0,0,0,4,4,4,0,0,0,0,0,0,0,5,0
de,55436b7d57487,blue,0,0,0,0,0,0,0,0,0,0,0,0,0,0,4,4,0,3,0,0
de,55436b7d57487,brown,0,0,0,0,0,0,0,0,0,0,0,0,0,0,0,0,0,0,0,0
de,55436b7d57487,green,0,0,0,0,0,5,0,0,0,0,0,0,0,0,0,0,0,0,0,0
de,55436b7d57487,grey,0,0,0,0,0,0,4,0,0,0,0,0,0,0,0,0,0,0,0,0
de,55436b7d57487,orange,0,0,0,0,0,0,0,0,0,0,0,0,5,0,5,0,0,0,0,0
de,55436b7d57487,pink,0,5,0,0,0,5,0,0,0,0,0,0,5,0,5,0,0,0,0,0
de,55436b7d57487,purple,4,0,0,0,0,0,0,0,0,0,0,0,4,0,0,0,0,0,0,0
de,55436b7d57487,red,0,0,0,0,5,0,0,0,5,0,0,0,0,5,0,0,0,0,0,0
de,55436b7d57487,turquoise,0,3,0,0,0,0,0,0,0,0,0,3,4,0,0,0,0,0,0,0
de,55436b7d57487,white,0,0,0,0,0,4,0,0,0,0,0,5,0,0,0,4,0,5,0,0
de,55436b7d57487,yellow,0,0,0,0,0,0,0,5,0,0,0,0,0,0,0,0,0,0,0,0
de,55436e2b2067c,black,0,0,0,0,0,0,0,0,0,3,0,0,0,0,0,0,0,0,5,0
de,55436e2b2067c,blue,0,0,0,3,0,0,0,0,0,0,0,2,0,0,0,0,0,0,0,0
de,55436e2b2067c,brown,0,0,0,0,0,0,0,0,0,0,0,0,0,0,0,0,0,0,0,0
de,55436e2b2067c,green,0,0,0,0,0,0,0,0,0,0,0,0,0,0,0,0,0,0,0,0
de,55436e2b2067c,grey,0,0,0,0,0,0,3,0,0,0,0,0,0,0,0,0,3,0,0,0
de,55436e2b2067c,orange,0,0,0,0,0,0,0,0,0,0,0,0,0,0,3,0,0,0,0,0
de,55436e2b2067c,pink,0,0,0,0,0,1,0,0,0,0,0,0,0,0,0,0,0,0,0,0
de,55436e2b2067c,purple,0,0,0,0,0,0,3,0,0,0,0,0,0,0,0,0,0,0,0,3
de,55436e2b2067c,red,0,0,0,0,0,0,0,0,0,0,0,0,0,5,0,0,0,0,0,0
de,55436e2b2067c,turquoise,0,0,0,0,0,0,0,0,0,0,0,2,0,0,0,0,0,0,0,0
de,55436e2b2067c,white,0,0,0,0,0,0,0,0,0,0,0,0,0,0,0,0,0,0,0,0
de,55436e2b2067c,yellow,0,0,0,0,0,0,0,0,0,0,0,0,4,0,0,0,0,0,0,0
de,55437867b93a5,black,0,0,0,0,0,0,0,0,0,5,0,0,0,0,0,0,0,0,5,0
de,55437867b93a5,blue,0,0,0,0,0,5,0,0,0,0,0,5,0,0,4,0,0,3,0,0
de,55437867b93a5,brown,0,0,0,0,0,0,0,0,0,3,0,0,0,0,0,0,4,0,3,0
de,55437867b93a5,green,0,0,0,0,0,5,0,0,0,0,0,4,3,0,0,0,0,4,0,0
de,55437867b93a5,grey,0,0,0,0,0,0,0,0,0,0,0,0,0,0,0,0,5,0,5,3
de,55437867b93a5,orange,0,0,0,0,0,4,0,0,0,0,0,0,4,0,4,0,0,0,0,0
de,55437867b93a5,pink,0,0,0,3,0,4,0,0,0,0,0,0,0,4,0,0,0,0,0,0
de,55437867b93a5,purple,0,0,0,0,0,0,0,0,0,0,0,3,0,0,0,3,0,0,2,0
de,55437867b93a5,red,0,0,0,0,3,0,0,0,0,0,4,0,0,4,0,4,0,0,0,0
de,55437867b93a5,turquoise,3,0,0,0,0,5,0,0,0,0,0,4,0,0,4,0,0,5,0,0
de,55437867b93a5,white,5,0,0,0,0,5,0,0,0,0,0,0,0,0,0,5,0,4,0,0
de,55437867b93a5,yellow,0,0,0,0,0,0,0,0,0,0,0,3,4,0,4,0,0,2,0,0
de,554384cb0cb91,black,0,0,0,0,0,0,0,0,3,0,3,0,0,0,0,3,0,0,4,0
de,554384cb0cb91,blue,0,0,0,0,0,5,0,0,0,0,0,0,2,0,0,0,0,4,0,0
de,554384cb0cb91,brown,0,0,2,0,4,0,0,4,0,3,3,0,0,0,0,0,0,0,0,0
de,554384cb0cb91,green,0,0,0,0,0,2,0,0,0,0,0,0,3,0,3,3,2,0,0,0
de,554384cb0cb91,grey,0,0,0,0,0,0,0,0,0,3,0,0,0,0,0,0,3,0,0,0
de,554384cb0cb91,orange,0,0,3,0,0,0,0,0,0,0,3,0,3,0,4,0,0,0,0,0
de,554384cb0cb91,pink,0,0,0,0,0,0,0,3,0,0,0,0,0,2,0,0,0,0,0,2
de,554384cb0cb91,purple,0,0,0,0,0,0,0,0,0,0,0,0,0,0,0,0,0,0,0,0
de,554384cb0cb91,red,0,0,4,0,0,0,0,0,2,0,0,0,0,3,0,3,0,0,0,0
de,554384cb0cb91,turquoise,0,0,0,0,0,3,0,0,0,0,0,0,0,0,3,0,0,0,0,0
de,554384cb0cb91,white,2,0,0,2,0,0,0,0,0,0,0,0,3,0,0,3,0,0,0,0
de,554384cb0cb91,yellow,0,0,0,0,0,0,0,0,0,0,0,0,4,0,4,0,0,0,0,0
de,55438e194bf71,black,0,0,0,0,0,0,0,0,0,0,0,0,0,0,0,0,0,0,4,0
de,55438e194bf71,blue,0,0,0,0,0,0,0,0,0,0,0,3,0,0,0,0,0,0,0,0
de,55438e194bf71,brown,0,0,0,0,0,0,0,3,0,0,0,0,0,0,0,0,0,0,0,0
de,55438e194bf71,green,0,0,0,0,0,0,0,0,0,0,0,0,0,0,4,0,0,0,0,0
de,55438e194bf71,grey,0,0,0,0,0,0,0,0,0,0,0,0,0,0,0,0,3,0,0,0
de,55438e194bf71,orange,0,4,0,0,0,0,0,0,0,0,0,0,0,0,0,0,0,0,0,0
de,55438e194bf71,pink,0,4,0,0,0,0,0,0,0,0,0,0,0,0,0,0,0,0,0,0
de,55438e194bf71,purple,3,0,0,0,0,0,0,0,0,0,0,0,0,0,0,0,0,0,0,0
de,55438e194bf71,red,0,0,0,0,0,0,0,0,0,0,0,0,0,5,0,0,0,0,0,0
de,55438e194bf71,turquoise,0,0,0,0,0,2,0,0,0,0,0,0,0,0,0,0,0,0,0,0
de,55438e194bf71,white,0,0,0,0,0,0,0,0,0,0,0,0,0,0,0,0,0,3,0,0
de,55438e194bf71,yellow,0,0,0,0,0,0,0,0,0,0,0,0,4,0,0,0,0,0,0,0
de,55449bf8efd4f,black,0,0,0,0,1,0,2,0,2,4,5,0,0,0,0,0,0,0,5,0
de,55449bf8efd4f,blue,0,0,0,0,0,0,0,0,0,0,0,0,0,0,0,0,3,0,0,0
de,55449bf8efd4f,brown,0,0,0,0,0,0,0,0,0,0,0,0,0,0,0,0,0,0,0,0
de,55449bf8efd4f,green,0,0,0,0,0,5,0,0,0,0,0,4,4,0,4,0,0,5,0,0
de,55449bf8efd4f,grey,0,0,0,0,0,0,5,0,4,0,0,0,0,0,0,0,4,0,0,0
de,55449bf8efd4f,orange,0,3,0,0,0,0,0,0,0,0,0,0,2,0,2,0,0,0,0,0
de,55449bf8efd4f,pink,0,0,0,0,0,0,0,0,0,0,0,0,0,4,2,0,0,0,0,0
de,55449bf8efd4f,purple,0,0,0,5,0,0,0,0,0,0,0,0,0,0,0,0,0,0,0,2
de,55449bf8efd4f,red,0,0,0,0,4,0,0,0,0,0,3,0,0,4,0,0,0,0,0,1
de,55449bf8efd4f,turquoise,0,3,0,0,0,2,0,0,0,0,0,0,4,0,0,0,0,0,0,0
de,55449bf8efd4f,white,4,0,0,0,0,4,0,0,0,0,0,4,0,0,0,0,0,5,0,0
de,55449bf8efd4f,yellow,0,0,0,0,3,0,0,0,0,0,0,0,2,0,0,0,0,0,0,0
de,554643c323839,black,0,0,0,0,5,0,0,0,5,0,5,0,0,0,0,0,0,0,4,0
de,554643c323839,blue,0,0,0,0,0,0,0,0,0,0,0,0,5,0,0,0,0,5,0,0
de,554643c323839,brown,0,0,0,0,0,0,0,0,0,0,0,0,0,0,0,0,0,0,0,0
de,554643c323839,green,0,0,0,0,0,4,0,0,0,0,0,0,4,0,0,0,0,0,0,0
de,554643c323839,grey,0,0,0,0,0,0,3,0,0,0,0,0,0,0,0,0,0,0,0,2
de,554643c323839,orange,0,3,0,0,0,3,0,0,0,0,0,0,3,0,3,0,0,0,0,0
de,554643c323839,pink,0,3,0,0,0,2,0,0,0,0,0,0,2,3,2,0,0,2,0,0
de,554643c323839,purple,0,0,0,0,0,5,0,0,0,0,0,0,0,0,0,0,0,0,0,0
de,554643c323839,red,0,0,0,0,0,0,0,0,0,0,5,0,0,4,0,0,0,0,0,0
de,554643c323839,turquoise,0,4,0,0,0,4,0,0,0,0,0,0,5,0,0,0,0,0,0,0
de,554643c323839,white,0,0,0,0,0,0,0,0,0,0,0,0,0,0,0,0,0,4,0,0
de,554643c323839,yellow,0,1,0,0,0,0,0,3,0,0,0,0,0,0,1,0,0,0,0,0
de,5547118b66f16,black,0,0,0,0,0,0,5,0,5,0,0,0,0,0,0,0,0,0,5,0
de,5547118b66f16,blue,0,0,0,4,0,4,0,0,0,0,0,0,0,0,0,0,0,0,0,0
de,5547118b66f16,brown,0,0,0,0,0,0,0,3,0,5,0,0,0,0,0,0,0,0,0,0
de,5547118b66f16,green,0,0,0,0,0,0,0,0,0,0,0,5,0,0,0,5,0,0,0,0
de,5547118b66f16,grey,0,0,0,0,0,0,0,0,0,0,4,0,0,0,0,0,4,0,0,0
de,5547118b66f16,orange,0,0,0,0,0,5,0,0,0,0,0,0,5,5,0,0,0,0,0,0
de,5547118b66f16,pink,0,3,0,4,0,0,0,0,0,0,0,0,0,0,4,0,0,0,0,0
de,5547118b66f16,purple,0,0,3,3,0,0,0,0,0,0,0,0,0,0,0,0,0,0,0,0
de,5547118b66f16,red,0,0,0,0,0,0,0,0,4,0,0,0,5,5,0,0,0,0,0,0
de,5547118b66f16,turquoise,0,0,0,0,0,5,0,0,0,0,0,0,5,0,0,0,0,0,0,0
de,5547118b66f16,white,4,0,0,0,0,0,0,0,0,0,0,0,0,0,0,0,0,5,0,0
de,5547118b66f16,yellow,5,0,0,0,0,0,0,0,0,0,0,5,0,0,0,0,0,0,0,0
de,554889b4bef45,black,0,0,5,0,5,0,0,0,0,0,5,0,0,0,0,0,0,0,0,0
de,554889b4bef45,blue,0,0,0,0,0,0,0,0,0,0,0,0,0,0,0,5,0,0,0,0
de,554889b4bef45,brown,4,0,0,0,0,5,0,0,0,0,0,0,0,0,0,0,0,0,0,0
de,554889b4bef45,green,0,0,0,0,0,0,0,0,0,0,0,0,0,0,0,0,4,0,5,0
de,554889b4bef45,grey,0,0,0,0,0,0,0,0,0,4,0,0,0,0,0,0,4,0,5,0
de,554889b4bef45,orange,0,0,0,0,0,0,5,0,0,0,0,0,0,0,0,0,0,0,0,4
de,554889b4bef45,pink,0,0,0,0,0,4,0,0,0,0,0,0,5,0,4,0,0,0,0,0
de,554889b4bef45,purple,0,0,0,0,0,5,0,0,0,0,0,0,0,0,0,0,0,4,0,0
de,554889b4bef45,red,0,0,0,0,0,0,0,0,5,0,0,0,0,0,0,0,0,0,0,0
de,554889b4bef45,turquoise,0,0,0,0,0,0,0,0,0,0,0,0,0,0,0,0,0,5,0,0
de,554889b4bef45,white,0,0,0,5,0,0,0,0,0,0,0,0,0,0,0,0,0,4,0,0
de,554889b4bef45,yellow,0,0,0,0,0,0,5,4,0,0,0,0,0,0,0,0,0,0,0,4
de,5548d31c7f39c,black,0,0,5,0,0,0,0,4,0,4,5,0,0,0,0,0,3,0,5,0
de,5548d31c7f39c,blue,1,0,0,0,0,3,0,0,0,0,0,3,0,0,0,3,0,0,0,0
de,5548d31c7f39c,brown,0,0,1,0,2,0,1,2,1,0,1,0,0,0,0,0,0,0,0,1
de,5548d31c7f39c,green,0,2,0,0,0,2,0,0,0,0,0,4,2,0,2,0,0,4,0,0
de,5548d31c7f39c,grey,0,0,2,0,2,0,0,0,0,3,2,0,0,0,0,0,3,0,3,0
de,5548d31c7f39c,orange,0,2,0,0,0,0,0,0,1,0,0,2,4,0,4,0,0,2,0,0
de,5548d31c7f39c,pink,0,0,0,0,0,0,0,0,0,0,0,0,0,0,0,0,0,0,0,0
de,5548d31c7f39c,purple,0,0,0,0,0,0,0,0,0,0,0,0,0,0,0,0,0,2,0,0
de,5548d31c7f39c,red,0,0,0,0,0,0,0,0,3,0,0,0,2,5,3,0,0,0,0,0
de,5548d31c7f39c,turquoise,0,0,0,0,0,2,0,0,0,0,0,0,0,0,2,0,0,3,0,0
de,5548d31c7f39c,white,0,0,0,0,0,0,0,0,0,0,0,0,0,0,0,0,0,5,0,0
de,5548d31c7f39c,yellow,0,2,0,0,0,1,0,0,0,0,0,2,4,0,4,0,0,0,0,0
de,5548f374453e9,black,0,0,0,0,0,0,0,0,0,0,0,0,0,0,0,0,0,0,3,0
de,5548f374453e9,blue,0,0,0,0,0,2,0,0,0,0,0,0,0,0,0,0,0,0,0,0
de,5548f374453e9,brown,0,0,0,0,1,0,0,1,0,0,0,0,0,0,0,0,0,0,0,0
de,5548f374453e9,green,0,0,0,0,0,3,0,0,0,0,0,1,2,0,2,0,0,0,0,0
de,5548f374453e9,grey,0,0,0,0,0,0,0,0,0,0,0,0,0,0,0,0,0,0,0,0
de,5548f374453e9,orange,0,0,0,0,0,1,0,0,0,0,0,0,3,0,3,0,0,0,0,0
de,5548f374453e9,pink,0,2,0,0,0,0,0,0,0,0,0,0,0,0,0,0,0,0,0,0
de,5548f374453e9,purple,0,0,0,0,0,0,0,0,0,0,0,0,3,0,3,0,0,0,0,0
de,5548f374453e9,red,0,0,3,0,0,4,0,0,0,0,0,0,0,5,0,0,0,0,0,2
de,5548f374453e9,turquoise,0,0,0,0,0,0,0,0,0,0,0,0,1,0,1,0,0,0,0,0
de,5548f374453e9,white,0,0,0,0,0,0,0,0,0,0,0,0,0,0,0,0,0,0,0,0
de,5548f374453e9,yellow,0,0,0,0,0,0,0,1,0,0,0,0,2,0,2,0,0,0,0,0
de,5548fbbd74a70,black,0,0,0,0,0,0,0,0,0,0,0,0,0,0,0,0,0,0,5,0
de,5548fbbd74a70,blue,0,0,0,0,0,0,0,0,0,0,0,0,0,0,0,0,0,0,0,0
de,5548fbbd74a70,brown,0,0,0,0,0,0,0,0,0,0,5,0,0,0,0,0,0,0,0,0
de,5548fbbd74a70,green,0,0,0,0,0,0,0,0,0,0,0,5,0,0,5,0,0,5,0,0
de,5548fbbd74a70,grey,0,0,0,0,0,0,3,0,0,0,0,0,0,0,0,0,1,0,0,0
de,5548fbbd74a70,orange,0,0,0,0,0,0,0,0,0,0,0,0,0,0,0,0,0,0,0,0
de,5548fbbd74a70,pink,0,0,0,0,0,0,0,0,0,0,0,0,0,4,0,0,0,0,0,0
de,5548fbbd74a70,purple,0,0,0,0,0,0,0,0,0,0,0,0,5,0,0,0,0,0,0,0
de,5548fbbd74a70,red,0,0,5,0,0,0,0,0,0,0,0,0,0,3,0,0,0,0,0,0
de,5548fbbd74a70,turquoise,0,0,0,0,0,0,0,0,0,0,0,0,0,0,0,0,0,0,0,0
de,5548fbbd74a70,white,0,0,0,0,0,0,0,0,0,0,0,0,0,0,0,0,0,0,0,0
de,5548fbbd74a70,yellow,3,0,0,0,0,3,0,0,0,0,0,0,5,0,0,0,0,0,0,0
de,55491e7e6038f,black,0,0,0,0,0,0,0,0,0,0,0,0,0,0,0,5,0,0,5,0
de,55491e7e6038f,blue,0,0,2,0,0,0,2,0,0,0,0,0,0,0,0,0,0,0,0,0
de,55491e7e6038f,brown,0,0,0,0,4,0,0,0,0,0,5,0,0,0,0,0,0,0,0,4
de,55491e7e6038f,green,0,0,0,0,0,5,0,3,0,0,0,4,4,0,0,0,0,0,0,0
de,55491e7e6038f,grey,0,0,0,0,0,0,4,0,0,0,0,0,0,0,0,0,0,0,0,0
de,55491e7e6038f,orange,0,0,0,0,0,3,0,0,0,0,0,3,5,0,0,0,0,0,0,0
de,55491e7e6038f,pink,0,5,0,0,0,0,0,0,0,0,0,0,0,0,3,0,0,0,0,0
de,55491e7e6038f,purple,0,0,0,0,0,0,0,0,0,0,0,4,0,0,0,0,0,0,0,0
de,55491e7e6038f,red,0,0,3,0,0,0,0,0,0,0,0,0,0,4,0,5,0,0,0,0
de,55491e7e6038f,turquoise,0,0,0,0,0,0,0,0,0,0,0,0,0,0,0,0,0,3,0,0
de,55491e7e6038f,white,0,0,0,0,0,5,0,0,0,0,0,0,0,0,0,0,0,0,0,0
de,55491e7e6038f,yellow,0,0,0,0,0,0,0,0,0,0,0,0,4,0,0,0,0,0,0,0
de,554a1ba540ca2,black,0,0,0,0,0,0,0,0,0,0,0,0,0,0,0,5,0,0,5,0
de,554a1ba540ca2,blue,0,0,0,0,0,0,0,0,0,0,0,0,0,5,0,0,0,5,0,0
de,554a1ba540ca2,brown,0,0,0,2,0,0,0,0,0,0,0,0,0,0,0,0,0,0,0,0
de,554a1ba540ca2,green,0,5,0,5,0,0,0,0,0,0,0,0,0,0,0,0,0,5,0,0
de,554a1ba540ca2,grey,0,0,0,0,5,0,5,0,0,0,0,0,0,0,0,0,5,0,0,0
de,554a1ba540ca2,orange,0,5,0,0,0,0,0,0,0,0,0,3,0,0,0,0,0,0,0,0
de,554a1ba540ca2,pink,0,0,0,0,0,0,0,0,0,0,0,5,5,0,0,0,0,5,0,0
de,554a1ba540ca2,purple,0,0,0,0,0,0,0,0,0,0,0,0,0,0,5,0,0,5,0,0
de,554a1ba540ca2,red,3,0,0,0,0,0,0,0,0,0,0,0,5,5,0,5,0,0,0,0
de,554a1ba540ca2,turquoise,0,5,0,0,0,0,0,0,0,0,0,0,0,0,5,0,0,0,0,0
de,554a1ba540ca2,white,5,0,0,5,0,0,0,0,5,0,0,0,0,0,0,0,0,0,5,0
de,554a1ba540ca2,yellow,0,0,0,0,0,5,0,0,0,0,0,4,5,0,0,0,0,0,0,0
de,5551c64f5cd45,black,0,0,0,0,3,0,4,0,2,4,2,0,0,0,0,0,0,0,1,0
de,5551c64f5cd45,blue,0,0,0,4,0,5,0,0,0,0,0,0,3,0,0,4,0,0,2,0
de,5551c64f5cd45,brown,0,0,0,0,2,0,2,5,0,2,0,0,0,0,0,0,2,0,0,0
de,5551c64f5cd45,green,0,2,0,0,0,5,0,0,0,0,0,3,4,2,2,5,0,4,0,0
de,5551c64f5cd45,grey,0,0,0,0,0,0,5,0,0,2,0,0,0,0,0,0,0,0,0,0
de,5551c64f5cd45,orange,0,0,0,0,0,0,0,0,0,0,0,2,3,0,2,0,0,3,0,0
de,5551c64f5cd45,pink,4,0,0,0,0,2,0,0,0,0,0,0,4,1,4,3,0,4,0,0
de,5551c64f5cd45,purple,0,3,2,0,0,0,0,0,0,0,0,0,2,0,5,5,0,0,0,0
de,5551c64f5cd45,red,0,0,4,0,0,0,0,0,0,0,2,0,0,4,0,4,0,0,0,0
de,5551c64f5cd45,turquoise,0,0,0,0,0,0,0,0,0,0,0,0,0,0,0,0,0,0,0,0
de,5551c64f5cd45,white,3,0,0,4,0,0,0,0,0,0,0,0,0,0,0,0,0,2,0,0
de,5551c64f5cd45,yellow,2,0,0,0,0,0,0,0,0,0,0,0,4,0,0,3,0,4,0,0
de,5551c6dd671ad,black,0,0,0,4,5,0,0,0,4,0,3,0,0,0,0,0,3,0,5,0
de,5551c6dd671ad,blue,0,0,0,0,0,3,0,0,0,0,0,4,0,0,2,0,0,5,0,0
de,5551c6dd671ad,brown,0,0,2,0,3,0,4,5,2,5,4,0,0,0,0,0,5,0,4,3
de,5551c6dd671ad,green,0,0,0,0,0,3,0,3,0,0,0,0,4,0,5,0,0,0,0,0
de,5551c6dd671ad,grey,0,0,0,0,0,0,2,0,4,0,0,4,0,0,0,0,4,0,0,0
de,5551c6dd671ad,orange,0,0,0,0,0,0,0,0,0,0,0,0,0,0,0,0,0,0,0,0
de,5551c6dd671ad,pink,0,4,0,0,0,0,0,3,0,0,0,0,0,0,0,0,0,2,0,0
de,5551c6dd671ad,purple,0,0,0,0,0,3,0,5,0,0,0,0,0,2,0,0,0,0,0,4
de,5551c6dd671ad,red,2,0,4,0,0,2,0,0,0,3,3,0,4,5,3,0,0,0,0,0
de,5551c6dd671ad,turquoise,0,0,0,0,0,0,0,0,0,0,0,0,0,0,0,0,0,0,0,0
de,5551c6dd671ad,white,0,0,0,3,0,4,0,0,0,0,0,0,0,0,0,4,0,5,5,0
de,5551c6dd671ad,yellow,0,0,0,0,0,0,0,4,0,0,0,0,0,0,0,0,0,0,2,3
de,5551c722115b9,black,0,0,5,0,5,0,5,0,4,4,5,0,0,0,0,0,3,0,5,0
de,5551c722115b9,blue,3,0,0,0,0,0,0,0,0,0,0,0,2,2,2,0,0,0,0,0
de,5551c722115b9,brown,0,0,0,0,3,0,2,0,0,0,2,0,0,0,0,0,0,0,0,0
de,5551c722115b9,green,0,3,0,0,0,5,0,0,0,0,0,4,4,0,4,3,0,0,0,0
de,5551c722115b9,grey,0,0,0,0,0,0,4,0,1,0,0,0,0,0,0,0,0,0,3,0
de,5551c722115b9,orange,0,0,0,0,2,3,0,1,0,0,0,0,0,0,4,0,0,0,0,0
de,5551c722115b9,pink,0,3,0,3,0,3,0,0,0,0,0,1,3,4,0,0,0,0,0,0
de,5551c722115b9,purple,0,0,0,0,0,0,0,0,0,0,0,0,0,0,0,0,0,0,0,0
de,5551c722115b9,red,0,0,5,0,0,0,0,0,2,0,4,0,4,4,0,0,0,0,0,0
de,5551c722115b9,turquoise,0,0,0,0,0,5,0,0,0,0,0,4,3,0,3,0,0,0,0,0
de,5551c722115b9,white,2,0,0,3,0,2,0,0,0,0,0,1,4,3,3,4,0,0,0,0
de,5551c722115b9,yellow,0,0,2,0,4,0,2,0,2,3,3,0,0,0,0,0,2,0,0,0
de,5551c97ec7503,black,0,0,5,0,5,0,5,5,5,0,5,0,0,0,0,0,0,0,0,4
de,5551c97ec7503,blue,4,0,0,0,0,5,0,0,0,0,0,0,5,0,0,0,0,5,0,0
de,5551c97ec7503,brown,0,0,5,0,5,0,3,5,0,0,5,0,0,0,0,0,4,0,0,3
de,5551c97ec7503,green,5,0,0,0,0,5,0,0,0,0,0,0,5,0,5,0,0,5,0,0
de,5551c97ec7503,grey,0,0,4,0,4,0,0,3,0,4,4,0,0,0,0,0,5,0,0,0
de,5551c97ec7503,orange,0,0,0,0,0,0,0,0,0,0,0,0,0,0,0,0,0,0,0,0
de,5551c97ec7503,pink,0,0,0,4,0,0,0,0,0,0,0,0,0,5,0,0,0,0,0,5
de,5551c97ec7503,purple,0,0,0,0,0,0,0,0,0,0,0,0,0,0,0,0,0,0,0,0
de,5551c97ec7503,red,0,0,5,0,0,0,4,0,5,5,5,0,0,5,0,0,0,0,0,5
de,5551c97ec7503,turquoise,5,0,0,0,0,4,0,0,0,0,0,0,5,0,0,0,0,5,0,0
de,5551c97ec7503,white,0,0,0,0,0,0,0,0,0,0,0,0,0,0,0,0,0,0,0,0
de,5551c97ec7503,yellow,0,3,0,4,0,0,0,0,0,0,0,4,0,0,0,3,0,4,0,0
de,5551ca4797541,black,0,0,0,0,0,0,0,0,5,2,0,0,0,0,0,0,2,0,4,3
de,5551ca4797541,blue,0,0,0,0,0,0,0,0,0,0,0,4,0,0,0,5,0,0,0,0
de,5551ca4797541,brown,0,0,0,0,0,0,0,5,4,0,0,0,0,0,0,0,0,0,0,0
de,5551ca4797541,green,0,0,0,0,0,0,0,0,0,0,0,0,0,0,0,0,0,5,0,0
de,5551ca4797541,grey,0,0,0,0,0,0,5,0,0,0,0,0,0,0,0,0,0,0,0,0
de,5551ca4797541,orange,0,0,0,0,0,0,0,0,0,0,0,0,3,0,5,0,0,0,0,0
de,5551ca4797541,pink,0,0,0,5,0,0,0,0,0,0,0,0,0,5,0,0,0,0,0,0
de,5551ca4797541,purple,0,0,0,5,0,0,0,0,0,0,0,0,0,4,0,0,0,3,0,0
de,5551ca4797541,red,0,0,5,0,4,0,0,0,0,0,5,0,0,0,0,0,0,0,0,0
de,5551ca4797541,turquoise,0,0,0,0,0,0,0,0,0,0,0,0,0,0,5,0,0,0,0,0
de,5551ca4797541,white,0,0,0,0,0,4,0,0,0,0,0,0,0,0,0,0,0,4,0,0
de,5551ca4797541,yellow,0,0,0,0,0,0,0,0,0,0,0,0,4,0,4,0,0,0,0,0
de,5551cca3d7674,black,0,0,0,0,0,0,0,0,0,0,5,0,0,0,0,0,0,0,5,0
de,5551cca3d7674,blue,0,0,0,0,0,0,0,0,0,0,0,0,3,0,0,0,0,3,0,0
de,5551cca3d7674,brown,0,0,0,0,0,0,0,0,0,0,0,0,0,0,0,0,4,0,0,0
de,5551cca3d7674,green,0,0,0,0,0,0,0,0,0,0,0,0,0,0,0,0,0,4,0,0
de,5551cca3d7674,grey,0,0,0,0,3,0,5,0,0,0,0,0,0,0,0,0,0,0,0,0
de,5551cca3d7674,orange,0,4,0,0,0,0,0,0,0,0,0,0,0,0,0,0,0,0,0,0
de,5551cca3d7674,pink,0,0,0,0,0,4,0,0,0,0,0,0,0,3,0,0,0,0,0,0
de,5551cca3d7674,purple,0,0,0,0,0,0,0,0,0,0,0,0,5,0,5,0,0,0,0,0
de,5551cca3d7674,red,0,0,5,0,0,0,0,0,0,0,0,0,0,0,0,0,0,0,0,0
de,5551cca3d7674,turquoise,0,0,0,0,0,0,0,0,0,0,0,0,4,0,0,0,0,0,0,0
de,5551cca3d7674,white,0,0,0,0,0,0,0,0,0,0,0,0,0,0,0,0,0,4,0,0
de,5551cca3d7674,yellow,0,0,0,0,0,0,0,2,0,3,0,0,0,0,0,0,0,0,0,0
de,5551cd3fc2258,black,0,0,0,0,0,0,0,0,0,0,0,0,0,0,0,4,0,0,5,0
de,5551cd3fc2258,blue,0,0,0,0,0,5,0,0,0,0,0,0,0,0,0,0,0,4,0,0
de,5551cd3fc2258,brown,0,0,0,0,0,0,0,5,0,0,0,0,0,0,0,0,0,0,0,4
de,5551cd3fc2258,green,0,0,0,0,0,0,0,0,0,0,0,5,5,0,5,0,0,0,0,0
de,5551cd3fc2258,grey,0,0,0,0,0,0,5,0,0,0,0,0,0,0,0,0,0,0,0,0
de,5551cd3fc2258,orange,0,0,0,0,0,5,0,0,0,0,0,0,4,0,4,0,0,0,0,0
de,5551cd3fc2258,pink,0,0,0,5,0,5,0,0,0,0,0,0,0,5,0,0,0,0,0,0
de,5551cd3fc2258,purple,0,0,0,0,0,0,0,0,0,0,0,0,0,0,0,0,0,0,0,0
de,5551cd3fc2258,red,0,0,0,0,0,0,0,0,0,0,0,0,0,5,4,0,0,0,0,0
de,5551cd3fc2258,turquoise,0,5,0,0,0,0,0,0,0,0,0,0,4,0,5,0,0,0,0,0
de,5551cd3fc2258,white,0,0,0,0,0,0,0,0,0,0,0,5,0,0,0,0,0,5,0,0
de,5551cd3fc2258,yellow,0,5,0,0,0,5,0,0,0,0,0,4,4,0,5,0,0,0,0,0
de,5551cd5a83edd,black,0,0,0,0,0,0,0,0,0,0,0,5,0,0,0,0,0,0,0,0
de,5551cd5a83edd,blue,0,0,0,3,0,5,0,0,0,3,0,0,4,0,4,0,3,0,5,0
de,5551cd5a83edd,brown,0,0,0,0,3,0,3,4,0,0,0,0,0,0,0,0,0,0,0,0
de,5551cd5a83edd,green,0,0,0,0,0,5,0,0,0,0,0,0,4,0,3,0,0,0,0,0
de,5551cd5a83edd,grey,0,0,0,0,3,0,0,0,0,0,0,4,0,0,0,0,0,0,0,0
de,5551cd5a83edd,orange,0,0,0,0,0,0,0,0,0,0,0,0,0,0,0,0,0,0,0,2
de,5551cd5a83edd,pink,0,0,0,0,0,0,0,0,0,0,0,0,0,3,0,0,0,4,0,2
de,5551cd5a83edd,purple,0,0,0,0,0,0,0,0,0,0,0,0,0,2,0,0,0,3,0,3
de,5551cd5a83edd,red,0,0,5,0,3,0,0,0,0,0,5,0,0,5,0,0,0,0,0,0
de,5551cd5a83edd,turquoise,5,3,0,0,0,5,0,0,0,0,0,0,4,0,5,0,0,3,0,0
de,5551cd5a83edd,white,4,0,0,0,0,0,0,0,0,0,0,0,0,0,0,4,0,0,0,0
de,5551cd5a83edd,yellow,0,5,0,0,0,0,0,0,0,0,0,0,0,0,0,0,0,0,0,0
de,5551cedf0165b,black,0,0,0,0,0,0,3,0,3,3,0,0,0,0,0,0,3,0,5,0
de,5551cedf0165b,blue,0,0,0,5,0,0,0,0,0,0,0,0,0,0,0,0,0,0,5,0
de,5551cedf0165b,brown,0,0,0,0,3,0,0,4,0,0,0,0,0,0,0,0,0,0,0,0
de,5551cedf0165b,green,0,0,0,0,0,5,0,0,0,0,0,4,0,0,4,0,0,0,0,0
de,5551cedf0165b,grey,0,0,0,0,0,0,4,0,0,3,0,0,0,0,0,0,0,0,4,3
de,5551cedf0165b,orange,0,0,4,0,0,0,0,0,2,0,2,0,0,0,0,0,0,0,0,0
de,5551cedf0165b,pink,0,0,0,0,0,2,0,0,0,0,0,0,0,5,0,0,0,0,0,0
de,5551cedf0165b,purple,0,0,0,0,0,0,1,0,0,0,0,0,0,0,0,0,4,0,0,0
de,5551cedf0165b,red,0,0,5,0,0,0,0,0,0,0,0,0,0,3,0,0,0,0,0,0
de,5551cedf0165b,turquoise,0,0,0,0,0,5,0,0,0,0,0,0,0,0,4,0,0,0,0,0
de,5551cedf0165b,white,0,0,0,0,0,0,0,0,0,0,0,0,0,0,0,5,0,4,0,0
de,5551cedf0165b,yellow,0,3,0,0,0,0,0,0,0,0,0,0,5,0,4,0,0,0,0,0
de,5551d8049eee3,black,0,0,0,0,5,0,4,3,4,5,5,0,0,0,0,0,5,0,5,3
de,5551d8049eee3,blue,0,0,0,0,0,0,0,0,0,0,0,0,5,0,4,0,0,5,4,0
de,5551d8049eee3,brown,0,0,0,0,4,0,5,4,0,0,0,0,0,0,0,0,2,0,0,5
de,5551d8049eee3,green,0,4,0,0,0,5,0,4,0,0,0,0,5,3,0,0,0,0,0,0
de,5551d8049eee3,grey,0,0,0,0,3,0,5,0,4,4,0,0,0,0,0,0,3,0,0,0
de,5551d8049eee3,orange,0,0,0,0,0,4,0,0,0,0,0,0,5,0,4,3,0,0,0,0
de,5551d8049eee3,pink,0,0,0,5,0,5,0,0,0,0,0,4,0,3,4,0,0,0,0,0
de,5551d8049eee3,purple,0,0,0,0,0,3,0,0,0,0,0,0,0,0,0,0,0,3,0,0
de,5551d8049eee3,red,0,0,5,0,0,0,0,0,0,5,0,0,4,5,0,0,0,0,0,0
de,5551d8049eee3,turquoise,0,0,0,5,0,5,0,0,0,0,0,5,5,0,0,0,0,5,0,0
de,5551d8049eee3,white,0,0,0,3,0,5,0,0,0,0,0,0,0,0,0,0,0,5,0,0
de,5551d8049eee3,yellow,0,0,4,0,4,0,2,0,5,0,4,0,5,0,0,5,0,0,0,0
de,5551dbde37a91,black,0,0,5,0,0,0,5,0,5,0,5,0,0,0,0,0,0,0,5,0
de,5551dbde37a91,blue,0,0,0,0,0,0,0,0,0,0,0,4,0,0,0,0,0,0,0,0
de,5551dbde37a91,brown,0,0,4,0,0,0,0,4,0,0,4,0,0,0,0,0,0,0,0,0
de,5551dbde37a91,green,0,0,0,0,0,5,0,0,0,0,0,0,5,0,5,0,0,0,0,0
de,5551dbde37a91,grey,0,0,0,0,0,0,4,0,0,4,0,0,0,0,0,0,0,0,3,0
de,5551dbde37a91,orange,0,0,0,0,0,4,0,0,0,0,0,4,4,0,4,0,0,0,0,0
de,5551dbde37a91,pink,0,0,0,0,0,3,0,0,0,0,0,0,3,0,2,0,0,0,0,0
de,5551dbde37a91,purple,0,0,0,0,0,0,0,0,0,0,0,0,0,0,0,0,0,0,0,4
de,5551dbde37a91,red,0,0,5,0,0,0,0,0,0,0,0,0,0,5,0,0,0,0,0,0
de,5551dbde37a91,turquoise,0,0,0,0,0,0,0,0,0,0,0,0,0,0,0,0,0,0,0,0
de,5551dbde37a91,white,0,0,0,0,0,0,0,0,0,0,0,0,0,0,0,0,0,0,3,0
de,5551dbde37a91,yellow,0,0,0,0,0,3,0,0,0,0,0,0,0,0,0,0,0,0,0,0
de,5551dc5c809a7,black,0,0,0,0,2,0,0,0,4,4,4,0,0,0,0,0,2,0,5,0
de,5551dc5c809a7,blue,0,0,0,0,0,4,0,0,0,0,0,0,0,0,0,5,0,4,0,0
de,5551dc5c809a7,brown,0,0,0,0,0,0,0,2,0,0,5,0,0,0,0,0,4,0,0,4
de,5551dc5c809a7,green,0,0,0,3,0,5,0,0,0,0,0,4,3,0,3,2,0,2,0,0
de,5551dc5c809a7,grey,0,0,0,0,0,0,5,0,0,2,0,0,0,0,0,0,3,0,5,0
de,5551dc5c809a7,orange,0,0,0,4,0,4,0,0,0,0,0,0,0,0,4,0,0,0,0,0
de,5551dc5c809a7,pink,0,0,0,2,0,0,0,0,0,0,0,0,0,3,0,0,0,0,0,0
de,5551dc5c809a7,purple,0,0,0,0,0,0,0,0,0,0,0,0,0,2,0,3,0,0,0,0
de,5551dc5c809a7,red,0,0,5,0,0,0,0,0,0,0,0,0,0,5,0,0,0,0,0,0
de,5551dc5c809a7,turquoise,0,0,0,0,0,3,0,0,0,0,0,3,2,0,3,0,0,4,0,0
de,5551dc5c809a7,white,0,0,0,0,0,5,0,0,0,0,0,0,0,5,0,5,0,0,0,3
de,5551dc5c809a7,yellow,0,3,0,0,0,3,0,0,0,0,0,3,5,0,4,0,0,0,0,0
de,5551e299751af,black,2,0,2,2,2,0,4,3,2,4,5,3,0,0,0,0,4,0,5,2
de,5551e299751af,blue,2,2,2,1,0,5,0,0,0,0,0,3,3,0,3,2,0,4,3,0
de,5551e299751af,brown,0,0,0,5,0,3,3,2,0,4,0,0,0,0,0,0,3,1,4,2
de,5551e299751af,green,5,3,2,3,0,5,0,0,1,0,0,3,4,2,4,5,0,4,1,0
de,5551e299751af,grey,0,0,1,1,2,0,3,3,3,4,0,0,0,0,0,0,3,2,4,2
de,5551e299751af,orange,5,4,0,2,0,4,0,0,0,0,2,3,5,3,5,5,0,3,1,2
de,5551e299751af,pink,0,3,0,0,2,1,0,0,0,0,0,1,3,3,3,1,0,0,0,0
de,5551e299751af,purple,2,3,0,2,1,4,0,1,0,0,0,3,5,1,5,5,0,1,0,3
de,5551e299751af,red,4,2,5,2,0,3,2,0,0,1,2,3,5,5,5,5,1,2,0,4
de,5551e299751af,turquoise,5,2,0,1,0,5,0,0,0,0,0,5,5,1,4,5,0,1,2,0
de,5551e299751af,white,0,0,0,3,0,3,2,0,0,0,0,2,0,1,0,4,3,5,5,1
de,5551e299751af,yellow,3,2,0,0,4,2,0,0,0,0,0,3,5,0,5,1,0,2,0,4
de,5551e2bf67663,black,0,0,0,0,3,0,5,2,0,5,0,0,0,0,0,0,5,0,2,5
de,5551e2bf67663,blue,0,0,0,3,0,4,0,0,0,0,0,0,0,0,0,0,0,3,2,0
de,5551e2bf67663,brown,0,0,0,4,0,0,0,2,0,0,0,0,0,0,0,0,0,0,0,0
de,5551e2bf67663,green,0,0,0,0,0,3,0,0,0,0,0,5,0,0,0,4,0,0,0,0
de,5551e2bf67663,grey,0,0,3,0,3,0,5,0,0,3,3,0,0,0,0,0,3,0,5,5
de,5551e2bf67663,orange,0,4,2,0,0,0,0,0,0,0,0,0,0,0,3,0,0,0,0,0
de,5551e2bf67663,pink,0,5,0,0,0,0,0,0,0,0,0,0,3,0,4,0,0,0,0,0
de,5551e2bf67663,purple,0,0,0,5,0,4,0,0,0,0,0,0,3,0,0,0,0,0,0,0
de,5551e2bf67663,red,0,0,4,0,3,0,0,0,3,0,5,0,0,3,0,3,0,0,0,0
de,5551e2bf67663,turquoise,0,2,0,0,0,0,0,0,0,0,0,4,0,0,0,0,0,4,0,0
de,5551e2bf67663,white,0,0,0,0,0,0,0,0,0,0,0,0,0,0,0,0,0,3,0,0
de,5551e2bf67663,yellow,0,0,0,0,0,0,0,0,0,0,0,0,5,0,4,0,0,4,0,0
de,5551e3c7ed3bd,black,0,0,0,0,0,0,0,0,5,5,5,0,0,0,0,0,0,0,5,0
de,5551e3c7ed3bd,blue,0,0,0,0,0,0,0,0,0,0,0,0,0,0,0,0,0,0,0,0
de,5551e3c7ed3bd,brown,0,0,0,0,0,0,4,5,0,4,0,0,0,0,0,0,4,0,0,4
de,5551e3c7ed3bd,green,0,0,0,0,0,0,0,0,0,0,0,4,3,0,0,0,0,0,0,0
de,5551e3c7ed3bd,grey,0,0,0,0,3,0,4,0,3,4,0,0,0,0,0,0,4,0,4,0
de,5551e3c7ed3bd,orange,0,3,0,0,0,4,0,0,0,0,0,0,3,0,4,0,0,0,0,0
de,5551e3c7ed3bd,pink,4,0,0,0,0,4,0,0,0,0,0,0,0,4,4,5,0,0,0,0
de,5551e3c7ed3bd,purple,3,0,0,0,3,0,3,0,0,0,0,0,0,0,0,4,0,0,0,0
de,5551e3c7ed3bd,red,0,0,5,0,0,0,0,0,0,0,5,0,0,4,0,0,0,0,0,0
de,5551e3c7ed3bd,turquoise,0,0,0,4,0,4,0,0,0,0,0,4,0,0,3,0,0,0,0,0
de,5551e3c7ed3bd,white,0,0,0,0,0,0,0,0,0,0,0,0,0,0,0,0,0,5,0,0
de,5551e3c7ed3bd,yellow,0,4,0,0,0,5,0,0,0,0,0,0,4,0,4,0,0,0,0,0
de,5551ef289bf23,black,0,0,0,0,4,4,0,0,4,2,0,0,0,0,0,5,2,0,5,0
de,5551ef289bf23,blue,3,4,0,0,0,5,3,0,0,0,0,5,5,3,5,0,0,5,2,0
de,5551ef289bf23,brown,0,0,0,4,4,4,0,0,0,0,3,0,2,0,0,0,1,2,0,0
de,5551ef289bf23,green,3,5,0,2,0,5,0,0,0,0,0,5,5,4,5,0,0,5,0,0
de,5551ef289bf23,grey,0,0,0,0,0,3,1,0,0,5,0,3,0,0,0,4,5,5,3,1
de,5551ef289bf23,orange,0,4,0,0,0,4,0,0,0,3,0,4,4,0,3,0,3,2,0,0
de,5551ef289bf23,pink,0,3,0,4,0,0,0,0,0,0,0,0,3,0,5,0,0,4,0,3
de,5551ef289bf23,purple,0,0,0,0,5,0,4,3,0,3,0,0,0,0,0,0,3,0,0,3
de,5551ef289bf23,red,0,3,4,0,3,2,0,0,4,3,4,3,1,5,0,3,2,0,0,5
de,5551ef289bf23,turquoise,4,4,0,0,0,2,0,0,0,0,0,3,4,1,5,0,0,1,0,0
de,5551ef289bf23,white,0,0,0,4,0,5,3,0,0,0,0,0,0,3,0,4,0,5,5,0
de,5551ef289bf23,yellow,3,3,0,0,0,2,0,0,0,0,0,0,5,0,4,0,2,0,0,0
de,5551f1a41a865,black,0,0,0,0,0,0,3,0,0,2,0,0,0,0,0,0,0,0,5,0
de,5551f1a41a865,blue,0,0,0,0,0,0,0,0,0,0,0,0,0,0,0,5,0,0,0,0
de,5551f1a41a865,brown,0,0,0,0,1,0,0,2,0,0,0,0,0,0,0,0,0,0,0,0
de,5551f1a41a865,green,0,0,0,0,0,0,0,4,0,0,0,0,3,0,0,0,0,0,0,0
de,5551f1a41a865,grey,0,0,0,0,0,0,0,0,0,3,0,0,0,0,0,0,3,0,0,0
de,5551f1a41a865,orange,0,0,0,0,0,0,0,0,0,0,0,0,0,0,4,0,0,0,0,0
de,5551f1a41a865,pink,0,0,0,0,0,0,0,0,0,0,0,0,4,3,0,0,0,0,0,0
de,5551f1a41a865,purple,0,0,0,3,0,0,0,0,0,0,0,0,0,0,0,0,0,0,0,0
de,5551f1a41a865,red,0,0,4,0,0,0,0,0,0,0,0,0,0,5,0,0,0,0,0,0
de,5551f1a41a865,turquoise,2,0,0,0,0,4,0,0,0,0,0,0,0,0,0,0,0,0,0,0
de,5551f1a41a865,white,0,0,0,3,0,0,0,0,0,0,0,0,0,0,0,0,0,4,0,0
de,5551f1a41a865,yellow,0,0,0,0,0,0,0,0,0,0,0,1,0,0,3,0,0,0,0,0
de,5551f326b3b6a,black,0,0,3,3,3,0,3,2,4,4,4,0,0,0,0,0,4,0,5,3
de,5551f326b3b6a,blue,2,0,1,0,0,3,3,0,0,0,0,0,2,0,3,0,0,0,3,0
de,5551f326b3b6a,brown,0,0,0,0,0,0,4,4,0,0,0,0,0,0,0,0,0,0,0,0
de,5551f326b3b6a,green,0,3,0,0,4,0,0,0,0,0,3,4,0,0,0,0,0,0,0,0
de,5551f326b3b6a,grey,0,0,0,0,0,0,0,0,0,3,0,0,0,0,0,0,4,0,2,0
de,5551f326b3b6a,orange,0,4,0,2,0,3,0,0,0,0,0,0,4,2,4,0,0,3,0,0
de,5551f326b3b6a,pink,0,0,0,4,0,2,0,0,0,0,0,0,0,4,0,0,0,0,0,0
de,5551f326b3b6a,purple,0,0,0,2,0,0,2,2,0,0,0,0,0,2,0,3,0,0,0,0
de,5551f326b3b6a,red,0,4,5,5,0,0,0,0,0,5,5,0,0,5,0,0,0,0,0,0
de,5551f326b3b6a,turquoise,0,2,0,0,0,0,0,0,0,0,0,0,2,0,2,2,0,0,0,0
de,5551f326b3b6a,white,0,0,0,4,0,3,0,0,0,0,0,0,0,0,0,0,4,0,0,0
de,5551f326b3b6a,yellow,0,0,0,0,0,4,0,0,0,0,0,0,4,0,4,0,0,0,0,0
de,5551f35174a8e,black,3,0,0,0,0,0,0,0,3,2,0,0,0,0,0,4,0,0,5,0
de,5551f35174a8e,blue,4,3,0,4,0,4,0,0,0,0,0,3,2,1,3,3,1,4,1,0
de,5551f35174a8e,brown,0,0,0,2,0,2,0,1,0,1,0,2,0,0,2,0,0,0,1,0
de,5551f35174a8e,green,3,4,0,3,0,5,0,0,0,0,0,5,4,2,4,0,0,5,0,0
de,5551f35174a8e,grey,0,0,0,3,0,0,3,0,1,2,0,0,0,0,0,0,1,3,3,0
de,5551f35174a8e,orange,3,5,0,1,0,5,0,0,0,0,1,5,5,1,5,2,0,4,0,0
de,5551f35174a8e,pink,4,3,0,4,0,4,0,0,0,0,0,4,4,3,5,2,0,5,0,1
de,5551f35174a8e,purple,3,3,0,1,1,3,0,0,0,0,3,4,2,2,2,4,0,2,2,1
de,5551f35174a8e,red,2,2,4,0,0,2,1,0,1,1,3,3,4,4,4,3,1,0,0,1
de,5551f35174a8e,turquoise,5,4,0,1,0,5,0,0,0,0,0,4,5,2,5,5,0,4,0,0
de,5551f35174a8e,white,2,1,0,4,1,1,0,1,0,0,0,5,1,1,2,3,0,4,0,0
de,5551f35174a8e,yellow,0,4,0,0,0,5,0,0,0,0,0,3,5,0,5,0,0,3,0,0
de,5551f5f1a9b0c,black,0,0,0,0,0,0,0,0,5,4,0,0,0,0,0,0,0,0,5,0
de,5551f5f1a9b0c,blue,0,0,0,0,0,0,0,0,0,0,0,3,0,0,0,4,0,3,0,0
de,5551f5f1a9b0c,brown,0,0,0,0,0,0,0,4,0,0,0,0,0,0,0,0,0,0,0,4
de,5551f5f1a9b0c,green,0,0,0,0,0,0,0,0,0,0,0,0,4,0,4,0,0,4,0,0
de,5551f5f1a9b0c,grey,0,0,0,0,4,0,4,0,0,0,0,0,0,0,0,0,0,0,0,0
de,5551f5f1a9b0c,orange,0,5,0,0,0,0,0,0,0,0,0,0,0,0,5,0,0,0,0,0
de,5551f5f1a9b0c,pink,0,0,0,4,0,0,0,0,0,0,0,0,0,4,3,0,0,4,0,0
de,5551f5f1a9b0c,purple,0,0,0,5,0,0,0,0,0,0,0,3,0,4,0,0,0,0,0,0
de,5551f5f1a9b0c,red,0,0,5,0,0,0,0,0,0,0,0,0,0,5,0,0,0,0,0,0
de,5551f5f1a9b0c,turquoise,0,0,0,0,0,4,0,0,0,0,0,0,4,0,4,0,0,4,0,0
de,5551f5f1a9b0c,white,0,0,0,5,0,0,0,0,0,0,0,5,0,0,0,5,0,0,0,0
de,5551f5f1a9b0c,yellow,0,3,0,4,0,0,0,0,0,0,0,0,3,0,0,5,0,0,0,0
de,5551fcd02b92c,black,0,0,0,0,0,0,0,0,0,4,0,0,0,0,0,0,0,0,4,0
de,5551fcd02b92c,blue,0,0,0,0,0,0,0,0,0,0,0,0,0,0,0,4,0,0,0,0
de,5551fcd02b92c,brown,0,0,0,0,0,0,0,0,0,0,0,0,0,0,0,0,0,0,0,0
de,5551fcd02b92c,green,0,0,0,0,0,5,0,0,0,0,0,0,5,0,0,0,0,0,0,0
de,5551fcd02b92c,grey,0,0,0,0,0,0,0,0,0,0,0,0,0,0,0,0,0,0,0,0
de,5551fcd02b92c,orange,0,0,0,0,0,4,0,0,0,0,0,0,0,0,0,0,0,0,0,0
de,5551fcd02b92c,pink,0,0,0,0,0,0,0,0,0,0,0,0,0,0,0,0,0,0,0,0
de,5551fcd02b92c,purple,0,0,0,0,0,0,0,0,0,0,0,0,0,0,0,0,0,0,0,0
de,5551fcd02b92c,red,4,0,0,0,0,0,0,0,0,0,0,0,0,5,0,0,0,0,0,0
de,5551fcd02b92c,turquoise,0,0,0,0,0,0,0,0,0,0,0,0,0,0,0,0,0,0,0,0
de,5551fcd02b92c,white,0,0,0,0,0,0,0,0,0,0,0,0,0,0,0,0,0,0,0,0
de,5551fcd02b92c,yellow,0,0,0,0,0,0,0,0,0,0,0,4,5,0,0,0,0,0,0,0
de,55520b645194f,black,0,0,0,0,0,0,4,0,0,0,0,0,0,0,0,0,0,0,5,0
de,55520b645194f,blue,0,0,0,0,0,0,0,0,0,0,0,3,0,0,3,0,0,3,0,0
de,55520b645194f,brown,0,0,0,0,0,0,0,0,0,4,0,0,0,0,0,0,3,0,0,4
de,55520b645194f,green,0,0,0,0,0,3,0,0,0,0,0,0,3,0,0,0,0,0,0,0
de,55520b645194f,grey,0,0,0,0,3,0,0,0,0,0,0,0,0,0,0,0,4,0,0,0
de,55520b645194f,orange,0,0,0,0,0,0,0,0,0,0,0,0,0,0,0,3,0,0,0,0
de,55520b645194f,pink,0,0,0,0,0,0,0,0,0,0,0,0,5,0,5,0,0,0,0,0
de,55520b645194f,purple,0,0,0,0,0,0,0,0,0,0,0,0,0,0,0,0,0,0,0,3
de,55520b645194f,red,0,0,0,0,0,0,0,0,0,0,0,0,0,5,0,3,0,0,0,0
de,55520b645194f,turquoise,0,0,0,0,0,0,0,0,0,0,0,0,0,0,0,0,0,4,0,0
de,55520b645194f,white,4,0,0,0,0,4,0,0,0,0,0,0,0,0,0,5,0,0,0,0
de,55520b645194f,yellow,0,0,0,0,0,4,0,0,0,0,0,0,5,0,0,0,0,4,0,0
de,55521889cbd74,black,0,0,0,5,2,0,3,3,0,5,0,0,0,0,0,0,4,0,5,3
de,55521889cbd74,blue,0,0,0,0,0,5,0,0,0,0,0,0,0,0,0,5,0,3,0,0
de,55521889cbd74,brown,0,0,1,0,2,0,2,3,0,0,1,0,0,0,0,0,2,0,0,3
de,55521889cbd74,green,0,0,0,3,0,2,0,0,0,0,0,0,0,0,0,4,0,0,0,0
de,55521889cbd74,grey,0,0,0,0,0,0,4,0,1,2,0,0,0,0,0,0,3,0,1,5
de,55521889cbd74,orange,0,2,4,0,0,0,0,0,0,0,2,0,2,0,3,0,0,0,0,0
de,55521889cbd74,pink,5,0,0,0,0,4,0,0,0,0,0,0,4,4,0,0,0,0,0,0
de,55521889cbd74,purple,0,0,0,0,0,0,0,0,0,0,0,0,0,0,0,4,0,0,1,3
de,55521889cbd74,red,0,0,5,0,2,0,0,0,0,0,3,0,3,5,3,0,0,0,0,0
de,55521889cbd74,turquoise,4,0,0,0,0,3,0,0,0,0,0,1,0,0,0,4,0,2,0,0
de,55521889cbd74,white,3,0,0,0,0,0,0,0,0,0,0,0,0,0,0,3,0,4,0,0
de,55521889cbd74,yellow,2,0,0,0,0,0,0,0,0,0,0,2,0,0,0,3,0,1,0,3
de,55521c75e89fb,black,0,0,3,0,4,0,3,4,5,0,5,0,0,0,0,2,0,0,5,4
de,55521c75e89fb,blue,3,0,0,4,3,0,2,0,0,2,0,0,0,0,0,4,3,3,4,0
de,55521c75e89fb,brown,0,0,0,0,0,0,0,0,0,0,0,0,0,0,0,0,0,0,0,0
de,55521c75e89fb,green,4,0,0,3,0,4,0,5,0,0,0,4,3,0,4,0,0,0,0,3
de,55521c75e89fb,grey,0,0,0,0,0,0,4,3,2,3,0,0,0,0,0,0,4,0,0,0
de,55521c75e89fb,orange,4,0,2,0,0,3,0,0,0,0,0,4,5,3,5,0,0,0,0,0
de,55521c75e89fb,pink,0,3,0,5,0,4,0,0,0,0,0,0,0,4,2,0,0,3,0,0
de,55521c75e89fb,purple,0,0,0,3,3,3,0,0,0,0,0,0,0,0,0,5,2,0,0,0
de,55521c75e89fb,red,0,0,5,0,0,0,0,0,0,0,4,0,3,5,0,3,0,0,0,0
de,55521c75e89fb,turquoise,5,2,0,3,0,4,2,0,0,0,0,5,0,0,3,4,0,4,0,0
de,55521c75e89fb,white,4,0,0,4,0,5,0,0,0,0,0,0,0,0,0,0,0,5,0,0
de,55521c75e89fb,yellow,0,0,0,0,0,5,0,0,0,0,2,0,5,0,0,0,0,5,0,0
de,55521e00c0ab4,black,0,0,5,0,5,0,0,5,4,3,5,0,0,0,0,0,3,0,5,0
de,55521e00c0ab4,blue,0,0,0,5,0,0,0,0,0,0,0,0,0,0,0,0,0,5,3,0
de,55521e00c0ab4,brown,0,0,0,0,0,0,0,0,0,0,0,0,0,0,0,0,0,0,0,0
de,55521e00c0ab4,green,0,5,0,5,0,4,0,0,0,0,0,0,5,0,5,0,0,5,0,0
de,55521e00c0ab4,grey,0,0,0,0,0,0,5,0,0,4,0,0,0,0,0,0,4,0,4,5
de,55521e00c0ab4,orange,0,4,0,0,0,4,0,0,0,0,0,5,5,0,0,0,0,0,0,0
de,55521e00c0ab4,pink,0,0,0,0,0,4,0,0,0,0,0,0,0,3,0,0,0,0,0,0
de,55521e00c0ab4,purple,0,0,0,0,0,0,0,0,0,0,0,5,0,0,0,5,0,5,3,0
de,55521e00c0ab4,red,0,0,5,0,3,0,0,0,0,0,0,0,0,5,0,0,0,0,0,0
de,55521e00c0ab4,turquoise,0,4,0,0,0,0,0,0,0,0,0,0,0,0,4,0,0,3,0,0
de,55521e00c0ab4,white,0,0,0,5,0,4,0,0,0,0,0,0,0,0,0,0,0,5,0,0
de,55521e00c0ab4,yellow,3,3,0,0,0,5,0,0,0,0,0,0,5,0,5,0,0,4,0,0
de,55521f60a43b2,black,0,0,0,0,0,0,0,0,0,0,0,0,0,0,0,0,0,0,0,0
de,55521f60a43b2,blue,0,0,0,0,0,5,0,0,0,0,0,5,0,0,0,0,0,4,0,0
de,55521f60a43b2,brown,0,0,0,0,0,0,0,2,0,0,0,0,0,0,0,0,0,0,0,3
de,55521f60a43b2,green,0,0,0,0,0,0,0,0,0,0,0,0,0,0,4,0,0,0,0,0
de,55521f60a43b2,grey,0,0,0,0,0,0,3,0,0,0,0,0,0,0,0,0,0,0,0,0
de,55521f60a43b2,orange,0,0,5,0,5,0,2,3,0,0,5,0,0,0,0,0,0,0,0,0
de,55521f60a43b2,pink,0,4,0,0,0,0,0,0,0,0,0,0,0,5,4,0,0,0,0,0
de,55521f60a43b2,purple,0,0,0,0,0,0,0,3,4,4,0,0,0,0,0,0,3,0,0,0
de,55521f60a43b2,red,0,0,5,0,0,0,0,0,0,0,4,0,0,0,0,0,0,0,0,0
de,55521f60a43b2,turquoise,0,0,0,0,0,4,0,0,0,0,0,0,3,0,5,0,0,0,0,0
de,55521f60a43b2,white,4,0,0,0,0,4,0,0,0,0,0,4,0,0,0,5,0,0,0,0
de,55521f60a43b2,yellow,0,0,0,0,0,0,0,3,0,0,0,0,0,0,0,0,0,0,0,0
de,5552238f401d3,black,2,2,4,3,5,2,4,1,5,4,5,2,2,1,2,3,4,3,5,3
de,5552238f401d3,blue,0,0,0,0,0,0,0,0,0,0,0,0,0,0,0,0,0,0,0,0
de,5552238f401d3,brown,2,2,3,3,1,3,3,4,2,1,1,2,3,1,1,2,2,1,2,3
de,5552238f401d3,green,5,5,3,3,4,4,1,4,1,1,4,4,5,3,5,5,1,5,3,2
de,5552238f401d3,grey,1,1,4,1,5,3,5,2,3,5,4,1,1,1,1,1,4,2,5,4
de,5552238f401d3,orange,1,4,5,1,4,5,1,4,4,1,4,1,5,3,5,2,1,4,1,2
de,5552238f401d3,pink,2,4,1,3,1,5,1,1,1,1,1,5,5,5,5,1,1,5,2,1
de,5552238f401d3,purple,3,4,4,1,2,4,1,1,1,2,3,3,5,3,5,4,2,4,1,1
de,5552238f401d3,red,3,3,5,4,5,2,5,3,4,4,5,4,4,5,4,3,5,2,3,5
de,5552238f401d3,turquoise,5,5,3,4,1,5,1,1,1,1,1,3,5,4,5,3,1,5,1,1
de,5552238f401d3,white,5,3,1,5,1,5,1,1,1,1,1,5,4,3,4,5,1,5,1,1
de,5552238f401d3,yellow,3,5,4,1,3,4,2,4,1,1,4,1,5,3,5,2,1,3,1,1
de,555228ae7cbe9,black,0,0,0,0,0,0,0,0,4,0,0,0,0,0,0,2,0,0,5,0
de,555228ae7cbe9,blue,0,0,2,0,0,3,0,0,0,0,0,0,0,0,0,0,0,0,0,0
de,555228ae7cbe9,brown,0,0,0,0,0,0,2,0,0,0,0,0,0,0,0,0,0,0,0,0
de,555228ae7cbe9,green,3,0,0,0,0,4,0,0,0,0,0,0,0,0,0,0,0,0,0,0
de,555228ae7cbe9,grey,0,0,0,0,0,0,0,0,4,4,4,0,0,0,0,2,0,0,0,0
de,555228ae7cbe9,orange,0,0,0,3,0,0,0,0,0,0,0,0,0,0,0,0,2,0,0,0
de,555228ae7cbe9,pink,3,0,0,0,0,0,0,0,0,0,0,0,0,3,0,0,0,0,0,0
de,555228ae7cbe9,purple,0,0,0,0,0,0,0,0,0,0,0,3,0,0,0,4,0,0,0,0
de,555228ae7cbe9,red,0,0,0,0,2,0,0,0,0,0,4,0,0,3,0,4,0,0,0,0
de,555228ae7cbe9,turquoise,0,0,0,0,0,0,0,0,0,0,0,0,0,0,4,0,0,0,0,0
de,555228ae7cbe9,white,3,0,0,0,0,4,0,0,0,0,0,0,0,0,0,0,0,0,0,0
de,555228ae7cbe9,yellow,0,0,0,0,2,4,0,0,0,0,0,4,4,0,0,0,0,0,0,0
de,55522986acc00,black,0,0,0,0,5,0,0,5,5,4,0,0,0,0,0,0,0,0,5,0
de,55522986acc00,blue,0,0,0,0,0,4,0,0,0,0,0,0,0,0,0,5,3,2,0,0
de,55522986acc00,brown,0,0,0,0,0,0,0,3,0,0,0,0,0,0,0,0,3,0,0,0
de,55522986acc00,green,0,4,0,4,0,4,0,0,0,0,0,4,5,0,5,0,0,4,0,0
de,55522986acc00,grey,0,0,0,0,0,0,4,0,0,3,0,0,0,0,0,0,0,0,0,0
de,55522986acc00,orange,3,3,0,0,0,4,0,0,0,0,0,4,0,0,4,0,0,0,0,0
de,55522986acc00,pink,4,0,0,0,0,4,0,0,0,0,0,4,3,3,0,0,0,0,0,0
de,55522986acc00,purple,4,0,0,0,0,0,4,0,0,0,0,0,0,0,0,0,4,0,0,4
de,55522986acc00,red,0,0,5,0,5,0,0,3,4,0,5,0,0,4,0,0,0,0,0,0
de,55522986acc00,turquoise,0,0,0,0,0,4,0,0,0,0,0,4,4,0,0,0,0,5,0,0
de,55522986acc00,white,0,0,0,0,0,0,0,0,0,0,0,0,0,0,0,0,0,0,0,0
de,55522986acc00,yellow,0,5,0,0,0,4,0,0,0,0,0,4,5,0,5,0,0,0,0,0
de,555230e085593,black,0,0,0,0,0,0,0,0,0,2,0,0,0,0,0,0,0,0,5,0
de,555230e085593,blue,3,0,0,0,0,4,0,0,0,0,0,0,0,0,0,3,0,0,0,0
de,555230e085593,brown,0,0,2,0,0,0,0,3,0,0,0,0,0,0,0,0,0,0,0,2
de,555230e085593,green,0,2,0,0,0,4,0,1,0,0,0,3,3,0,0,0,0,0,0,0
de,555230e085593,grey,0,0,0,1,1,0,1,0,0,1,0,0,0,0,0,0,0,0,1,0
de,555230e085593,orange,0,0,0,0,0,0,0,0,0,0,0,1,4,0,4,0,0,0,0,0
de,555230e085593,pink,0,2,0,0,0,3,0,0,0,0,0,2,4,2,3,0,0,3,0,0
de,555230e085593,purple,0,0,0,3,0,2,0,0,0,0,0,2,0,0,0,3,0,0,0,0
de,555230e085593,red,0,0,3,0,0,0,0,0,0,0,0,0,3,5,4,4,0,0,0,0
de,555230e085593,turquoise,0,0,0,0,0,4,0,0,0,0,0,0,4,0,3,2,0,0,0,0
de,555230e085593,white,3,0,0,4,0,4,0,0,0,0,0,4,4,3,4,4,0,0,0,0
de,555230e085593,yellow,0,0,0,0,1,0,0,0,0,0,0,1,3,0,0,0,0,3,0,0
de,55523624ee80b,black,0,0,0,0,1,0,0,0,0,1,0,0,0,0,0,0,0,0,0,1
de,55523624ee80b,blue,0,0,0,0,0,3,2,1,1,1,0,0,0,0,0,4,0,2,0,0
de,55523624ee80b,brown,0,0,2,0,1,0,0,2,0,0,0,0,0,0,0,0,0,0,0,0
de,55523624ee80b,green,0,1,0,1,3,0,0,3,0,0,0,0,0,0,1,0,2,0,0,1
de,55523624ee80b,grey,0,0,0,0,2,0,3,0,0,2,0,0,0,0,0,0,0,0,0,2
de,55523624ee80b,orange,0,0,0,0,0,0,0,0,0,0,0,0,0,0,0,0,0,0,0,0
de,55523624ee80b,pink,0,0,0,0,0,0,0,0,0,0,0,0,0,0,0,0,0,1,0,0
de,55523624ee80b,purple,0,0,0,3,1,0,0,4,0,0,2,0,0,1,0,0,2,0,0,3
de,55523624ee80b,red,0,0,5,1,0,3,0,0,0,2,5,0,0,5,2,3,0,0,0,0
de,55523624ee80b,turquoise,0,0,0,0,0,2,0,0,0,0,0,0,2,0,0,0,0,0,0,0
de,55523624ee80b,white,0,0,0,0,0,1,0,0,0,0,0,3,0,0,0,3,0,3,0,0
de,55523624ee80b,yellow,4,0,0,0,0,4,0,0,0,0,0,0,4,0,3,2,0,2,0,0
de,5552368f3e10d,black,1,1,4,1,4,1,2,3,5,3,5,1,1,1,1,1,2,1,5,2
de,5552368f3e10d,blue,3,2,2,2,1,4,1,1,1,1,1,2,3,1,3,3,2,3,2,1
de,5552368f3e10d,brown,1,1,4,1,4,1,2,5,3,4,4,3,1,1,1,2,4,2,4,3
de,5552368f3e10d,green,5,3,1,3,1,4,2,2,1,1,1,2,3,2,3,4,1,4,1,1
de,5552368f3e10d,grey,2,1,4,1,3,1,3,4,4,4,4,3,1,1,1,3,3,1,4,1
de,5552368f3e10d,orange,4,4,1,4,1,5,1,1,1,1,1,3,5,3,5,0,1,3,1,3
de,5552368f3e10d,pink,3,4,1,2,1,5,2,1,1,1,1,3,5,4,5,3,1,4,1,1
de,5552368f3e10d,purple,3,3,2,1,1,4,2,4,3,1,2,4,1,1,1,2,3,1,1,2
de,5552368f3e10d,red,2,2,5,1,3,2,2,2,5,4,5,3,3,5,3,3,3,1,1,3
de,5552368f3e10d,turquoise,3,5,1,1,1,5,1,1,1,1,1,1,5,1,5,1,1,3,1,1
de,5552368f3e10d,white,1,1,1,4,1,3,4,1,1,1,1,2,1,1,1,4,2,3,1,1
de,5552368f3e10d,yellow,4,5,1,4,1,5,2,2,1,1,1,4,5,3,4,3,3,4,1,1
de,555236d8864bd,black,0,0,0,0,3,0,1,0,4,3,3,0,0,0,0,0,2,0,0,0
de,555236d8864bd,blue,0,0,0,4,0,0,3,0,4,0,0,0,1,0,0,0,0,0,4,0
de,555236d8864bd,brown,0,0,0,0,0,0,0,0,0,0,0,0,0,0,0,0,0,0,0,0
de,555236d8864bd,green,0,0,0,0,0,4,0,0,0,0,0,0,3,0,0,0,3,0,0,0
de,555236d8864bd,grey,0,0,0,0,0,0,0,0,0,0,0,0,0,0,0,0,0,0,0,0
de,555236d8864bd,orange,0,0,0,0,0,3,0,0,0,0,0,0,4,2,4,0,0,0,0,0
de,555236d8864bd,pink,0,0,0,3,0,0,0,0,0,0,0,0,0,0,0,0,0,0,0,0
de,555236d8864bd,purple,0,0,2,0,0,0,3,0,0,0,0,0,3,0,0,0,2,0,0,0
de,555236d8864bd,red,0,3,4,0,3,3,2,3,0,0,0,0,3,3,3,4,0,0,0,2
de,555236d8864bd,turquoise,0,0,0,0,0,0,0,1,0,0,0,0,0,3,0,0,0,0,0,0
de,555236d8864bd,white,0,0,0,0,0,0,0,0,0,0,0,3,0,0,0,0,0,3,0,0
de,555236d8864bd,yellow,0,0,0,0,0,4,0,0,0,0,0,0,4,0,4,0,0,0,0,0
de,555237ce3522b,black,0,0,4,4,0,0,3,0,0,0,5,0,0,0,0,0,0,0,5,0
de,555237ce3522b,blue,4,0,0,3,0,0,0,0,0,0,0,0,0,0,0,4,0,0,0,0
de,555237ce3522b,brown,0,0,0,0,3,0,0,2,0,0,2,0,0,0,0,0,3,0,0,3
de,555237ce3522b,green,0,4,0,0,0,0,0,0,0,0,0,0,0,0,0,4,3,4,0,3
de,555237ce3522b,grey,0,0,0,0,2,0,0,0,0,3,0,0,0,0,0,0,0,0,2,0
de,555237ce3522b,orange,0,0,0,0,0,3,0,0,0,0,0,0,5,0,5,0,0,0,0,0
de,555237ce3522b,pink,0,0,0,4,0,0,0,0,0,0,0,0,0,2,0,0,0,0,0,0
de,555237ce3522b,purple,0,0,0,0,3,0,0,0,0,0,0,0,0,0,0,0,4,0,0,0
de,555237ce3522b,red,0,0,5,0,3,0,0,0,0,0,0,0,0,5,0,0,0,0,0,0
de,555237ce3522b,turquoise,4,0,0,0,0,0,0,0,0,0,0,0,4,0,4,0,0,0,0,0
de,555237ce3522b,white,0,0,0,0,0,0,0,0,0,0,0,0,0,0,0,0,0,0,0,0
de,555237ce3522b,yellow,0,0,0,0,4,0,0,0,0,0,4,0,0,0,0,4,0,0,0,0
de,5552411b7be3e,black,0,0,0,0,3,0,0,0,5,0,0,0,0,0,0,0,0,0,5,0
de,5552411b7be3e,blue,0,0,0,4,0,0,0,0,0,0,0,3,0,0,0,3,0,0,0,0
de,5552411b7be3e,brown,0,0,0,0,0,0,0,5,0,0,0,0,0,0,0,0,0,0,0,0
de,5552411b7be3e,green,0,0,0,4,0,4,0,0,0,0,0,0,0,0,0,0,0,3,0,0
de,5552411b7be3e,grey,0,0,0,0,4,0,0,0,0,0,0,0,0,0,0,0,0,0,0,0
de,5552411b7be3e,orange,0,3,0,0,0,0,0,0,0,0,0,4,3,0,3,0,0,0,0,0
de,5552411b7be3e,pink,0,0,0,0,0,4,0,0,0,0,0,0,4,4,4,0,0,0,0,0
de,5552411b7be3e,purple,0,0,0,0,0,0,3,0,3,0,0,0,0,0,0,0,0,0,0,3
de,5552411b7be3e,red,0,0,3,0,0,0,0,0,0,0,0,0,3,5,0,0,0,0,0,0
de,5552411b7be3e,turquoise,0,0,0,0,0,5,0,0,0,0,0,0,4,0,5,3,0,0,0,0
de,5552411b7be3e,white,0,0,0,0,0,4,0,0,0,0,0,0,0,4,3,0,0,0,0,0
de,5552411b7be3e,yellow,0,0,0,0,0,3,0,0,0,0,0,4,4,0,0,0,0,0,0,0
de,55524286eda39,black,0,0,5,0,5,0,0,0,0,5,5,0,0,0,0,0,0,0,5,0
de,55524286eda39,blue,0,0,0,3,0,0,3,0,0,0,0,0,0,0,0,0,0,0,4,0
de,55524286eda39,brown,0,0,0,0,2,0,0,4,0,0,0,0,0,0,0,0,2,0,0,2
de,55524286eda39,green,0,0,0,0,0,0,0,4,0,0,0,2,0,0,0,0,0,3,2,0
de,55524286eda39,grey,0,0,0,0,4,0,0,0,0,3,0,0,0,0,0,0,0,0,3,2
de,55524286eda39,orange,0,3,4,0,0,3,0,0,0,0,0,0,0,0,0,0,0,0,0,0
de,55524286eda39,pink,0,0,0,0,0,0,0,0,0,0,0,0,4,0,3,0,0,3,0,0
de,55524286eda39,purple,2,0,3,0,0,0,0,0,0,0,0,0,0,0,2,4,0,0,0,0
de,55524286eda39,red,0,0,5,0,0,0,0,4,3,0,5,0,0,5,0,0,2,0,0,0
de,55524286eda39,turquoise,0,0,0,0,0,4,0,0,0,0,0,3,3,0,0,0,0,2,0,0
de,55524286eda39,white,0,0,0,0,0,0,0,0,4,0,0,0,0,0,0,0,0,3,0,2
de,55524286eda39,yellow,0,0,4,0,0,0,0,0,0,0,0,0,5,0,4,0,0,0,0,0
de,555248cfb658a,black,0,0,0,0,0,0,0,0,0,0,0,0,0,0,0,0,0,0,4,0
de,555248cfb658a,blue,0,0,0,0,0,2,0,0,0,0,0,0,0,0,0,0,0,0,0,0
de,555248cfb658a,brown,0,0,0,0,0,0,3,3,0,0,0,0,0,0,0,0,0,0,0,0
de,555248cfb658a,green,0,0,0,0,0,0,0,0,0,0,0,0,0,0,2,0,0,0,0,0
de,555248cfb658a,grey,0,0,0,0,0,0,0,0,0,0,0,0,0,0,0,0,0,0,1,0
de,555248cfb658a,orange,0,0,0,0,0,0,0,0,0,0,0,0,1,0,0,0,0,0,0,0
de,555248cfb658a,pink,0,0,0,0,0,0,0,0,0,0,0,0,0,3,0,0,0,0,0,0
de,555248cfb658a,purple,0,2,0,0,0,0,0,0,0,0,0,0,0,0,0,0,0,0,0,0
de,555248cfb658a,red,0,0,3,0,0,0,0,0,0,0,0,0,0,0,0,0,0,0,0,0
de,555248cfb658a,turquoise,0,0,0,0,0,0,0,0,0,0,0,0,0,0,0,0,0,2,0,0
de,555248cfb658a,white,4,0,0,0,0,3,0,0,0,0,0,0,0,0,0,3,0,0,0,0
de,555248cfb658a,yellow,0,0,0,0,0,0,0,0,0,0,0,0,4,0,0,0,0,0,0,0
de,55524f530fe2e,black,0,0,0,0,0,0,2,0,0,3,0,0,0,0,0,0,3,0,5,0
de,55524f530fe2e,blue,5,0,0,0,0,0,0,0,0,0,0,0,0,0,0,0,0,4,0,0
de,55524f530fe2e,brown,0,0,0,0,4,0,0,4,0,0,0,0,0,0,0,0,0,0,0,0
de,55524f530fe2e,green,0,0,0,0,0,4,0,0,0,0,0,0,0,0,0,4,0,4,0,0
de,55524f530fe2e,grey,0,0,0,0,0,0,5,0,0,3,0,0,0,0,0,0,0,0,3,4
de,55524f530fe2e,orange,0,4,0,0,0,0,0,0,0,0,0,0,5,0,0,0,0,0,0,0
de,55524f530fe2e,pink,0,0,0,3,0,0,0,0,0,0,0,0,0,5,0,0,0,0,0,0
de,55524f530fe2e,purple,4,0,0,4,0,0,0,0,0,0,0,0,0,0,0,0,0,0,0,0
de,55524f530fe2e,red,0,0,5,0,3,0,0,0,0,0,5,0,0,0,0,0,0,0,0,0
de,55524f530fe2e,turquoise,5,0,0,0,0,0,0,0,0,0,0,5,0,0,0,3,0,5,0,0
de,55524f530fe2e,white,3,0,0,0,0,5,0,0,0,0,0,0,0,0,3,0,0,5,0,0
de,55524f530fe2e,yellow,0,0,0,0,0,0,0,5,4,0,0,0,0,0,0,0,0,0,0,0
de,555263835d41c,black,0,0,0,3,0,0,0,0,0,1,0,2,0,0,0,2,1,0,2,0
de,555263835d41c,blue,2,0,0,2,0,2,0,0,0,0,0,2,2,0,0,0,0,0,1,0
de,555263835d41c,brown,0,0,0,3,0,3,0,0,0,0,0,0,0,3,0,0,0,0,0,0
de,555263835d41c,green,3,0,0,3,0,3,0,0,0,0,0,3,2,3,0,2,0,3,1,0
de,555263835d41c,grey,0,0,0,0,2,0,2,0,0,0,0,0,0,0,0,0,2,0,0,0
de,555263835d41c,orange,0,3,0,2,0,2,0,0,0,0,0,0,3,0,3,0,0,0,0,0
de,555263835d41c,pink,0,0,0,2,0,0,2,2,2,0,0,0,0,0,0,0,0,0,0,2
de,555263835d41c,purple,0,0,0,2,0,0,3,0,0,2,0,0,0,0,0,0,2,0,2,3
de,555263835d41c,red,1,2,0,0,0,2,0,0,0,0,0,2,3,3,3,3,0,0,0,1
de,555263835d41c,turquoise,0,0,0,0,0,0,0,0,0,0,0,2,2,0,2,0,0,0,0,0
de,555263835d41c,white,0,0,2,0,2,0,0,0,2,0,0,0,0,0,0,0,0,0,1,0
de,555263835d41c,yellow,0,3,0,0,0,3,0,0,0,0,0,3,3,0,3,3,0,0,0,0
de,555267dc01654,black,0,0,5,0,0,0,0,0,5,0,5,0,0,0,0,0,0,0,5,0
de,555267dc01654,blue,0,0,0,0,0,0,0,0,0,0,0,0,0,0,0,5,0,5,0,0
de,555267dc01654,brown,0,0,0,0,0,4,0,2,0,0,0,0,0,0,0,0,0,0,0,2
de,555267dc01654,green,0,0,0,0,0,5,0,0,0,0,0,0,0,0,0,3,0,0,0,0
de,555267dc01654,grey,0,0,0,0,0,0,4,0,0,2,0,0,0,0,0,0,0,0,0,0
de,555267dc01654,orange,0,0,0,0,0,0,0,0,0,0,0,5,0,0,0,0,0,0,0,0
de,555267dc01654,pink,0,2,0,3,0,0,0,0,0,0,0,0,0,0,0,0,0,0,0,0
de,555267dc01654,purple,0,0,0,0,0,0,0,0,0,4,0,0,0,0,0,0,0,0,0,0
de,555267dc01654,red,0,0,5,4,0,0,0,0,0,0,3,0,0,5,0,0,0,0,0,0
de,555267dc01654,turquoise,0,0,0,0,0,0,4,0,0,0,0,0,0,0,0,0,0,0,0,0
de,555267dc01654,white,0,0,0,0,0,0,0,0,0,0,0,0,0,0,0,0,5,0,0,0
de,555267dc01654,yellow,0,0,0,0,0,0,0,3,5,0,0,0,0,0,0,0,0,0,0,0
de,5553023d89513,black,0,0,4,4,5,0,2,1,1,5,4,0,0,0,0,0,0,0,5,0
de,5553023d89513,blue,0,1,1,0,3,0,4,1,3,4,2,4,2,0,0,3,0,2,4,0
de,5553023d89513,brown,0,0,0,0,0,0,0,0,0,0,0,0,0,0,0,0,0,0,0,0
de,5553023d89513,green,0,4,0,0,0,5,0,0,0,0,0,0,5,2,2,0,0,3,0,0
de,5553023d89513,grey,0,0,0,0,0,0,0,0,0,0,0,1,0,0,0,0,2,0,0,0
de,5553023d89513,orange,0,5,0,0,0,5,0,0,0,0,0,0,5,0,5,0,0,0,0,0
de,5553023d89513,pink,5,5,0,0,0,5,0,0,0,0,0,0,5,1,5,0,0,0,0,0
de,5553023d89513,purple,0,2,4,0,2,0,0,0,0,0,3,0,0,0,0,0,0,0,0,0
de,5553023d89513,red,0,0,4,0,4,0,0,2,0,0,0,0,0,5,0,0,2,0,0,0
de,5553023d89513,turquoise,0,5,0,0,0,0,0,0,0,0,0,4,5,0,5,0,0,0,0,0
de,5553023d89513,white,3,0,0,0,0,5,0,0,0,0,0,0,0,0,0,0,0,4,4,0
de,5553023d89513,yellow,3,5,0,0,0,5,0,0,0,0,0,4,5,3,5,0,0,3,0,0
de,5553032d25719,black,0,0,3,0,2,0,0,3,3,5,5,0,0,0,0,0,2,0,4,0
de,5553032d25719,blue,0,0,0,4,0,0,0,0,0,0,0,4,0,0,0,0,0,3,0,0
de,5553032d25719,brown,0,0,0,0,0,0,0,4,0,0,0,0,0,0,0,0,0,0,0,0
de,5553032d25719,green,0,0,0,3,0,3,0,0,0,0,0,0,0,0,0,2,0,0,0,0
de,5553032d25719,grey,0,0,0,0,0,0,4,0,0,0,0,0,0,0,0,0,0,0,2,0
de,5553032d25719,orange,0,4,0,0,0,0,0,0,0,0,0,0,4,0,4,0,0,0,0,0
de,5553032d25719,pink,0,3,0,3,0,0,0,0,0,0,0,0,0,3,3,0,0,2,0,0
de,5553032d25719,purple,3,0,0,0,0,3,0,0,0,0,0,0,0,0,0,4,0,0,2,0
de,5553032d25719,red,0,0,4,0,0,2,0,0,0,0,0,0,0,5,0,3,0,0,0,2
de,5553032d25719,turquoise,0,0,0,0,0,3,0,0,0,0,0,0,0,0,0,0,0,3,0,0
de,5553032d25719,white,0,0,0,0,0,0,3,0,0,0,0,0,0,0,0,3,0,0,0,0
de,5553032d25719,yellow,0,0,1,0,2,0,0,3,0,0,0,0,0,0,0,0,0,0,0,0
de,5553273011ddc,black,0,0,0,1,0,0,0,0,1,0,0,0,0,0,0,0,0,0,2,0
de,5553273011ddc,blue,1,0,0,2,0,4,0,0,0,0,0,0,4,0,3,3,0,3,0,0
de,5553273011ddc,brown,0,0,0,0,1,0,0,1,0,0,0,0,0,0,0,0,0,0,0,0
de,5553273011ddc,green,0,0,0,2,0,4,0,0,0,0,0,1,4,0,4,0,0,4,0,0
de,5553273011ddc,grey,0,0,0,2,0,1,0,0,0,0,0,0,0,0,0,0,0,0,0,0
de,5553273011ddc,orange,0,0,0,0,0,3,0,0,0,0,0,1,4,0,4,0,0,0,0,0
de,5553273011ddc,pink,0,2,0,0,0,0,0,0,0,0,0,0,3,2,3,0,0,0,0,0
de,5553273011ddc,purple,0,3,0,0,0,0,0,0,0,0,0,0,3,1,4,0,0,0,0,0
de,5553273011ddc,red,3,0,1,1,0,3,0,0,0,0,0,0,4,3,0,3,0,0,0,0
de,5553273011ddc,turquoise,0,0,0,0,0,2,0,0,0,0,0,1,3,0,1,2,0,1,0,0
de,5553273011ddc,white,0,0,0,1,0,4,0,0,0,0,0,0,2,0,3,2,0,3,0,0
de,5553273011ddc,yellow,0,0,0,0,0,2,0,0,0,0,0,0,3,0,3,0,0,0,0,0
de,55533198c2448,black,0,0,0,0,0,0,0,0,0,0,0,0,0,0,0,0,0,0,5,0
de,55533198c2448,blue,0,0,0,0,0,5,0,0,0,0,0,0,4,0,3,3,0,0,0,0
de,55533198c2448,brown,0,0,0,0,0,0,0,5,0,0,0,0,0,0,0,0,0,0,0,0
de,55533198c2448,green,0,0,0,0,0,0,0,0,0,0,0,5,5,0,5,0,0,5,0,0
de,55533198c2448,grey,0,0,0,0,0,0,4,0,0,4,0,0,0,0,0,0,0,0,3,0
de,55533198c2448,orange,0,0,0,0,0,0,0,0,0,0,0,4,4,0,0,0,0,0,0,0
de,55533198c2448,pink,0,0,0,0,0,0,0,0,0,0,0,0,0,0,0,0,0,0,0,0
de,55533198c2448,purple,0,0,0,0,0,0,0,0,0,0,0,0,0,0,0,0,0,0,0,0
de,55533198c2448,red,0,0,4,0,0,0,0,0,4,0,4,0,4,5,0,0,0,0,0,0
de,55533198c2448,turquoise,0,0,0,0,0,0,0,0,0,0,0,0,0,0,0,0,0,0,0,0
de,55533198c2448,white,0,0,0,3,0,0,0,0,0,0,0,0,0,0,0,0,0,0,0,0
de,55533198c2448,yellow,0,0,0,0,0,0,0,0,0,4,0,0,0,0,0,0,0,2,0,0
de,55534e2e4de6a,black,0,0,0,0,0,0,0,0,5,0,5,0,0,0,0,0,0,0,5,0
de,55534e2e4de6a,blue,0,0,0,0,0,0,0,0,0,0,0,5,5,0,0,0,0,0,0,0
de,55534e2e4de6a,brown,0,0,0,5,0,0,0,0,0,0,0,0,0,0,0,0,0,0,0,0
de,55534e2e4de6a,green,0,0,0,0,0,0,0,0,0,0,0,0,5,0,5,0,0,0,0,0
de,55534e2e4de6a,grey,0,0,0,0,0,0,0,0,0,0,0,0,0,0,0,0,5,0,0,5
de,55534e2e4de6a,orange,0,0,0,0,0,0,0,0,0,0,0,0,0,0,0,3,0,0,0,0
de,55534e2e4de6a,pink,0,0,0,0,0,0,0,0,0,0,0,0,0,2,0,0,0,0,0,0
de,55534e2e4de6a,purple,5,0,0,5,0,0,0,0,0,0,0,4,0,0,0,0,0,0,0,0
de,55534e2e4de6a,red,0,0,4,0,0,0,0,0,0,0,0,0,0,5,0,0,0,0,0,0
de,55534e2e4de6a,turquoise,0,0,0,0,0,0,0,0,0,0,0,0,0,0,5,0,0,0,0,0
de,55534e2e4de6a,white,0,0,0,0,0,0,0,0,0,0,0,0,0,0,0,0,0,0,0,0
de,55534e2e4de6a,yellow,0,0,0,0,0,0,0,0,0,0,0,0,5,0,5,0,0,0,0,0
de,55535be68b257,black,0,0,0,0,2,0,2,2,5,4,0,0,0,0,0,0,2,0,5,2
de,55535be68b257,blue,0,0,0,0,0,0,0,0,0,0,0,0,0,0,0,0,0,0,0,0
de,55535be68b257,brown,0,0,0,0,5,0,0,4,0,0,5,0,0,0,0,0,0,0,0,0
de,55535be68b257,green,0,0,0,0,0,0,0,0,0,0,0,0,4,0,4,0,0,4,0,0
de,55535be68b257,grey,0,0,0,0,5,0,3,0,2,4,0,0,0,0,0,0,0,0,4,1
de,55535be68b257,orange,0,5,0,0,0,5,0,0,0,0,0,0,5,0,5,0,0,0,0,0
de,55535be68b257,pink,5,5,0,0,0,5,0,0,0,0,0,0,5,5,5,0,0,5,0,0
de,55535be68b257,purple,0,0,0,0,4,0,0,0,0,0,3,0,0,0,0,0,4,0,4,0
de,55535be68b257,red,2,0,5,0,0,0,0,0,0,0,0,0,4,5,0,5,0,0,0,0
de,55535be68b257,turquoise,0,0,0,0,0,4,0,0,0,0,0,0,4,0,5,3,0,0,0,0
de,55535be68b257,white,0,0,0,0,0,0,0,0,0,0,0,0,0,0,0,0,0,5,0,0
de,55535be68b257,yellow,0,5,0,0,0,0,0,0,0,0,0,0,5,0,0,0,0,0,0,0
de,55538fa8a1f78,black,0,0,0,0,0,0,0,0,0,0,3,0,0,0,0,0,2,0,5,0
de,55538fa8a1f78,blue,0,0,0,4,0,0,0,0,0,0,0,4,0,0,0,0,0,0,0,0
de,55538fa8a1f78,brown,0,0,0,0,0,0,0,3,0,0,0,0,0,0,0,0,0,0,0,3
de,55538fa8a1f78,green,0,0,0,0,0,5,0,0,0,0,0,0,4,0,0,0,0,3,0,0
de,55538fa8a1f78,grey,0,0,0,0,0,0,3,0,4,0,0,0,0,0,0,0,3,0,0,0
de,55538fa8a1f78,orange,0,0,0,0,0,0,0,0,0,0,0,3,3,0,3,0,0,0,0,0
de,55538fa8a1f78,pink,0,0,0,0,0,0,0,0,0,0,0,0,0,5,0,0,0,0,0,0
de,55538fa8a1f78,purple,0,3,0,0,0,0,0,0,0,0,0,0,0,0,3,0,0,0,0,0
de,55538fa8a1f78,red,0,0,4,0,0,0,0,0,0,0,2,0,0,5,0,4,0,0,0,0
de,55538fa8a1f78,turquoise,3,0,0,0,0,0,0,0,0,0,0,0,4,0,4,0,0,0,0,0
de,55538fa8a1f78,white,0,0,0,0,0,3,0,0,0,0,0,0,0,0,0,4,0,3,0,0
de,55538fa8a1f78,yellow,0,0,0,0,0,0,0,0,0,0,0,0,5,0,3,0,0,3,0,0
de,5553a7bebee13,black,0,0,5,0,5,0,4,0,5,4,5,0,0,0,0,0,4,0,5,3
de,5553a7bebee13,blue,5,1,0,2,0,5,0,0,0,0,0,3,4,1,3,4,0,3,0,0
de,5553a7bebee13,brown,0,0,0,0,0,0,0,4,0,0,0,0,0,0,0,0,0,0,0,0
de,5553a7bebee13,green,5,1,0,1,0,5,0,0,0,0,0,3,3,1,3,5,0,2,0,0
de,5553a7bebee13,grey,0,0,0,3,0,0,1,0,1,1,0,0,0,0,0,0,0,0,3,0
de,5553a7bebee13,orange,3,4,0,2,0,4,0,0,0,0,0,4,4,2,4,3,0,2,0,0
de,5553a7bebee13,pink,1,4,0,3,0,4,0,0,0,0,0,4,5,4,5,3,0,5,0,0
de,5553a7bebee13,purple,0,4,0,1,0,0,0,0,0,0,0,3,2,0,2,0,0,0,0,0
de,5553a7bebee13,red,0,3,5,0,4,0,0,0,0,0,4,2,1,5,1,4,0,0,0,2
de,5553a7bebee13,turquoise,1,4,0,0,0,2,0,0,0,0,0,3,3,0,4,1,0,0,0,0
de,5553a7bebee13,white,5,0,0,0,0,5,0,0,0,0,0,0,1,5,1,5,0,5,0,0
de,5553a7bebee13,yellow,0,3,2,0,4,1,0,4,0,0,1,0,2,0,2,0,0,0,0,0
de,5553bc453df26,black,0,0,0,0,5,0,5,0,0,5,5,0,0,0,0,0,0,0,5,0
de,5553bc453df26,blue,0,0,0,0,0,0,2,0,0,2,0,0,0,0,0,0,3,0,1,0
de,5553bc453df26,brown,0,0,0,0,3,0,0,0,0,5,3,0,0,0,0,0,5,0,0,0
de,5553bc453df26,green,0,3,0,0,0,5,0,0,0,0,0,5,4,4,5,0,0,5,0,0
de,5553bc453df26,grey,0,0,0,0,4,0,3,0,0,0,0,0,0,0,0,0,0,0,0,3
de,5553bc453df26,orange,4,0,0,0,0,3,0,0,0,0,0,0,5,0,5,0,0,0,0,0
de,5553bc453df26,pink,0,0,0,0,0,4,0,0,0,0,0,4,4,5,4,0,0,0,0,0
de,5553bc453df26,purple,4,0,0,0,0,4,0,0,0,0,0,0,0,5,4,0,0,4,0,0
de,5553bc453df26,red,0,0,5,0,4,0,0,4,4,0,5,0,0,5,0,0,0,0,0,4
de,5553bc453df26,turquoise,0,5,0,0,0,4,0,0,0,0,0,0,5,4,5,5,0,0,0,0
de,5553bc453df26,white,0,0,0,0,0,0,0,0,0,0,0,0,0,0,0,0,0,5,0,0
de,5553bc453df26,yellow,0,4,0,0,0,3,0,0,0,0,0,0,5,0,5,5,0,4,0,0
de,5554758f1e8da,black,0,0,0,0,3,0,0,0,0,0,4,0,0,0,0,0,0,0,1,0
de,5554758f1e8da,blue,0,0,0,0,0,0,0,0,0,0,0,0,0,0,1,0,0,5,3,0
de,5554758f1e8da,brown,0,0,0,0,0,5,0,0,0,0,0,1,0,0,0,0,0,0,0,0
de,5554758f1e8da,green,0,0,0,0,0,5,0,0,0,0,0,3,4,0,0,0,0,4,0,0
de,5554758f1e8da,grey,0,0,0,0,2,0,3,0,0,0,0,0,0,0,0,0,0,0,3,0
de,5554758f1e8da,orange,0,0,0,0,0,3,0,0,0,0,0,5,5,0,0,2,0,0,0,0
de,5554758f1e8da,pink,4,3,0,0,0,0,0,0,0,0,0,0,0,0,0,0,0,0,0,1
de,5554758f1e8da,purple,0,0,0,0,3,0,0,0,0,3,0,0,0,0,0,3,3,0,0,3
de,5554758f1e8da,red,0,0,5,0,0,0,0,0,0,0,0,0,0,5,0,0,0,0,0,0
de,5554758f1e8da,turquoise,0,0,0,1,0,0,1,0,0,0,0,2,0,0,0,0,0,0,1,0
de,5554758f1e8da,white,0,0,0,3,0,0,0,0,3,0,0,0,0,0,0,0,0,0,3,0
de,5554758f1e8da,yellow,0,0,0,0,4,0,0,0,0,0,0,3,5,0,0,5,0,0,0,3
de,55548e6e3104f,black,0,0,0,0,3,0,0,0,3,0,3,0,0,0,0,0,0,0,5,0
de,55548e6e3104f,blue,0,0,0,0,0,4,0,0,0,0,0,0,5,0,0,0,0,0,0,0
de,55548e6e3104f,brown,0,0,0,0,3,0,3,0,0,0,0,0,0,0,0,0,0,0,0,0
de,55548e6e3104f,green,0,0,0,0,0,3,0,0,0,0,0,0,5,0,5,0,0,0,0,0
de,55548e6e3104f,grey,0,0,0,0,0,0,0,0,0,0,0,0,0,0,0,0,0,0,0,0
de,55548e6e3104f,orange,0,5,0,0,0,0,0,0,0,0,0,0,1,0,0,0,0,0,0,0
de,55548e6e3104f,pink,4,0,0,4,0,0,0,0,0,0,0,0,0,0,0,0,0,4,0,0
de,55548e6e3104f,purple,3,0,0,0,0,4,0,0,0,0,0,0,0,0,0,0,0,0,0,0
de,55548e6e3104f,red,4,0,3,3,0,0,0,0,0,0,0,0,0,5,0,0,0,0,0,0
de,55548e6e3104f,turquoise,0,0,0,0,0,0,0,0,0,0,0,4,0,0,3,0,0,0,0,0
de,55548e6e3104f,white,0,0,0,0,0,0,0,0,0,0,0,0,0,0,0,5,0,0,0,0
de,55548e6e3104f,yellow,0,4,0,0,0,0,0,4,0,0,0,0,4,0,0,0,0,0,0,0
de,5554af95998dd,black,0,0,4,1,3,0,0,0,4,2,4,0,0,0,0,0,1,0,5,0
de,5554af95998dd,blue,0,0,0,1,0,4,0,0,0,1,0,2,0,0,0,5,0,0,0,0
de,5554af95998dd,brown,0,0,0,0,0,0,0,3,1,2,0,0,0,0,0,0,1,0,0,0
de,5554af95998dd,green,0,4,0,0,0,3,0,0,0,0,0,3,4,0,4,0,0,4,0,0
de,5554af95998dd,grey,0,0,0,2,0,3,0,0,0,0,0,0,0,0,0,3,0,0,1,0
de,5554af95998dd,orange,0,4,0,0,0,0,0,0,0,0,0,0,2,0,3,0,0,2,0,0
de,5554af95998dd,pink,0,0,0,0,0,0,0,0,0,0,0,0,0,1,3,0,0,0,0,0
de,5554af95998dd,purple,0,0,0,0,0,0,2,0,0,0,0,0,0,0,0,4,2,0,1,0
de,5554af95998dd,red,0,0,5,2,0,0,0,0,0,0,4,0,3,5,0,4,0,0,0,3
de,5554af95998dd,turquoise,0,0,0,0,0,4,0,0,0,0,0,3,0,0,3,5,0,0,0,0
de,5554af95998dd,white,0,0,0,2,0,0,0,0,0,0,0,0,0,0,0,0,0,3,0,0
de,5554af95998dd,yellow,0,0,0,0,0,3,0,0,0,0,0,4,5,0,5,3,0,4,0,0
de,5554c2ab2d814,black,0,0,5,0,0,0,4,0,5,5,5,0,0,0,0,2,0,0,5,0
de,5554c2ab2d814,blue,3,0,0,0,2,0,4,0,0,3,0,0,0,0,0,0,0,0,4,0
de,5554c2ab2d814,brown,0,4,0,3,0,2,0,2,0,0,3,4,0,0,0,0,0,0,0,0
de,5554c2ab2d814,green,5,0,0,0,0,4,0,0,0,0,0,0,4,0,4,3,0,0,0,0
de,5554c2ab2d814,grey,0,0,4,3,0,0,0,0,5,0,0,0,0,0,0,0,0,0,0,0
de,5554c2ab2d814,orange,4,0,0,5,0,0,0,0,0,0,0,4,3,0,3,0,0,4,0,2
de,5554c2ab2d814,pink,0,2,0,0,0,0,0,0,0,0,0,0,2,2,0,0,0,0,0,2
de,5554c2ab2d814,purple,0,4,0,0,0,0,0,0,0,0,0,0,0,0,4,0,2,0,0,0
de,5554c2ab2d814,red,0,0,5,0,0,0,0,0,5,5,0,0,3,5,0,0,5,0,0,5
de,5554c2ab2d814,turquoise,0,4,0,0,2,0,0,0,0,0,0,0,0,0,0,2,0,3,0,0
de,5554c2ab2d814,white,0,0,0,2,0,4,0,0,0,0,0,0,0,0,0,0,0,3,0,0
de,5554c2ab2d814,yellow,0,0,0,0,0,3,2,3,0,0,3,0,0,0,2,0,0,0,0,0
de,5555f1faaf00b,black,0,0,0,0,0,0,1,0,5,0,3,0,0,0,0,0,0,0,0,0
de,5555f1faaf00b,blue,0,0,0,0,0,0,0,0,0,0,0,0,4,0,2,4,0,5,0,0
de,5555f1faaf00b,brown,0,0,0,0,0,0,0,3,0,0,0,0,0,0,0,0,0,0,3,0
de,5555f1faaf00b,green,0,0,0,0,0,4,0,0,0,0,0,0,3,0,4,0,0,0,0,0
de,5555f1faaf00b,grey,0,0,0,0,0,0,0,0,0,0,0,0,0,0,0,0,0,0,5,0
de,5555f1faaf00b,orange,0,0,0,0,0,0,0,0,0,0,0,0,4,0,0,0,0,0,0,0
de,5555f1faaf00b,pink,0,0,0,0,0,0,0,0,0,0,0,0,0,4,0,0,0,0,0,0
de,5555f1faaf00b,purple,0,0,0,0,0,0,0,0,0,0,0,2,0,0,0,0,0,0,0,4
de,5555f1faaf00b,red,0,0,4,0,0,0,0,0,0,0,0,0,0,5,0,0,0,0,0,0
de,5555f1faaf00b,turquoise,0,0,0,0,0,5,0,0,0,0,0,0,5,0,0,0,0,0,0,0
de,5555f1faaf00b,white,0,0,0,5,0,0,0,0,0,0,0,0,0,0,0,4,0,0,0,0
de,5555f1faaf00b,yellow,0,0,0,0,0,4,0,0,0,0,0,2,0,0,5,0,0,0,0,0
de,55572c85753b4,black,0,0,0,0,0,0,0,0,0,3,0,0,0,0,0,0,2,0,4,0
de,55572c85753b4,blue,0,0,0,2,0,0,0,0,0,0,0,0,0,0,0,0,0,1,0,0
de,55572c85753b4,brown,0,0,0,0,3,0,0,3,0,0,0,0,0,0,0,0,0,0,0,0
de,55572c85753b4,green,0,0,0,0,0,0,0,0,0,0,0,3,2,0,0,5,0,0,0,0
de,55572c85753b4,grey,0,0,0,0,0,0,2,0,0,0,0,0,0,0,0,0,0,0,0,0
de,55572c85753b4,orange,0,3,0,0,0,0,0,0,0,0,0,0,0,0,0,0,0,0,0,0
de,55572c85753b4,pink,0,1,0,0,0,0,0,0,0,0,0,0,1,1,4,0,0,0,0,0
de,55572c85753b4,purple,0,0,0,0,0,0,0,0,0,0,0,0,0,0,0,0,0,0,0,2
de,55572c85753b4,red,0,0,0,0,0,0,0,0,0,0,0,0,0,5,0,0,0,0,0,0
de,55572c85753b4,turquoise,0,0,0,0,0,3,0,0,0,0,0,0,0,0,2,0,0,0,0,0
de,55572c85753b4,white,0,0,1,0,0,0,0,0,0,0,1,0,0,0,0,2,0,0,0,0
de,55572c85753b4,yellow,0,0,0,0,1,0,0,0,0,0,0,0,0,0,3,1,0,0,0,0
de,55574432f2456,black,0,0,0,1,0,0,2,0,0,1,0,0,0,0,0,0,0,0,5,0
de,55574432f2456,blue,0,0,0,0,0,4,0,0,0,0,0,0,0,0,0,4,0,3,0,0
de,55574432f2456,brown,0,0,0,0,0,0,0,0,0,0,0,0,0,0,0,0,0,0,0,0
de,55574432f2456,green,0,1,0,0,0,0,0,0,0,0,0,0,2,0,0,0,0,0,0,0
de,55574432f2456,grey,0,0,0,0,0,0,0,0,0,0,0,0,0,0,0,0,0,0,4,0
de,55574432f2456,orange,0,0,0,0,0,0,0,0,0,0,0,0,0,0,0,0,0,0,0,0
de,55574432f2456,pink,0,0,0,0,0,0,0,0,0,0,0,0,0,0,3,0,0,0,0,0
de,55574432f2456,purple,0,0,0,0,0,0,0,0,0,0,0,0,0,0,0,0,0,0,0,2
de,55574432f2456,red,0,0,4,0,0,0,0,0,0,4,0,0,0,5,0,0,0,0,0,4
de,55574432f2456,turquoise,0,0,0,0,0,0,0,0,0,0,0,0,0,0,0,0,0,0,0,0
de,55574432f2456,white,1,0,0,0,0,0,0,0,1,0,0,0,0,0,0,0,0,3,0,0
de,55574432f2456,yellow,0,0,0,0,2,0,0,4,0,0,0,0,0,0,0,0,0,0,0,0
de,55588c081aa80,black,0,0,0,0,4,0,5,0,2,4,5,0,0,0,0,0,5,0,5,4
de,55588c081aa80,blue,3,0,0,2,0,5,0,0,0,1,0,0,0,0,0,0,0,0,0,0
de,55588c081aa80,brown,0,0,0,1,0,0,0,1,0,0,0,0,0,0,0,0,0,0,0,1
de,55588c081aa80,green,4,0,0,5,0,5,0,0,0,0,0,4,4,0,0,3,0,5,0,0
de,55588c081aa80,grey,0,0,0,0,0,0,0,0,0,0,0,0,0,0,0,0,0,0,0,0
de,55588c081aa80,orange,0,0,0,0,0,0,0,0,0,0,0,0,0,0,0,0,0,0,0,0
de,55588c081aa80,pink,0,0,0,0,0,0,0,0,0,0,0,2,3,4,4,0,0,0,0,1
de,55588c081aa80,purple,2,0,0,0,0,3,0,0,0,0,0,0,0,0,0,0,1,0,0,0
de,55588c081aa80,red,0,0,5,0,0,0,0,0,0,0,0,0,0,5,2,2,0,0,0,4
de,55588c081aa80,turquoise,0,0,0,0,0,3,0,0,0,0,0,3,4,0,5,0,0,3,0,0
de,55588c081aa80,white,3,0,0,0,0,4,0,0,0,0,0,4,0,0,0,4,0,4,2,0
de,55588c081aa80,yellow,0,0,0,0,0,0,0,0,1,0,0,0,3,0,0,0,0,0,0,0
de,5558ea91585c9,black,0,0,3,0,5,0,0,1,4,3,4,0,0,0,0,0,1,0,5,1
de,5558ea91585c9,blue,4,0,2,5,0,4,3,0,0,2,0,3,2,0,0,3,0,4,2,1
de,5558ea91585c9,brown,0,0,1,2,3,0,0,1,1,4,0,0,0,0,0,0,5,0,0,3
de,5558ea91585c9,green,3,0,0,4,0,5,0,3,0,0,0,4,4,2,4,0,2,4,0,0
de,5558ea91585c9,grey,0,0,2,0,3,0,4,4,4,3,3,0,0,0,0,0,3,0,2,3
de,5558ea91585c9,orange,0,1,2,0,2,0,0,4,0,0,0,0,1,0,0,0,0,0,0,0
de,5558ea91585c9,pink,3,4,0,2,0,3,0,0,0,0,0,2,4,3,4,3,0,2,0,0
de,5558ea91585c9,purple,0,4,2,0,3,0,3,3,0,0,0,3,0,0,0,3,3,0,0,0
de,5558ea91585c9,red,3,4,4,0,3,0,1,3,3,1,0,2,4,5,4,3,0,3,0,0
de,5558ea91585c9,turquoise,4,0,0,3,0,4,0,0,0,0,0,5,3,0,4,0,0,4,0,0
de,5558ea91585c9,white,3,0,0,4,0,3,2,0,0,0,0,2,5,5,0,3,0,5,0,0
de,5558ea91585c9,yellow,4,4,0,4,0,4,0,0,0,0,0,5,5,2,0,0,0,4,0,0
de,555995e01d05e,black,0,0,0,0,4,0,0,0,4,0,5,0,0,0,0,0,0,0,5,0
de,555995e01d05e,blue,0,0,0,0,0,3,0,0,3,0,0,0,0,0,0,3,0,0,0,0
de,555995e01d05e,brown,0,0,0,0,0,4,0,3,0,0,0,0,0,0,0,0,0,0,0,0
de,555995e01d05e,green,0,0,0,0,0,0,0,0,0,0,0,4,0,0,0,0,0,4,0,0
de,555995e01d05e,grey,0,0,4,0,0,0,0,0,0,3,4,0,0,0,0,0,4,0,5,0
de,555995e01d05e,orange,0,0,0,0,0,5,0,0,0,0,0,5,5,0,5,0,0,0,0,0
de,555995e01d05e,pink,4,0,0,0,0,0,0,0,0,0,0,0,0,3,4,4,0,0,0,0
de,555995e01d05e,purple,0,0,0,0,0,4,0,0,0,0,0,0,4,0,4,0,0,0,0,0
de,555995e01d05e,red,0,4,4,0,4,5,0,0,0,0,0,0,5,5,5,4,0,0,0,0
de,555995e01d05e,turquoise,0,0,5,0,5,0,0,0,0,0,5,0,0,0,0,0,0,0,0,0
de,555995e01d05e,white,0,0,0,0,0,0,0,0,0,0,0,0,0,0,0,0,0,0,0,0
de,555995e01d05e,yellow,0,0,0,0,0,0,0,0,0,0,0,5,4,0,0,0,0,0,0,0
de,5559b31bdd164,black,0,0,0,0,0,0,0,0,0,0,0,0,0,0,0,2,0,0,4,0
de,5559b31bdd164,blue,0,0,0,0,0,0,0,0,0,0,0,0,0,0,0,0,0,2,0,0
de,5559b31bdd164,brown,0,0,0,0,0,0,0,0,0,0,2,0,0,0,0,0,0,0,0,0
de,5559b31bdd164,green,0,0,0,1,0,0,0,0,0,0,0,0,0,0,2,0,0,0,0,0
de,5559b31bdd164,grey,0,0,0,0,0,0,1,0,0,0,0,0,0,0,0,0,0,0,1,1
de,5559b31bdd164,orange,0,0,0,0,0,0,0,0,0,0,0,4,0,0,2,0,0,0,0,0
de,5559b31bdd164,pink,0,0,0,0,0,0,0,0,0,0,0,0,0,2,0,0,0,0,0,0
de,5559b31bdd164,purple,0,0,0,3,0,0,0,0,0,0,0,0,0,0,0,0,3,0,0,0
de,5559b31bdd164,red,0,0,3,0,0,0,0,0,0,0,0,0,0,3,0,0,0,0,0,0
de,5559b31bdd164,turquoise,0,0,0,0,0,0,0,0,0,0,0,0,0,0,0,0,0,0,0,0
de,5559b31bdd164,white,0,0,0,0,0,0,0,0,0,0,0,0,0,0,0,0,0,0,0,0
de,5559b31bdd164,yellow,0,0,0,0,0,0,0,0,0,0,0,0,0,0,0,0,0,0,0,0
de,5559e87e6b55c,black,0,0,0,0,0,0,3,0,0,0,0,0,0,0,0,0,0,0,5,0
de,5559e87e6b55c,blue,0,0,0,0,0,4,0,0,0,0,0,0,0,0,0,0,0,0,0,0
de,5559e87e6b55c,brown,0,0,3,0,0,0,0,4,0,0,4,0,0,0,0,0,0,0,0,2
de,5559e87e6b55c,green,0,0,0,0,0,3,0,0,0,0,0,4,0,0,0,0,0,0,0,0
de,5559e87e6b55c,grey,0,0,0,0,0,0,0,0,3,0,0,0,0,0,0,0,2,0,0,0
de,5559e87e6b55c,orange,0,0,0,0,0,0,0,0,0,0,0,1,4,0,5,0,0,0,0,0
de,5559e87e6b55c,pink,0,0,0,0,0,2,0,0,0,0,0,0,0,3,0,0,0,4,0,0
de,5559e87e6b55c,purple,0,4,0,0,0,0,0,0,0,0,0,0,0,0,3,0,0,0,0,0
de,5559e87e6b55c,red,3,0,4,0,0,0,0,0,0,0,3,0,0,5,0,0,0,0,0,1
de,5559e87e6b55c,turquoise,0,0,0,0,0,0,0,0,0,0,0,0,0,0,0,0,0,0,0,0
de,5559e87e6b55c,white,0,0,0,0,0,3,0,0,0,0,0,0,0,0,0,2,0,4,0,0
de,5559e87e6b55c,yellow,0,1,0,0,0,0,0,0,0,0,0,0,5,0,4,0,0,2,0,0
de,555b41bd49426,black,0,0,0,0,0,0,4,3,4,0,2,0,0,0,0,0,4,0,5,0
de,555b41bd49426,blue,2,0,0,0,0,2,0,0,0,0,0,2,3,0,2,0,0,0,0,0
de,555b41bd49426,brown,0,0,0,0,0,0,0,4,0,2,2,0,0,0,0,0,0,0,1,0
de,555b41bd49426,green,0,0,0,0,0,4,0,0,0,0,0,0,4,0,3,4,0,0,0,0
de,555b41bd49426,grey,0,0,0,0,0,0,4,0,2,0,0,0,0,0,0,0,1,0,0,0
de,555b41bd49426,orange,0,0,0,0,3,0,0,0,0,0,0,0,0,2,1,4,0,0,0,0
de,555b41bd49426,pink,0,0,0,0,0,3,0,0,0,0,0,0,3,4,0,0,0,0,0,0
de,555b41bd49426,purple,0,0,0,0,2,0,0,0,0,0,0,0,0,2,2,0,0,0,0,0
de,555b41bd49426,red,0,0,3,0,0,0,0,0,0,0,2,0,3,5,4,0,0,0,0,0
de,555b41bd49426,turquoise,0,0,0,0,0,4,0,0,0,0,0,0,4,0,4,0,0,0,0,0
de,555b41bd49426,white,0,0,0,4,0,0,0,0,0,0,0,0,0,3,0,0,0,0,4,0
de,555b41bd49426,yellow,0,0,0,0,0,0,0,2,0,0,0,0,4,0,0,2,0,0,0,0
de,555c66d133f26,black,0,0,0,0,0,0,0,0,4,3,4,0,0,0,0,0,0,0,4,0
de,555c66d133f26,blue,5,0,0,0,0,3,0,0,0,0,0,0,0,0,0,0,0,0,0,0
de,555c66d133f26,brown,0,0,0,0,0,0,4,4,0,0,0,0,0,0,0,0,0,0,0,0
de,555c66d133f26,green,0,0,0,0,0,0,0,3,0,0,0,0,0,0,0,0,0,0,0,0
de,555c66d133f26,grey,0,0,0,0,4,0,0,2,4,3,4,0,0,0,0,0,3,0,3,0
de,555c66d133f26,orange,0,0,0,4,0,0,0,0,0,0,0,4,4,0,4,4,0,0,0,0
de,555c66d133f26,pink,0,0,0,4,0,0,0,0,0,3,0,0,4,4,0,0,0,0,0,0
de,555c66d133f26,purple,0,0,0,0,0,0,0,0,0,0,0,0,4,4,4,0,0,4,0,0
de,555c66d133f26,red,0,3,4,0,2,0,0,0,0,3,2,3,0,5,0,3,0,0,0,0
de,555c66d133f26,turquoise,5,0,0,0,0,5,0,0,0,0,0,4,4,0,4,0,0,4,0,0
de,555c66d133f26,white,0,0,0,0,0,0,0,0,3,0,0,0,0,0,0,0,0,2,0,0
de,555c66d133f26,yellow,3,0,0,4,0,0,0,0,0,0,0,4,5,0,4,0,0,4,0,0
de,555e318c13e24,black,0,0,5,0,5,0,0,0,0,5,5,0,0,0,0,0,5,0,5,5
de,555e318c13e24,blue,0,0,0,0,0,0,0,0,0,0,0,0,0,0,0,4,0,0,0,0
de,555e318c13e24,brown,0,0,0,0,0,0,0,1,0,0,0,0,0,0,0,0,0,0,0,0
de,555e318c13e24,green,0,0,0,0,0,0,0,0,0,0,0,0,3,0,3,3,0,0,0,0
de,555e318c13e24,grey,0,0,0,0,0,0,4,0,5,0,0,0,0,0,0,0,0,0,0,4
de,555e318c13e24,orange,0,0,0,0,0,3,0,0,0,0,0,0,5,0,5,4,0,0,0,0
de,555e318c13e24,pink,4,0,0,0,0,3,0,0,0,0,0,0,0,3,0,0,0,0,0,0
de,555e318c13e24,purple,0,0,0,5,0,0,0,0,0,0,0,0,0,0,0,0,0,0,5,0
de,555e318c13e24,red,4,0,0,0,0,5,0,0,0,0,0,0,0,5,4,0,0,0,0,0
de,555e318c13e24,turquoise,0,0,0,0,0,0,0,0,0,0,0,0,5,0,5,0,0,0,0,0
de,555e318c13e24,white,0,0,0,0,0,0,0,0,0,0,0,0,0,0,0,0,5,4,0,4
de,555e318c13e24,yellow,0,0,0,0,0,0,0,0,0,0,0,0,5,0,4,0,0,0,0,0
de,555efb3b40bae,black,0,0,0,0,0,0,0,0,4,0,4,0,0,0,0,0,0,0,4,0
de,555efb3b40bae,blue,0,0,0,0,0,0,0,0,0,0,0,3,0,0,0,3,0,0,0,0
de,555efb3b40bae,brown,0,0,0,0,4,0,0,2,0,0,0,0,0,0,0,0,0,0,0,0
de,555efb3b40bae,green,0,0,0,0,0,4,0,0,0,0,0,0,0,0,0,3,0,0,0,0
de,555efb3b40bae,grey,0,0,3,0,0,0,0,0,0,4,0,0,0,0,0,0,0,0,0,0
de,555efb3b40bae,orange,0,4,0,0,0,0,0,0,0,0,0,0,4,0,0,0,0,0,0,0
de,555efb3b40bae,pink,0,0,0,0,0,0,0,0,0,0,0,0,0,0,4,0,0,0,0,0
de,555efb3b40bae,purple,0,0,0,0,0,0,0,0,4,0,0,0,0,0,0,0,1,0,0,0
de,555efb3b40bae,red,0,0,0,0,0,0,0,0,0,0,0,3,0,5,0,0,0,0,0,0
de,555efb3b40bae,turquoise,0,0,0,0,0,0,0,0,0,0,0,0,0,0,0,0,3,0,0,0
de,555efb3b40bae,white,4,0,0,0,0,0,0,0,0,0,0,0,0,0,0,0,0,4,0,0
de,555efb3b40bae,yellow,0,4,0,0,0,4,0,0,0,0,0,0,5,0,0,0,0,0,0,0
de,555f8bcde06c7,black,0,0,0,0,0,0,0,0,0,3,4,0,0,0,0,0,0,0,5,0
de,555f8bcde06c7,blue,0,0,0,3,0,0,0,0,0,0,0,0,0,0,0,0,0,3,0,0
de,555f8bcde06c7,brown,0,0,0,0,0,0,0,5,0,0,0,0,0,0,0,0,0,0,0,0
de,555f8bcde06c7,green,0,0,0,0,0,5,0,0,0,0,0,0,0,0,0,0,0,0,0,0
de,555f8bcde06c7,grey,0,0,0,0,5,0,0,0,5,0,0,0,0,0,0,0,0,0,0,0
de,555f8bcde06c7,orange,0,0,0,0,0,0,0,0,0,0,0,5,0,0,0,0,0,0,0,0
de,555f8bcde06c7,pink,4,0,0,3,0,0,0,0,0,0,0,0,0,0,0,0,0,0,0,0
de,555f8bcde06c7,purple,0,0,0,0,0,0,0,0,0,2,0,0,0,0,0,5,2,0,0,0
de,555f8bcde06c7,red,0,0,5,0,0,0,0,0,0,0,0,0,0,5,0,0,0,0,0,0
de,555f8bcde06c7,turquoise,5,0,0,0,0,0,0,0,0,0,0,0,0,0,0,0,0,0,0,0
de,555f8bcde06c7,white,0,0,0,0,0,3,0,0,0,0,0,0,0,0,0,0,0,3,0,3
de,555f8bcde06c7,yellow,0,0,0,0,1,0,3,0,0,0,0,0,0,0,0,0,0,0,0,0
de,5562c66f446a4,black,0,0,0,0,0,0,0,0,0,0,0,0,0,0,0,4,0,0,5,0
de,5562c66f446a4,blue,0,0,0,0,0,0,0,0,0,0,0,0,0,0,0,0,0,0,0,0
de,5562c66f446a4,brown,0,0,0,0,0,4,0,0,0,0,0,0,0,0,0,0,0,0,0,0
de,5562c66f446a4,green,4,0,0,0,0,0,0,0,0,0,0,0,0,0,0,0,0,0,0,0
de,5562c66f446a4,grey,0,0,0,0,0,0,0,0,0,0,0,0,0,0,0,0,0,0,0,0
de,5562c66f446a4,orange,0,0,0,0,0,0,0,0,0,0,0,0,0,0,0,0,0,0,0,0
de,5562c66f446a4,pink,0,4,0,0,0,4,0,0,0,0,0,0,0,0,0,0,0,0,0,0
de,5562c66f446a4,purple,0,0,0,3,0,0,0,0,0,0,0,0,0,0,0,0,0,0,3,0
de,5562c66f446a4,red,0,0,0,0,0,0,0,0,0,0,3,0,0,5,0,0,0,0,0,0
de,5562c66f446a4,turquoise,0,0,0,0,0,0,0,0,0,0,0,0,4,0,0,0,0,4,0,0
de,5562c66f446a4,white,0,0,0,5,0,0,0,0,0,0,0,0,0,0,0,0,0,0,0,0
de,5562c66f446a4,yellow,0,0,0,0,0,0,0,0,0,0,0,0,5,0,0,0,0,0,0,0
de,55631f091d66e,black,3,1,1,1,1,4,1,1,1,2,1,5,3,1,3,4,1,3,4,1
de,55631f091d66e,blue,3,3,1,2,1,5,1,1,1,2,1,4,4,3,4,4,2,4,2,1
de,55631f091d66e,brown,1,3,1,3,1,4,1,1,1,1,1,3,4,1,4,3,1,4,1,1
de,55631f091d66e,green,2,4,1,5,1,5,1,1,1,1,1,4,5,5,5,3,1,5,3,1
de,55631f091d66e,grey,3,1,1,1,4,4,4,1,3,4,2,0,2,1,2,2,4,3,4,1
de,55631f091d66e,orange,2,4,5,4,5,2,1,5,5,4,5,4,3,1,4,2,1,1,5,1
de,55631f091d66e,pink,1,4,2,1,4,1,1,4,1,1,2,1,1,3,1,1,1,1,1,1
de,55631f091d66e,purple,1,3,1,1,1,3,1,1,1,1,1,4,3,2,3,3,1,1,1,1
de,55631f091d66e,red,1,4,4,1,1,2,1,1,1,1,3,5,4,4,4,0,1,1,1,1
de,55631f091d66e,turquoise,1,1,1,1,3,1,0,3,1,1,2,1,1,1,1,1,1,1,1,1
de,55631f091d66e,white,1,1,1,3,1,3,1,1,1,2,1,1,3,3,3,1,1,3,3,1
de,55631f091d66e,yellow,2,4,3,2,4,2,3,3,1,2,3,4,4,2,4,4,2,2,2,2
de,55638804756d1,black,0,0,0,0,0,0,0,0,2,0,0,0,0,0,0,0,0,0,5,0
de,55638804756d1,blue,4,0,0,0,0,4,0,0,0,0,0,0,0,0,0,0,0,0,0,0
de,55638804756d1,brown,0,0,0,0,0,0,0,0,0,0,0,0,0,0,0,0,0,0,0,0
de,55638804756d1,green,4,0,0,0,0,0,0,0,0,0,0,0,0,0,0,0,0,0,0,0
de,55638804756d1,grey,0,0,0,0,0,0,0,0,3,0,0,0,0,0,0,0,0,0,0,3
de,55638804756d1,orange,0,2,0,0,0,0,0,0,0,0,0,0,0,0,3,0,0,0,0,0
de,55638804756d1,pink,0,0,0,0,0,0,0,0,0,0,0,0,0,0,4,0,0,0,0,0
de,55638804756d1,purple,0,0,0,0,0,0,0,0,0,0,0,0,0,0,0,4,0,0,3,0
de,55638804756d1,red,0,0,0,0,0,0,0,0,0,0,0,0,4,4,0,0,0,0,0,0
de,55638804756d1,turquoise,4,0,0,0,0,0,0,0,0,0,0,3,2,0,0,0,0,0,0,0
de,55638804756d1,white,0,0,0,0,0,0,0,0,0,0,0,0,0,0,0,0,0,5,0,0
de,55638804756d1,yellow,0,0,0,0,0,0,0,0,0,0,0,0,3,0,0,0,0,3,0,0
de,556441d9e7488,black,0,0,0,0,3,0,4,0,0,4,4,0,0,0,0,0,0,0,5,0
de,556441d9e7488,blue,0,0,0,3,0,4,0,0,0,0,0,0,0,0,2,3,0,0,0,0
de,556441d9e7488,brown,0,0,0,0,0,0,0,4,0,0,0,0,0,0,0,0,0,0,0,4
de,556441d9e7488,green,0,0,0,4,0,4,0,0,0,0,0,4,0,3,0,0,0,3,0,0
de,556441d9e7488,grey,0,0,0,0,0,0,4,0,0,3,0,0,0,0,0,0,0,0,4,0
de,556441d9e7488,orange,4,0,0,0,0,3,0,0,0,0,0,4,0,0,4,4,0,0,0,0
de,556441d9e7488,pink,3,0,0,0,0,2,0,0,0,0,0,0,0,0,2,2,0,2,0,0
de,556441d9e7488,purple,3,0,0,0,0,3,0,0,0,0,0,0,0,0,0,4,0,0,0,0
de,556441d9e7488,red,0,0,5,0,0,0,0,0,0,0,0,0,0,4,0,4,0,0,0,0
de,556441d9e7488,turquoise,0,2,0,0,0,0,0,0,0,0,0,0,3,0,3,0,0,0,0,0
de,556441d9e7488,white,4,0,0,4,0,3,0,0,0,0,0,0,2,0,0,4,0,5,0,0
de,556441d9e7488,yellow,0,0,0,0,0,0,0,0,0,0,0,0,4,3,5,0,0,0,0,0
de,556615f276ec5,black,0,0,0,0,0,0,0,0,0,0,5,0,0,0,0,0,0,0,5,0
de,556615f276ec5,blue,0,0,0,0,0,5,0,0,0,0,0,4,0,0,0,0,0,0,0,0
de,556615f276ec5,brown,0,0,0,0,0,0,0,5,0,0,0,0,0,0,0,0,0,0,0,2
de,556615f276ec5,green,0,0,5,0,0,0,0,5,0,0,5,0,0,0,0,0,0,0,0,0
de,556615f276ec5,grey,0,0,0,0,0,0,0,0,0,0,0,0,0,0,0,0,0,0,0,0
de,556615f276ec5,orange,0,4,0,0,0,0,0,0,0,0,0,0,4,0,0,0,0,0,0,0
de,556615f276ec5,pink,0,0,0,0,0,0,0,0,0,0,0,0,0,2,0,0,0,0,0,0
de,556615f276ec5,purple,0,0,0,0,4,0,0,0,0,0,0,0,0,0,0,0,0,0,0,0
de,556615f276ec5,red,0,0,5,0,0,0,0,0,0,0,0,0,0,4,0,0,0,0,0,0
de,556615f276ec5,turquoise,0,0,0,0,0,0,0,0,0,0,0,3,0,0,0,0,0,0,0,0
de,556615f276ec5,white,0,0,0,0,0,0,0,0,0,0,0,0,0,0,0,0,0,0,4,0
de,556615f276ec5,yellow,0,0,0,0,0,0,0,0,0,0,0,0,0,0,0,0,0,0,0,0
de,556648a5057c0,black,0,0,0,0,0,0,4,0,3,5,0,0,0,0,0,0,4,0,5,3
de,556648a5057c0,blue,0,0,0,0,0,3,0,0,0,0,0,0,1,0,2,0,0,0,0,0
de,556648a5057c0,brown,0,0,0,0,0,2,0,2,0,0,0,0,0,0,0,0,0,0,0,0
de,556648a5057c0,green,0,0,0,0,0,3,0,0,0,0,0,0,3,0,0,0,0,0,0,0
de,556648a5057c0,grey,0,0,0,0,0,0,2,0,0,0,0,0,0,0,0,0,0,0,3,0
de,556648a5057c0,orange,0,0,1,0,0,0,0,0,0,0,1,0,3,0,2,0,0,0,0,0
de,556648a5057c0,pink,1,0,0,2,0,0,0,0,0,0,0,0,1,2,0,0,0,0,0,0
de,556648a5057c0,purple,0,0,0,0,0,0,0,0,0,0,0,0,0,1,0,0,0,0,2,0
de,556648a5057c0,red,0,0,0,0,0,0,0,0,0,0,0,0,0,2,0,0,0,0,0,0
de,556648a5057c0,turquoise,0,0,0,0,0,0,0,0,0,0,0,0,2,0,3,0,0,0,0,0
de,556648a5057c0,white,0,0,0,0,0,0,1,0,2,0,0,0,0,0,0,0,0,0,0,1
de,556648a5057c0,yellow,0,0,0,0,0,0,0,0,0,0,0,0,0,0,1,0,0,0,0,0
de,556ad24ba8478,black,0,0,0,0,0,0,3,0,0,0,0,0,0,0,0,0,0,0,5,0
de,556ad24ba8478,blue,0,0,0,0,0,0,0,0,0,0,0,0,0,0,0,0,0,0,0,0
de,556ad24ba8478,brown,0,0,0,0,0,0,0,0,0,0,0,0,0,0,0,0,0,0,0,0
de,556ad24ba8478,green,0,0,0,0,0,0,0,0,0,0,0,0,0,0,0,0,0,0,0,0
de,556ad24ba8478,grey,0,0,0,0,0,0,0,0,0,0,0,0,0,0,0,0,0,0,0,0
de,556ad24ba8478,orange,0,0,0,0,0,4,0,0,0,0,0,0,3,0,0,3,0,0,0,0
de,556ad24ba8478,pink,0,0,0,0,0,0,0,0,0,0,0,0,0,0,0,0,0,0,0,0
de,556ad24ba8478,purple,0,0,0,0,0,0,0,0,0,0,0,0,0,0,0,0,0,0,0,0
de,556ad24ba8478,red,0,0,5,0,0,0,0,0,0,0,5,0,0,4,0,0,0,0,0,0
de,556ad24ba8478,turquoise,0,0,0,0,0,2,0,0,0,0,0,0,0,0,0,0,0,0,0,0
de,556ad24ba8478,white,0,0,0,0,0,0,0,0,0,0,0,0,0,0,0,0,0,5,0,0
de,556ad24ba8478,yellow,0,0,0,0,0,0,0,3,0,0,4,0,0,0,0,0,0,0,0,0
de,556c0915e2d39,black,0,0,5,0,5,0,0,4,0,0,5,0,0,0,0,0,0,0,5,0
de,556c0915e2d39,blue,5,0,0,0,0,0,0,0,0,0,0,0,0,0,0,0,5,0,0,0
de,556c0915e2d39,brown,0,0,0,0,5,0,0,5,0,5,0,0,0,0,0,0,0,0,0,0
de,556c0915e2d39,green,0,0,0,0,0,0,0,0,0,0,0,0,5,0,0,0,0,5,0,0
de,556c0915e2d39,grey,0,0,0,0,0,0,5,0,0,5,0,0,0,0,0,0,0,0,0,0
de,556c0915e2d39,orange,0,0,0,0,0,0,0,0,0,0,0,5,5,0,0,0,0,5,0,0
de,556c0915e2d39,pink,0,4,0,0,0,0,0,0,0,0,0,0,0,0,5,0,0,0,0,0
de,556c0915e2d39,purple,0,0,0,0,4,0,0,4,0,5,0,0,0,0,5,0,4,0,0,0
de,556c0915e2d39,red,0,0,0,0,0,0,0,0,0,0,0,0,4,5,0,0,0,0,0,0
de,556c0915e2d39,turquoise,0,0,0,0,0,5,0,0,0,0,0,5,0,0,0,0,0,0,0,0
de,556c0915e2d39,white,0,0,0,0,0,0,0,0,0,0,0,0,0,5,0,0,0,0,0,5
de,556c0915e2d39,yellow,4,0,0,5,0,4,0,0,0,0,0,0,5,0,0,0,0,0,0,0
de,557ed2d432134,black,5,2,2,1,3,5,3,2,5,2,2,5,5,1,5,5,1,4,5,1
de,557ed2d432134,blue,2,2,2,2,1,2,1,1,1,1,1,2,2,1,2,2,1,3,1,1
de,557ed2d432134,brown,1,2,4,1,4,1,1,4,1,2,5,3,1,1,1,2,1,1,3,1
de,557ed2d432134,green,2,2,1,3,1,2,1,1,1,1,2,3,2,1,2,2,1,4,1,1
de,557ed2d432134,grey,1,1,5,1,3,1,3,4,5,2,5,1,1,1,1,1,2,1,5,1
de,557ed2d432134,orange,4,4,3,4,1,5,1,1,1,1,3,4,4,4,4,4,1,4,1,1
de,557ed2d432134,pink,5,4,2,3,3,5,1,4,2,1,2,4,4,3,4,4,1,4,1,4
de,557ed2d432134,purple,4,5,2,4,1,5,1,1,1,1,1,5,4,4,4,5,1,5,1,1
de,557ed2d432134,red,4,2,5,3,1,3,1,1,1,1,3,3,3,5,3,3,1,3,1,1
de,557ed2d432134,turquoise,3,4,1,3,1,4,1,1,1,1,1,3,3,3,3,3,1,3,1,1
de,557ed2d432134,white,2,3,1,3,2,4,1,2,1,1,2,3,4,2,3,4,1,3,1,1
de,557ed2d432134,yellow,2,2,1,3,1,2,1,1,1,3,1,3,2,1,2,2,2,3,1,1
de,557ed9e6c07ea,black,0,0,0,5,0,0,0,0,5,5,0,0,0,0,0,0,5,0,5,0
de,557ed9e6c07ea,blue,0,0,0,0,0,5,0,0,0,0,0,0,0,0,0,0,0,5,0,0
de,557ed9e6c07ea,brown,0,0,0,0,0,0,4,0,0,0,0,0,0,0,0,0,0,0,0,0
de,557ed9e6c07ea,green,0,0,0,0,4,0,0,5,0,0,3,0,0,0,0,0,0,0,0,0
de,557ed9e6c07ea,grey,0,0,0,0,0,0,0,0,0,0,0,0,0,0,0,0,0,0,0,0
de,557ed9e6c07ea,orange,0,0,0,0,0,0,0,0,0,0,0,0,0,0,0,0,0,0,0,5
de,557ed9e6c07ea,pink,0,0,0,0,0,0,0,0,0,0,0,0,0,4,0,0,0,0,0,0
de,557ed9e6c07ea,purple,0,0,0,5,0,0,0,0,0,0,0,0,0,0,0,0,0,0,0,0
de,557ed9e6c07ea,red,0,0,0,0,5,0,0,0,0,0,5,0,0,5,0,0,0,0,0,0
de,557ed9e6c07ea,turquoise,0,5,0,0,0,5,0,0,0,0,0,5,5,0,5,0,0,5,0,0
de,557ed9e6c07ea,white,0,0,5,0,0,0,0,0,0,0,0,0,0,0,0,5,0,0,0,0
de,557ed9e6c07ea,yellow,0,0,0,0,0,0,0,0,0,0,0,0,5,0,5,0,0,0,0,0
de,557ef63f76825,black,0,0,0,0,0,0,0,0,4,3,5,0,0,0,0,0,3,0,5,0
de,557ef63f76825,blue,0,0,0,0,0,4,0,0,0,0,0,0,0,0,0,0,0,2,0,0
de,557ef63f76825,brown,0,0,0,0,0,0,0,5,0,0,0,0,0,0,0,0,0,0,0,0
de,557ef63f76825,green,0,2,0,0,0,2,0,0,0,0,0,0,0,0,2,0,0,1,0,0
de,557ef63f76825,grey,0,0,0,0,0,0,3,0,4,2,0,0,0,0,0,0,0,0,0,3
de,557ef63f76825,orange,0,0,0,0,0,0,0,0,0,0,0,0,0,0,0,0,0,0,0,0
de,557ef63f76825,pink,0,1,0,0,0,0,0,0,0,0,0,0,0,3,1,0,1,0,0,0
de,557ef63f76825,purple,0,0,0,0,0,0,0,0,0,0,0,0,0,0,0,0,0,0,0,0
de,557ef63f76825,red,0,0,5,0,1,0,0,0,0,0,4,0,0,5,0,0,0,0,0,0
de,557ef63f76825,turquoise,0,0,0,0,0,0,0,0,0,0,0,0,0,0,0,0,0,0,0,0
de,557ef63f76825,white,0,0,0,0,0,0,0,0,0,0,0,0,0,0,0,0,0,0,0,0
de,557ef63f76825,yellow,0,4,0,0,0,0,0,0,0,0,0,0,4,0,4,0,0,0,0,0
de,557eff0437a02,black,0,0,0,2,0,0,2,0,4,3,0,0,0,0,0,3,3,0,4,1
de,557eff0437a02,blue,0,2,0,2,0,2,0,0,0,0,0,5,2,0,2,0,0,2,0,0
de,557eff0437a02,brown,0,0,0,4,0,4,0,0,0,0,0,0,3,3,3,2,3,0,0,1
de,557eff0437a02,green,0,3,0,4,0,5,0,1,0,0,0,5,3,4,4,0,0,4,0,0
de,557eff0437a02,grey,0,0,0,4,0,0,2,0,1,0,0,0,0,0,0,4,0,0,4,1
de,557eff0437a02,orange,0,3,0,0,0,3,0,0,0,0,0,3,4,0,5,0,0,0,0,0
de,557eff0437a02,pink,0,0,0,0,0,3,0,0,0,0,0,4,2,4,2,0,0,3,0,0
de,557eff0437a02,purple,0,3,0,0,0,1,0,3,2,0,0,0,2,1,2,4,0,0,1,0
de,557eff0437a02,red,4,0,0,0,3,2,0,0,2,3,2,4,3,4,4,3,2,0,0,1
de,557eff0437a02,turquoise,0,3,0,0,0,0,0,0,0,0,0,4,2,0,2,0,0,2,0,0
de,557eff0437a02,white,4,0,0,4,0,4,0,0,2,0,0,0,3,3,0,4,0,4,2,0
de,557eff0437a02,yellow,2,3,0,0,0,4,0,1,0,0,0,4,5,2,5,1,0,0,0,0
de,557f13be125ce,black,0,0,0,0,2,0,0,0,0,3,0,0,0,0,0,0,0,0,3,5
de,557f13be125ce,blue,0,0,0,4,0,0,0,0,0,0,0,4,0,0,2,0,0,4,3,0
de,557f13be125ce,brown,0,0,0,0,0,4,0,0,0,0,0,2,0,0,0,1,0,2,0,0
de,557f13be125ce,green,5,0,0,5,0,1,0,0,0,0,0,5,0,0,0,4,0,1,0,2
de,557f13be125ce,grey,0,0,0,0,0,0,4,0,0,0,0,0,0,0,0,0,4,0,4,0
de,557f13be125ce,orange,0,0,0,0,3,0,0,0,0,0,0,0,4,0,0,0,0,0,0,0
de,557f13be125ce,pink,0,5,0,0,0,0,0,0,0,0,0,0,0,0,3,0,0,0,0,0
de,557f13be125ce,purple,0,0,0,0,0,0,0,0,0,0,0,3,0,0,0,4,0,0,0,0
de,557f13be125ce,red,0,0,4,0,3,0,0,0,2,0,0,0,0,0,0,0,0,0,0,0
de,557f13be125ce,turquoise,4,0,0,0,0,0,0,0,0,0,0,0,0,0,2,0,0,0,0,0
de,557f13be125ce,white,0,0,0,0,0,0,4,0,0,0,0,2,0,0,0,0,0,0,3,0
de,557f13be125ce,yellow,0,0,0,0,0,2,0,0,0,0,0,5,4,2,5,0,0,0,0,0
de,557f33c5811e2,black,0,0,0,0,0,0,0,0,3,0,0,0,0,0,0,0,0,0,4,0
de,557f33c5811e2,blue,0,0,0,0,0,2,0,0,2,0,0,0,0,0,0,0,0,2,0,0
de,557f33c5811e2,brown,0,0,0,0,0,0,0,3,0,2,0,0,0,0,0,0,0,0,3,0
de,557f33c5811e2,green,2,0,0,3,0,3,0,0,0,0,0,3,0,0,3,0,0,4,2,0
de,557f33c5811e2,grey,0,0,0,0,0,0,2,0,2,0,0,0,0,0,0,0,3,0,5,0
de,557f33c5811e2,orange,0,0,2,0,0,0,0,0,0,0,0,0,0,0,4,0,0,2,0,0
de,557f33c5811e2,pink,3,0,0,0,0,2,0,0,0,0,0,0,0,2,0,0,0,3,0,0
de,557f33c5811e2,purple,3,0,0,0,0,2,0,0,0,0,0,3,0,0,3,0,0,0,0,0
de,557f33c5811e2,red,0,0,4,0,0,0,0,0,0,0,0,0,0,4,2,0,0,0,0,3
de,557f33c5811e2,turquoise,2,0,0,0,0,2,0,0,0,0,0,2,0,0,0,0,0,3,0,0
de,557f33c5811e2,white,2,0,0,0,0,2,0,0,0,0,0,3,0,0,0,0,0,0,2,0
de,557f33c5811e2,yellow,0,3,0,0,0,0,0,0,0,0,0,0,5,0,4,0,0,4,0,0
de,557f4bf1d375c,black,1,1,2,3,4,1,5,3,4,4,3,1,1,1,1,2,3,1,5,3
de,557f4bf1d375c,blue,3,2,0,1,1,2,0,0,0,0,0,4,2,0,0,4,1,3,0,0
de,557f4bf1d375c,brown,0,0,0,0,0,2,2,0,0,1,0,0,0,0,0,0,0,0,0,0
de,557f4bf1d375c,green,2,3,1,2,1,4,1,1,1,1,1,5,4,1,4,4,1,3,1,1
de,557f4bf1d375c,grey,1,1,2,4,5,1,4,1,4,2,2,2,1,1,1,0,1,1,3,1
de,557f4bf1d375c,orange,2,4,0,0,0,3,0,0,0,0,2,3,3,0,0,0,0,3,0,0
de,557f4bf1d375c,pink,4,4,1,2,1,4,1,1,1,1,1,4,5,5,5,4,2,3,1,3
de,557f4bf1d375c,purple,3,3,1,3,1,4,1,1,1,2,1,2,2,2,3,4,0,3,1,2
de,557f4bf1d375c,red,1,3,5,1,3,2,2,4,1,2,4,2,3,5,3,4,2,1,1,1
de,557f4bf1d375c,turquoise,3,3,0,0,0,4,0,0,0,0,0,2,4,0,5,2,0,0,0,0
de,557f4bf1d375c,white,4,0,0,2,0,5,3,0,3,2,0,4,4,3,4,5,2,5,2,4
de,557f4bf1d375c,yellow,3,4,4,1,0,1,4,2,3,1,0,3,4,1,2,2,4,3,1,3
de,557f5467b0ad3,black,0,0,3,0,4,0,1,0,3,4,4,0,0,0,0,0,1,0,5,2
de,557f5467b0ad3,blue,0,0,0,3,0,5,0,0,0,0,0,0,0,0,0,0,0,3,0,0
de,557f5467b0ad3,brown,0,0,0,0,0,0,0,0,0,0,0,0,0,0,0,0,0,0,0,0
de,557f5467b0ad3,green,0,0,0,0,0,5,0,0,0,0,0,0,3,0,4,0,0,0,0,0
de,557f5467b0ad3,grey,0,0,0,0,0,0,4,0,0,2,0,0,0,0,0,0,3,0,1,0
de,557f5467b0ad3,orange,3,3,0,5,0,5,0,0,0,0,0,4,5,0,5,3,0,5,0,0
de,557f5467b0ad3,pink,4,0,0,3,0,4,0,0,0,0,0,0,0,4,1,0,0,0,0,0
de,557f5467b0ad3,purple,0,0,0,0,0,2,0,0,0,0,0,0,0,0,0,0,0,0,0,0
de,557f5467b0ad3,red,0,0,5,0,5,0,0,0,0,0,5,0,0,5,0,5,0,0,0,0
de,557f5467b0ad3,turquoise,0,0,0,0,0,0,0,0,0,0,0,0,0,0,0,0,0,0,0,0
de,557f5467b0ad3,white,0,0,0,0,0,0,0,0,0,0,0,0,0,0,0,0,0,0,0,0
de,557f5467b0ad3,yellow,0,5,0,0,0,3,0,0,0,0,0,5,4,0,0,0,0,4,0,0
de,557fe5fd60340,black,0,0,0,0,0,0,0,0,0,0,0,0,0,0,0,0,0,0,5,0
de,557fe5fd60340,blue,0,0,0,0,0,5,0,0,0,0,0,0,0,0,0,0,0,0,0,0
de,557fe5fd60340,brown,0,0,0,0,0,0,0,5,0,0,0,0,0,0,0,0,0,0,0,0
de,557fe5fd60340,green,0,0,0,5,0,0,0,0,0,0,0,0,0,0,0,0,0,0,0,0
de,557fe5fd60340,grey,0,0,0,0,0,0,0,0,0,5,0,0,0,0,0,0,0,0,0,0
de,557fe5fd60340,orange,0,0,0,0,0,0,0,0,0,0,0,0,5,0,0,0,0,0,0,0
de,557fe5fd60340,pink,0,0,0,0,0,0,0,0,0,0,0,0,0,0,0,0,0,3,0,0
de,557fe5fd60340,purple,0,0,0,5,0,0,0,0,0,0,0,0,0,0,0,0,0,0,0,0
de,557fe5fd60340,red,0,0,0,0,0,0,0,0,0,0,0,0,0,4,0,0,0,0,0,0
de,557fe5fd60340,turquoise,0,0,0,0,0,0,0,0,0,0,0,0,0,0,5,0,0,0,0,0
de,557fe5fd60340,white,0,0,0,0,0,0,0,0,0,0,0,0,0,0,0,0,0,0,5,0
de,557fe5fd60340,yellow,0,4,0,0,0,0,0,0,0,0,0,0,0,0,0,0,0,0,0,0
de,5580061de9b15,black,0,0,0,4,3,0,0,0,0,0,3,0,0,0,0,0,0,0,5,0
de,5580061de9b15,blue,0,0,0,0,0,0,0,0,0,0,0,4,4,0,0,0,0,5,0,0
de,5580061de9b15,brown,0,0,0,0,0,3,0,4,0,4,0,0,0,0,0,0,0,0,0,0
de,5580061de9b15,green,0,0,0,0,0,4,0,0,0,0,0,0,4,0,0,0,0,4,0,0
de,5580061de9b15,grey,0,0,0,0,0,0,0,0,0,4,0,0,0,0,0,0,4,0,4,0
de,5580061de9b15,orange,0,4,0,0,0,0,0,0,0,0,0,0,5,0,5,0,0,0,0,0
de,5580061de9b15,pink,0,0,0,4,0,0,0,0,0,0,0,0,0,5,0,0,0,0,0,4
de,5580061de9b15,purple,0,0,0,0,4,0,0,4,0,0,0,0,0,0,0,0,0,0,0,0
de,5580061de9b15,red,0,0,5,0,0,0,0,0,3,0,0,0,0,4,0,0,0,0,0,0
de,5580061de9b15,turquoise,0,0,0,0,0,4,0,0,0,0,0,4,0,0,0,0,0,4,0,0
de,5580061de9b15,white,0,0,0,0,0,4,0,0,0,0,0,0,0,0,0,4,0,0,0,0
de,5580061de9b15,yellow,0,0,0,0,0,0,0,4,0,0,0,0,0,0,0,0,0,0,0,4
de,55805057b24d2,black,0,0,3,0,0,0,0,0,0,5,4,0,0,0,0,0,0,0,5,0
de,55805057b24d2,blue,0,0,0,0,0,0,5,0,0,0,0,3,0,0,0,0,0,0,0,0
de,55805057b24d2,brown,0,0,0,0,0,0,0,5,0,0,0,0,0,0,0,0,3,0,0,0
de,55805057b24d2,green,4,0,0,5,0,0,0,0,0,0,0,0,0,0,0,0,0,0,0,0
de,55805057b24d2,grey,0,0,0,0,0,0,3,4,0,0,0,0,0,0,0,0,3,0,0,5
de,55805057b24d2,orange,0,5,0,5,0,0,0,0,0,0,0,0,0,0,0,0,0,4,0,0
de,55805057b24d2,pink,0,0,0,0,0,0,0,0,0,0,0,0,0,2,0,0,0,5,0,0
de,55805057b24d2,purple,4,0,0,0,0,0,0,0,0,0,0,0,0,0,0,2,0,3,0,0
de,55805057b24d2,red,0,0,0,0,0,0,0,0,4,0,0,0,0,5,0,0,0,0,0,5
de,55805057b24d2,turquoise,0,0,0,0,0,0,4,0,3,0,0,0,0,0,0,0,0,0,0,5
de,55805057b24d2,white,0,0,0,0,0,5,0,0,0,0,0,0,0,0,0,0,0,0,0,2
de,55805057b24d2,yellow,0,0,0,0,0,3,0,0,0,0,0,0,5,0,4,0,0,0,0,0
de,55805739c60d9,black,0,0,0,0,5,0,0,0,0,5,5,0,0,0,0,0,5,0,5,0
de,55805739c60d9,blue,0,0,0,0,0,5,0,0,0,0,0,0,0,0,0,0,0,4,0,0
de,55805739c60d9,brown,0,0,0,0,0,0,0,0,0,0,0,0,0,0,0,0,0,0,0,0
de,55805739c60d9,green,0,0,0,0,0,0,0,0,0,0,0,0,0,0,0,0,0,0,0,0
de,55805739c60d9,grey,0,0,0,0,0,0,5,0,0,5,0,0,0,0,0,0,0,0,5,0
de,55805739c60d9,orange,0,0,0,0,0,0,0,0,0,0,0,0,5,0,5,0,0,0,0,0
de,55805739c60d9,pink,0,0,0,0,0,0,0,0,0,0,0,0,0,3,0,0,0,0,0,0
de,55805739c60d9,purple,0,0,0,0,0,4,0,0,0,0,0,0,4,0,4,0,0,0,0,0
de,55805739c60d9,red,0,0,5,0,0,0,0,0,0,0,0,0,0,5,0,0,0,0,0,0
de,55805739c60d9,turquoise,0,0,0,0,0,5,0,0,0,0,0,0,0,0,0,0,0,0,0,0
de,55805739c60d9,white,0,0,0,0,0,0,0,0,0,0,0,0,0,0,0,0,0,0,0,0
de,55805739c60d9,yellow,0,0,0,0,0,0,0,0,0,0,0,0,4,0,5,0,0,0,0,0
de,558062c18bcc7,black,0,0,0,0,0,0,0,0,0,0,0,0,0,0,0,5,0,0,4,0
de,558062c18bcc7,blue,0,0,0,3,0,3,0,0,0,0,0,0,1,0,0,0,0,2,0,0
de,558062c18bcc7,brown,0,0,0,3,0,3,0,0,0,0,0,0,0,0,0,0,0,2,0,0
de,558062c18bcc7,green,0,0,0,2,0,4,0,0,0,0,0,2,4,0,3,0,0,4,0,0
de,558062c18bcc7,grey,0,0,0,2,0,0,2,0,0,0,0,0,0,0,0,0,0,0,1,0
de,558062c18bcc7,orange,0,0,0,0,0,3,0,0,0,0,0,0,4,0,0,0,0,0,0,0
de,558062c18bcc7,pink,0,0,0,0,0,0,0,0,0,0,0,0,0,3,0,0,0,0,0,0
de,558062c18bcc7,purple,0,0,0,2,0,0,0,0,0,0,0,0,0,0,0,0,0,0,0,0
de,558062c18bcc7,red,0,0,0,3,0,2,0,0,0,0,0,0,2,4,1,0,0,0,0,0
de,558062c18bcc7,turquoise,0,0,0,0,0,3,0,0,0,0,0,0,3,0,2,0,0,0,0,0
de,558062c18bcc7,white,1,0,0,0,0,3,0,0,0,0,0,0,0,0,0,2,0,0,0,0
de,558062c18bcc7,yellow,0,0,0,0,0,0,0,0,0,0,0,0,3,0,0,0,0,0,0,0
de,5580684cc7ed6,black,0,0,0,0,0,0,0,0,4,5,0,0,0,0,0,0,5,0,5,0
de,5580684cc7ed6,blue,0,0,0,0,0,0,0,0,0,0,0,0,0,0,0,0,0,4,0,0
de,5580684cc7ed6,brown,0,0,0,0,0,3,0,0,3,0,0,0,0,0,0,0,0,0,0,0
de,5580684cc7ed6,green,0,0,0,0,0,3,0,0,0,0,0,0,0,0,3,0,0,4,0,0
de,5580684cc7ed6,grey,0,0,0,0,0,0,3,0,0,0,0,0,0,0,0,0,0,0,3,0
de,5580684cc7ed6,orange,0,0,0,0,0,0,0,0,0,0,0,0,0,0,4,0,0,0,0,0
de,5580684cc7ed6,pink,0,3,0,0,0,4,0,0,0,0,0,0,0,3,0,0,0,0,0,0
de,5580684cc7ed6,purple,0,0,0,0,0,3,0,0,0,3,0,0,0,0,0,0,3,3,0,0
de,5580684cc7ed6,red,0,0,5,0,0,0,0,0,0,0,0,5,0,4,0,4,0,0,0,0
de,5580684cc7ed6,turquoise,0,0,0,0,0,3,0,0,0,0,0,2,0,0,0,0,0,3,0,0
de,5580684cc7ed6,white,4,0,0,0,0,0,0,0,0,0,0,0,4,0,0,4,0,0,0,0
de,5580684cc7ed6,yellow,0,0,0,0,0,5,0,0,0,0,0,0,0,0,0,0,0,3,0,0
de,55806a69f10d3,black,0,0,0,0,0,0,0,0,0,1,0,0,0,0,0,0,0,0,4,0
de,55806a69f10d3,blue,0,0,0,0,0,4,0,3,0,0,0,0,0,0,0,0,0,0,0,0
de,55806a69f10d3,brown,0,0,0,0,0,0,0,0,0,0,0,0,0,0,0,0,0,0,0,0
de,55806a69f10d3,green,0,0,0,0,0,4,0,0,0,0,0,0,0,0,0,0,0,0,0,0
de,55806a69f10d3,grey,0,0,0,0,0,0,3,0,0,0,0,0,0,0,0,0,2,0,3,0
de,55806a69f10d3,orange,0,0,0,0,0,0,0,0,0,0,0,0,0,0,0,0,0,0,0,0
de,55806a69f10d3,pink,0,0,0,0,0,1,0,0,0,0,0,0,0,0,0,0,0,0,0,0
de,55806a69f10d3,purple,0,0,0,0,0,0,0,0,0,0,0,0,0,0,0,0,0,0,0,0
de,55806a69f10d3,red,0,0,4,0,0,0,0,0,0,0,2,0,0,5,0,0,0,0,0,0
de,55806a69f10d3,turquoise,0,0,0,0,0,2,0,0,0,0,0,0,0,0,2,0,0,2,0,0
de,55806a69f10d3,white,0,0,0,0,0,0,0,0,0,0,0,0,0,3,0,0,0,4,0,0
de,55806a69f10d3,yellow,0,0,0,0,0,0,0,0,0,0,0,0,3,0,0,0,0,0,0,0
de,5580741bd6360,black,0,0,1,1,0,0,0,0,0,0,1,0,0,0,0,0,0,0,2,0
de,5580741bd6360,blue,2,0,0,0,0,3,0,0,0,0,0,2,0,0,0,0,0,0,0,0
de,5580741bd6360,brown,0,0,0,0,0,0,0,1,0,1,0,0,0,0,0,0,0,0,0,1
de,5580741bd6360,green,0,2,0,0,0,1,0,0,0,0,0,1,2,0,2,0,0,1,0,0
de,5580741bd6360,grey,0,0,0,0,0,0,0,0,0,0,0,0,0,0,0,0,0,0,0,0
de,5580741bd6360,orange,0,0,1,0,0,0,1,0,0,0,0,0,0,0,0,0,0,0,0,0
de,5580741bd6360,pink,0,0,0,0,0,0,0,0,0,0,0,0,0,1,0,0,0,0,0,0
de,5580741bd6360,purple,0,1,0,0,0,0,0,0,0,0,0,0,0,0,0,0,0,0,0,0
de,5580741bd6360,red,0,0,4,0,0,0,0,0,0,0,0,0,0,2,0,0,0,0,0,0
de,5580741bd6360,turquoise,0,1,0,0,0,0,0,0,0,0,0,0,1,0,1,0,0,0,0,0
de,5580741bd6360,white,0,0,0,0,0,1,0,0,0,0,0,0,0,0,0,1,0,1,0,0
de,5580741bd6360,yellow,0,0,0,0,1,0,0,0,0,0,1,0,0,0,0,0,0,0,0,0
de,5581959884ed7,black,0,0,0,0,4,0,5,1,5,5,5,0,0,0,0,0,0,0,5,0
de,5581959884ed7,blue,0,0,0,0,0,0,0,0,0,0,0,0,0,0,0,0,4,0,3,0
de,5581959884ed7,brown,0,0,0,4,3,0,0,5,0,0,0,0,0,0,0,0,0,0,0,5
de,5581959884ed7,green,0,0,0,2,4,0,2,4,0,0,0,0,0,0,0,0,4,0,0,3
de,5581959884ed7,grey,0,0,0,0,2,0,0,2,4,0,0,0,0,0,0,0,0,0,0,0
de,5581959884ed7,orange,0,0,0,1,0,4,0,0,0,0,0,0,4,0,3,0,0,2,0,0
de,5581959884ed7,pink,0,0,0,1,0,3,0,0,0,0,0,0,0,3,0,0,0,2,0,0
de,5581959884ed7,purple,0,3,0,0,0,0,0,2,0,0,0,0,1,0,2,0,0,0,0,0
de,5581959884ed7,red,3,0,5,0,0,4,0,0,0,0,5,0,5,5,2,5,0,4,0,4
de,5581959884ed7,turquoise,0,0,0,0,0,0,0,0,0,0,0,0,0,0,2,0,0,0,0,0
de,5581959884ed7,white,3,0,0,0,0,0,0,0,4,0,0,4,0,0,0,1,4,5,0,0
de,5581959884ed7,yellow,0,2,0,5,0,5,2,0,0,4,0,0,4,0,4,4,0,4,0,3
de,5581c5e964733,black,0,0,0,0,0,1,3,3,2,3,4,5,0,0,0,2,3,0,5,0
de,5581c5e964733,blue,0,0,0,3,1,2,3,0,2,0,0,0,4,0,0,0,0,3,3,0
de,5581c5e964733,brown,1,0,0,1,0,4,0,4,0,3,0,0,0,0,0,0,3,0,0,4
de,5581c5e964733,green,3,0,0,4,0,4,0,1,0,0,0,5,2,0,2,0,0,2,0,0
de,5581c5e964733,grey,0,0,0,2,3,3,5,1,4,3,3,1,0,0,0,4,0,0,2,0
de,5581c5e964733,orange,3,5,3,1,0,5,0,3,0,0,0,3,4,1,4,0,0,2,0,4
de,5581c5e964733,pink,3,5,0,2,1,5,2,3,0,0,0,0,2,0,2,3,0,4,0,0
de,5581c5e964733,purple,2,1,3,0,0,3,0,3,1,1,0,2,0,1,0,0,3,3,1,4
de,5581c5e964733,red,3,4,4,0,0,2,0,0,2,0,1,4,4,5,4,5,1,0,0,0
de,5581c5e964733,turquoise,0,2,0,1,0,4,0,0,0,0,0,3,2,0,4,0,0,2,0,0
de,5581c5e964733,white,3,0,0,0,4,3,2,0,1,0,0,3,0,0,2,4,0,2,0,1
de,5581c5e964733,yellow,2,4,1,0,0,3,0,1,0,0,0,4,5,3,5,2,1,0,0,0
de,5581d64a71822,black,0,0,5,0,4,0,2,0,5,0,4,0,0,0,0,0,0,0,5,0
de,5581d64a71822,blue,0,0,0,0,0,5,0,0,0,0,0,3,0,0,0,0,0,4,0,0
de,5581d64a71822,brown,0,0,0,0,4,0,0,0,0,0,4,0,0,0,0,0,3,0,0,0
de,5581d64a71822,green,0,0,0,0,0,5,0,0,0,0,0,3,4,0,0,0,0,2,0,0
de,5581d64a71822,grey,0,0,0,0,3,0,3,2,4,1,0,0,0,0,0,0,0,0,4,0
de,5581d64a71822,orange,0,0,0,5,0,3,0,0,0,0,0,0,4,2,4,0,0,0,0,0
de,5581d64a71822,pink,0,0,0,0,0,0,0,0,0,0,0,0,0,2,0,0,0,0,0,0
de,5581d64a71822,purple,0,0,0,0,0,0,4,0,0,0,0,2,0,0,0,0,0,0,0,0
de,5581d64a71822,red,0,0,3,0,0,0,0,0,0,0,0,0,0,5,0,4,0,0,0,3
de,5581d64a71822,turquoise,0,0,0,0,0,0,0,0,0,0,0,0,0,0,0,0,0,0,0,0
de,5581d64a71822,white,0,0,0,0,0,5,0,0,0,0,0,0,0,0,0,0,0,4,0,0
de,5581d64a71822,yellow,0,0,0,0,0,4,0,0,0,0,0,2,5,0,3,0,0,3,0,0
de,5581dc1626882,black,0,0,0,0,0,0,0,0,4,0,0,0,0,0,0,0,3,0,5,2
de,5581dc1626882,blue,4,0,0,0,0,0,0,0,0,0,0,4,0,0,0,3,0,0,0,0
de,5581dc1626882,brown,0,0,0,0,3,0,3,3,3,0,0,0,0,0,0,0,0,0,0,4
de,5581dc1626882,green,0,0,0,0,0,4,0,0,0,0,0,0,0,0,3,3,0,0,0,0
de,5581dc1626882,grey,0,0,0,0,3,0,0,0,2,0,0,0,0,0,0,0,3,0,1,3
de,5581dc1626882,orange,0,4,0,0,0,4,0,0,0,0,0,0,5,0,5,0,0,0,0,0
de,5581dc1626882,pink,0,0,0,0,0,5,0,0,0,0,0,0,5,3,5,0,0,0,0,0
de,5581dc1626882,purple,3,0,0,0,0,0,0,0,0,0,0,0,4,0,5,4,0,0,0,0
de,5581dc1626882,red,0,0,5,0,3,3,0,0,0,0,4,0,3,5,0,0,0,0,0,0
de,5581dc1626882,turquoise,0,3,0,0,0,3,0,0,0,0,0,5,4,0,3,0,0,0,0,0
de,5581dc1626882,white,0,0,0,0,0,3,0,0,0,0,0,0,0,0,0,0,0,4,0,0
de,5581dc1626882,yellow,0,0,0,0,0,5,0,0,0,0,0,5,4,0,0,0,0,4,0,0
de,5582611b9493a,black,0,0,4,0,4,0,0,0,0,0,0,0,0,0,0,3,2,0,0,0
de,5582611b9493a,blue,0,0,0,4,0,0,0,0,0,0,0,0,0,0,0,0,0,3,5,0
de,5582611b9493a,brown,0,0,0,0,3,3,0,0,0,0,0,0,0,0,2,0,0,0,0,0
de,5582611b9493a,green,3,0,0,0,0,0,0,0,0,0,0,4,0,0,0,0,0,0,0,0
de,5582611b9493a,grey,0,0,0,0,0,0,4,0,4,0,0,0,0,0,0,0,0,0,0,0
de,5582611b9493a,orange,4,0,0,0,0,4,0,0,0,0,0,0,4,0,4,4,0,0,0,0
de,5582611b9493a,pink,0,0,0,0,0,3,0,0,0,0,0,0,0,3,0,0,0,0,0,0
de,5582611b9493a,purple,0,0,0,0,0,0,0,0,0,0,0,3,0,4,0,3,0,0,0,0
de,5582611b9493a,red,0,0,5,0,0,0,0,0,0,2,4,0,0,5,0,0,0,0,0,0
de,5582611b9493a,turquoise,0,0,0,0,0,0,0,0,0,0,0,0,0,0,0,0,0,4,0,0
de,5582611b9493a,white,0,0,0,0,0,3,0,0,0,0,0,2,0,0,0,0,0,0,0,0
de,5582611b9493a,yellow,0,0,0,0,0,3,0,5,0,0,0,3,0,0,3,0,0,0,0,2
de,5582dd7ada4c3,black,0,0,0,0,5,2,3,0,5,5,3,0,0,0,0,0,4,0,4,2
de,5582dd7ada4c3,blue,3,0,0,3,0,5,0,0,3,2,0,3,4,0,4,0,2,4,0,0
de,5582dd7ada4c3,brown,0,0,0,0,0,4,3,3,0,0,0,0,0,0,0,0,2,0,0,0
de,5582dd7ada4c3,green,0,0,0,4,0,4,0,3,0,0,0,5,3,0,4,4,0,0,0,0
de,5582dd7ada4c3,grey,0,0,0,0,0,0,5,0,0,3,0,0,0,0,0,2,4,0,2,0
de,5582dd7ada4c3,orange,0,0,1,0,2,3,0,0,0,2,0,0,5,0,5,0,0,0,0,2
de,5582dd7ada4c3,pink,0,0,0,2,0,2,0,0,0,0,0,0,4,4,4,0,0,0,0,3
de,5582dd7ada4c3,purple,0,0,0,4,1,3,0,0,0,0,0,3,3,4,0,5,4,3,2,0
de,5582dd7ada4c3,red,0,0,4,0,4,0,0,2,2,3,5,0,3,4,3,4,0,0,0,2
de,5582dd7ada4c3,turquoise,0,0,0,3,0,4,2,0,0,0,0,4,5,2,4,0,0,4,0,0
de,5582dd7ada4c3,white,0,0,1,0,0,4,2,0,0,2,0,0,3,3,0,3,0,0,0,0
de,5582dd7ada4c3,yellow,3,0,0,5,0,4,0,4,2,0,0,3,5,0,4,0,0,0,0,2
de,55832fbe11694,black,0,0,0,0,3,0,5,0,5,0,0,0,0,0,0,0,3,0,5,0
de,55832fbe11694,blue,4,0,0,0,0,4,0,0,0,0,0,0,0,0,0,5,0,0,0,0
de,55832fbe11694,brown,0,0,0,5,0,0,0,0,0,0,0,0,0,0,0,0,0,0,0,0
de,55832fbe11694,green,0,0,0,0,0,0,0,0,0,0,0,4,0,0,5,0,0,0,0,0
de,55832fbe11694,grey,0,0,0,0,0,0,0,0,0,0,0,0,0,0,0,0,5,4,0,0
de,55832fbe11694,orange,0,0,0,0,0,0,4,4,0,0,0,0,0,0,0,0,0,0,0,0
de,55832fbe11694,pink,0,5,0,0,0,0,0,0,0,0,0,0,0,0,0,0,0,0,0,4
de,55832fbe11694,purple,0,0,0,0,5,0,0,0,0,0,0,0,0,0,0,0,0,0,0,0
de,55832fbe11694,red,0,0,4,0,0,0,0,0,0,0,0,0,3,5,0,0,0,0,0,0
de,55832fbe11694,turquoise,0,0,0,0,0,0,0,0,0,0,0,3,0,0,0,0,0,3,0,0
de,55832fbe11694,white,4,0,0,0,0,0,0,0,0,4,0,0,0,0,0,0,0,0,0,0
de,55832fbe11694,yellow,0,0,0,0,0,0,0,5,0,0,0,0,0,0,0,0,0,0,0,0
de,5583eda5b5bb7,black,0,0,3,4,0,0,0,0,4,3,3,0,0,0,0,0,3,0,5,0
de,5583eda5b5bb7,blue,0,0,0,0,0,4,0,0,0,0,0,4,0,0,0,0,0,0,0,0
de,5583eda5b5bb7,brown,0,0,0,0,0,0,0,3,0,0,0,0,0,0,0,0,0,0,0,0
de,5583eda5b5bb7,green,0,0,0,0,0,0,0,0,0,0,0,0,0,0,0,0,0,0,0,0
de,5583eda5b5bb7,grey,3,0,0,0,0,0,0,0,0,0,0,0,0,0,0,4,0,0,0,0
de,5583eda5b5bb7,orange,0,4,0,0,0,0,0,0,0,0,0,0,4,0,3,0,0,0,0,0
de,5583eda5b5bb7,pink,0,0,0,0,0,3,0,0,0,0,0,0,3,0,3,0,0,0,0,0
de,5583eda5b5bb7,purple,0,0,0,0,0,0,3,0,0,0,0,0,0,0,4,0,0,0,0,0
de,5583eda5b5bb7,red,0,0,4,0,0,0,0,0,0,0,3,0,3,4,0,0,0,0,0,0
de,5583eda5b5bb7,turquoise,0,0,0,0,0,3,0,0,0,0,0,0,0,0,0,0,0,3,0,0
de,5583eda5b5bb7,white,0,0,0,4,0,4,0,0,0,0,0,0,4,4,0,0,0,0,2,0
de,5583eda5b5bb7,yellow,0,0,0,0,0,0,0,0,0,0,0,0,3,0,0,0,0,0,0,0
de,55847a7a9ed64,black,0,0,0,0,0,0,4,0,5,5,0,0,0,0,0,0,0,0,4,4
de,55847a7a9ed64,blue,0,0,0,4,0,0,0,0,0,0,0,0,0,0,0,0,0,0,5,0
de,55847a7a9ed64,brown,0,0,0,0,0,0,0,0,0,0,0,0,0,0,0,0,0,0,0,0
de,55847a7a9ed64,green,0,0,0,0,0,5,0,0,0,0,0,0,5,0,5,0,0,0,0,0
de,55847a7a9ed64,grey,0,0,0,0,0,0,4,0,5,3,0,0,0,0,0,0,0,0,4,0
de,55847a7a9ed64,orange,0,3,4,0,0,4,0,0,0,0,3,0,4,0,0,0,0,0,0,0
de,55847a7a9ed64,pink,0,3,0,0,0,0,0,0,0,0,0,0,0,5,2,0,0,0,0,0
de,55847a7a9ed64,purple,0,0,5,0,5,0,3,0,0,0,5,0,0,3,0,0,0,0,0,0
de,55847a7a9ed64,red,5,0,5,0,0,5,0,0,0,0,0,0,5,5,5,0,0,0,0,0
de,55847a7a9ed64,turquoise,0,0,0,0,0,0,0,0,0,0,0,0,3,0,0,3,0,0,0,0
de,55847a7a9ed64,white,0,0,0,0,0,0,0,0,0,0,0,0,4,0,4,0,3,0,0,0
de,55847a7a9ed64,yellow,0,0,0,0,0,0,0,0,0,0,0,5,5,0,0,0,0,3,0,0
de,558585fb4691e,black,1,0,4,0,3,0,3,0,4,2,0,0,0,0,1,1,1,0,0,0
de,558585fb4691e,blue,5,3,0,1,2,4,0,0,0,0,0,3,3,1,4,4,0,4,0,0
de,558585fb4691e,brown,0,0,2,0,2,0,3,4,0,2,0,0,0,0,0,2,1,0,2,0
de,558585fb4691e,green,2,3,0,4,1,5,0,2,0,0,0,4,2,1,3,3,0,3,0,0
de,558585fb4691e,grey,0,0,2,1,2,1,1,0,1,3,1,0,0,0,0,1,2,0,2,0
de,558585fb4691e,orange,2,5,2,5,0,4,0,0,0,0,0,4,3,3,4,0,3,4,0,0
de,558585fb4691e,pink,2,2,0,1,0,5,0,0,0,1,0,2,3,3,3,2,0,4,0,0
de,558585fb4691e,purple,3,2,1,5,0,5,1,0,1,2,0,4,3,4,3,5,3,1,3,0
de,558585fb4691e,red,3,4,3,0,0,0,0,0,1,0,2,4,4,4,4,0,2,0,0,0
de,558585fb4691e,turquoise,0,3,0,3,0,4,0,0,0,0,0,2,2,1,3,3,0,4,0,0
de,558585fb4691e,white,4,0,0,0,0,4,0,0,0,0,0,0,3,0,1,3,0,5,0,0
de,558585fb4691e,yellow,0,3,1,2,0,4,0,0,0,0,0,2,4,0,4,3,0,4,0,0
de,55859ef59c354,black,0,0,0,0,5,0,5,0,0,5,0,0,0,0,0,0,0,0,5,0
de,55859ef59c354,blue,0,0,0,0,0,0,0,0,0,0,0,5,0,0,0,0,0,0,0,0
de,55859ef59c354,brown,4,0,0,5,0,0,0,0,0,0,0,0,0,0,0,0,0,0,0,4
de,55859ef59c354,green,0,0,0,2,5,0,0,4,0,0,4,0,0,0,0,0,0,3,0,0
de,55859ef59c354,grey,0,0,0,0,5,1,3,3,4,0,4,0,0,0,0,0,4,0,4,4
de,55859ef59c354,orange,0,0,4,0,4,0,0,0,0,0,4,0,2,0,2,0,3,3,0,0
de,55859ef59c354,pink,3,0,0,2,2,0,0,0,0,2,0,0,3,2,0,0,0,0,0,2
de,55859ef59c354,purple,0,0,0,0,0,5,0,0,0,0,0,0,5,3,0,0,0,4,0,0
de,55859ef59c354,red,0,0,5,3,4,0,0,3,0,2,4,4,0,4,0,4,0,3,0,0
de,55859ef59c354,turquoise,0,4,0,0,0,0,0,0,0,0,0,0,0,0,3,0,0,0,0,0
de,55859ef59c354,white,0,0,0,0,5,5,0,0,0,0,0,0,0,0,0,0,0,5,0,0
de,55859ef59c354,yellow,0,0,5,0,0,0,0,0,0,0,0,0,4,0,5,0,0,0,0,0
de,5586c65b6f77b,black,0,0,2,0,0,0,0,0,5,4,5,0,0,0,0,0,3,0,4,0
de,5586c65b6f77b,blue,0,3,0,0,0,4,0,0,0,0,0,4,0,0,4,4,0,4,0,0
de,5586c65b6f77b,brown,0,0,0,0,0,0,3,4,0,0,0,0,0,0,0,0,0,0,3,0
de,5586c65b6f77b,green,3,0,0,5,0,5,0,0,0,0,0,5,4,2,5,3,0,5,0,0
de,5586c65b6f77b,grey,0,0,0,0,2,0,0,0,0,0,0,0,0,0,0,0,0,0,5,0
de,5586c65b6f77b,orange,5,4,3,3,0,5,0,0,0,0,0,5,5,4,5,5,0,4,0,0
de,5586c65b6f77b,pink,4,5,1,5,0,5,0,0,0,0,0,5,5,5,5,5,0,5,0,1
de,5586c65b6f77b,purple,3,0,4,3,0,2,2,0,0,0,4,3,2,3,2,4,0,0,3,0
de,5586c65b6f77b,red,5,2,5,5,2,0,2,0,5,0,5,4,3,5,3,4,0,0,0,3
de,5586c65b6f77b,turquoise,0,0,0,0,0,4,0,0,0,0,0,0,5,0,5,0,0,5,0,0
de,5586c65b6f77b,white,0,0,0,0,0,5,0,0,0,0,0,0,0,0,0,0,0,0,4,0
de,5586c65b6f77b,yellow,0,4,4,0,4,4,0,0,0,0,4,5,4,0,4,0,0,0,0,0
de,55870c7e21659,black,0,0,0,0,5,0,0,0,0,0,4,0,0,0,0,0,0,0,3,0
de,55870c7e21659,blue,0,0,0,0,0,0,0,0,0,4,0,0,0,0,0,0,0,0,4,0
de,55870c7e21659,brown,0,0,0,0,0,0,0,5,0,4,0,0,0,0,0,0,0,0,0,0
de,55870c7e21659,green,0,0,0,0,0,4,0,0,0,0,0,0,3,0,4,0,0,5,0,0
de,55870c7e21659,grey,0,0,0,0,0,0,4,0,1,0,3,0,0,0,0,0,0,0,5,0
de,55870c7e21659,orange,0,0,0,0,0,0,0,0,2,0,0,0,0,0,0,0,0,0,0,0
de,55870c7e21659,pink,0,2,0,4,0,5,0,0,0,0,0,3,2,5,0,0,0,1,0,0
de,55870c7e21659,purple,0,4,0,0,0,0,0,0,0,0,0,0,0,0,3,0,0,4,0,0
de,55870c7e21659,red,0,0,5,0,0,0,0,0,0,0,3,0,0,5,0,0,0,0,0,0
de,55870c7e21659,turquoise,0,3,0,0,0,0,0,0,0,0,0,4,0,1,0,0,0,3,0,0
de,55870c7e21659,white,0,0,0,0,0,4,0,0,0,0,0,0,0,3,0,4,0,0,0,0
de,55870c7e21659,yellow,0,0,0,0,3,0,0,0,0,0,0,0,0,0,2,0,0,0,0,0
de,55896af6a4ba0,black,0,0,5,0,2,0,0,2,5,5,5,0,0,0,0,0,0,0,5,0
de,55896af6a4ba0,blue,5,0,0,0,0,5,0,0,0,0,0,0,0,0,0,5,0,0,0,0
de,55896af6a4ba0,brown,0,0,0,0,4,0,0,5,0,4,4,0,0,0,0,0,0,0,0,0
de,55896af6a4ba0,green,0,0,0,3,0,4,0,0,0,0,0,3,0,0,0,3,0,5,0,0
de,55896af6a4ba0,grey,0,0,5,0,5,0,5,5,5,5,5,0,0,0,0,0,0,0,5,0
de,55896af6a4ba0,orange,4,5,2,0,0,2,0,1,0,0,2,5,5,1,4,3,0,4,0,0
de,55896af6a4ba0,pink,5,0,0,0,0,0,0,0,0,0,0,0,4,4,4,0,0,3,0,0
de,55896af6a4ba0,purple,0,0,0,0,4,1,4,0,0,1,0,0,0,0,0,0,3,0,2,4
de,55896af6a4ba0,red,0,0,5,0,0,0,0,0,0,0,5,0,5,5,0,0,0,0,0,0
de,55896af6a4ba0,turquoise,4,0,0,4,0,4,0,0,0,0,0,2,0,0,0,0,0,2,0,1
de,55896af6a4ba0,white,0,0,0,0,0,3,0,0,0,0,0,3,0,0,0,0,0,0,0,0
de,55896af6a4ba0,yellow,3,4,0,0,1,5,0,1,0,0,0,4,5,3,4,0,0,5,0,0
de,558aa42e0c8ce,black,0,0,1,0,4,0,4,3,2,4,3,0,0,0,0,3,3,0,5,2
de,558aa42e0c8ce,blue,3,2,0,0,0,2,0,0,0,0,0,3,0,0,2,0,0,3,0,0
de,558aa42e0c8ce,brown,0,2,0,0,4,0,2,5,0,1,0,0,0,0,0,0,2,0,0,1
de,558aa42e0c8ce,green,1,0,0,4,0,4,0,0,0,0,0,3,2,0,5,3,0,4,0,0
de,558aa42e0c8ce,grey,0,0,2,0,5,0,3,1,2,0,3,0,0,0,0,0,1,0,4,1
de,558aa42e0c8ce,orange,4,2,0,5,0,5,0,0,0,0,0,3,3,3,2,0,1,0,0,1
de,558aa42e0c8ce,pink,1,0,0,4,0,1,0,0,0,1,0,0,0,4,2,2,1,0,0,0
de,558aa42e0c8ce,purple,0,0,0,0,0,0,0,0,0,0,0,0,0,0,0,0,0,0,0,0
de,558aa42e0c8ce,red,0,2,3,2,0,1,0,0,0,0,3,0,0,5,2,0,0,0,0,1
de,558aa42e0c8ce,turquoise,5,0,0,2,0,5,0,0,0,0,0,3,5,0,5,2,0,0,0,0
de,558aa42e0c8ce,white,5,0,0,3,0,2,0,0,0,0,0,1,0,0,0,4,0,4,0,2
de,558aa42e0c8ce,yellow,0,0,0,0,0,3,0,0,0,0,0,2,3,0,5,3,0,3,0,0
de,558ad12dc93d8,black,0,0,0,0,0,0,0,0,0,0,0,0,0,0,0,0,1,0,4,0
de,558ad12dc93d8,blue,5,0,0,0,0,0,0,0,0,0,0,5,4,4,0,5,0,0,0,0
de,558ad12dc93d8,brown,0,0,0,0,0,0,0,1,0,0,0,3,0,0,0,0,2,0,0,1
de,558ad12dc93d8,green,0,0,0,0,0,5,0,0,0,0,0,4,4,0,4,0,0,4,0,0
de,558ad12dc93d8,grey,0,0,0,0,0,0,3,0,0,3,0,0,0,0,0,0,0,0,4,0
de,558ad12dc93d8,orange,0,3,0,3,0,4,0,0,0,0,0,4,0,3,0,0,0,4,0,0
de,558ad12dc93d8,pink,0,3,0,0,0,4,0,0,0,0,0,4,5,5,5,0,0,0,0,0
de,558ad12dc93d8,purple,4,0,0,0,0,0,0,0,0,0,0,4,4,5,0,4,0,0,0,0
de,558ad12dc93d8,red,0,0,0,0,0,0,0,0,0,0,0,5,3,3,3,4,0,0,0,0
de,558ad12dc93d8,turquoise,0,0,0,5,0,5,0,0,0,0,0,5,5,4,0,0,0,0,0,0
de,558ad12dc93d8,white,0,0,0,0,0,0,0,0,3,0,0,0,0,0,0,0,0,0,0,0
de,558ad12dc93d8,yellow,0,0,0,0,0,3,0,0,0,0,0,3,0,0,3,0,0,0,0,0
de,558afb45e9c50,black,0,0,0,0,0,0,4,0,0,0,0,0,0,0,0,0,0,0,0,2
de,558afb45e9c50,blue,3,0,0,0,0,0,0,0,0,0,0,0,0,0,3,0,0,0,0,0
de,558afb45e9c50,brown,0,0,0,0,0,0,0,2,0,0,0,0,0,0,0,0,2,0,0,0
de,558afb45e9c50,green,0,0,0,0,0,4,0,0,0,0,0,0,3,0,0,0,0,1,0,0
de,558afb45e9c50,grey,0,0,0,0,0,0,0,0,0,1,0,0,0,0,0,0,0,2,0,0
de,558afb45e9c50,orange,0,0,0,0,0,0,0,0,3,0,0,0,0,0,0,0,0,0,0,0
de,558afb45e9c50,pink,0,0,0,0,0,0,0,0,0,0,0,0,0,0,0,0,0,0,0,3
de,558afb45e9c50,purple,0,0,0,0,0,0,0,0,0,3,0,0,0,0,0,0,4,0,0,0
de,558afb45e9c50,red,0,0,0,0,0,0,0,0,0,0,4,0,0,5,0,0,0,0,0,0
de,558afb45e9c50,turquoise,0,0,0,0,0,5,0,0,0,0,0,0,0,0,5,0,0,0,0,0
de,558afb45e9c50,white,0,0,0,0,0,0,0,0,0,1,0,0,4,0,0,0,0,2,0,0
de,558afb45e9c50,yellow,4,0,0,0,0,0,0,0,0,0,0,0,0,0,0,0,0,0,0,0
de,558bb334825be,black,0,0,0,0,3,0,0,0,0,4,0,0,0,0,0,0,2,0,2,0
de,558bb334825be,blue,0,0,0,0,0,4,0,0,0,0,0,0,0,0,0,0,0,3,0,0
de,558bb334825be,brown,0,0,0,0,0,0,0,0,0,0,0,0,0,0,0,0,0,0,0,0
de,558bb334825be,green,0,0,0,0,0,5,0,0,0,0,0,0,4,0,4,0,0,3,0,0
de,558bb334825be,grey,0,0,0,0,0,0,4,0,0,0,0,0,0,0,0,0,0,0,4,0
de,558bb334825be,orange,0,0,0,0,0,0,0,0,0,0,0,0,3,0,0,0,0,0,0,0
de,558bb334825be,pink,0,0,0,0,0,2,0,0,0,0,0,0,0,0,0,0,0,3,0,0
de,558bb334825be,purple,0,0,0,0,0,0,0,0,0,0,0,0,0,0,0,0,0,0,4,0
de,558bb334825be,red,0,0,4,0,0,0,0,0,0,0,0,0,0,0,0,0,0,0,0,3
de,558bb334825be,turquoise,0,0,0,0,0,0,0,0,0,0,0,0,5,0,0,0,0,0,0,0
de,558bb334825be,white,0,0,0,0,0,4,0,0,0,0,0,0,0,3,0,0,0,4,0,0
de,558bb334825be,yellow,0,0,0,0,0,4,0,0,0,0,0,0,5,0,0,0,0,0,0,0
de,558bbeaeb05b3,black,0,0,0,0,0,0,0,0,4,4,4,0,0,0,0,2,0,0,5,0
de,558bbeaeb05b3,blue,2,0,0,2,0,2,0,0,0,0,0,3,0,0,0,0,0,0,0,0
de,558bbeaeb05b3,brown,0,0,0,0,0,0,0,0,0,3,0,0,0,0,0,0,0,0,3,2
de,558bbeaeb05b3,green,0,0,0,3,0,4,0,0,0,0,0,0,3,0,0,0,0,4,0,0
de,558bbeaeb05b3,grey,0,0,2,0,0,0,5,0,2,0,0,0,0,0,0,0,0,0,4,4
de,558bbeaeb05b3,orange,0,0,0,0,0,0,0,0,0,0,0,0,4,0,4,4,0,0,0,0
de,558bbeaeb05b3,pink,0,0,0,1,0,0,0,1,0,0,0,0,0,2,0,0,0,0,0,3
de,558bbeaeb05b3,purple,4,0,0,0,0,1,0,0,0,0,2,0,0,0,0,4,2,0,1,0
de,558bbeaeb05b3,red,0,0,5,0,0,0,0,0,2,0,3,0,0,2,0,0,0,0,0,0
de,558bbeaeb05b3,turquoise,0,3,0,0,0,1,0,0,0,0,0,3,0,0,0,0,0,0,0,0
de,558bbeaeb05b3,white,0,0,0,0,0,3,0,0,0,3,0,2,0,0,0,3,0,0,4,0
de,558bbeaeb05b3,yellow,0,0,0,0,0,3,0,1,0,0,0,0,5,1,5,0,0,0,0,0
de,558d5e99b4e21,black,0,0,0,0,4,0,4,0,3,3,0,0,0,0,0,0,2,0,5,0
de,558d5e99b4e21,blue,3,0,0,0,0,0,0,0,0,0,0,0,0,0,0,4,0,4,0,0
de,558d5e99b4e21,brown,0,0,2,0,5,0,0,5,3,4,4,0,0,0,0,0,5,0,0,0
de,558d5e99b4e21,green,0,0,0,0,0,4,0,0,0,0,0,5,5,3,1,2,0,4,0,0
de,558d5e99b4e21,grey,0,0,0,0,4,0,1,0,3,0,3,0,0,0,0,1,0,0,2,2
de,558d5e99b4e21,orange,0,4,3,3,0,2,3,3,4,1,0,0,5,1,2,0,0,0,0,2
de,558d5e99b4e21,pink,1,1,2,0,2,0,0,0,1,0,0,0,0,1,0,0,0,0,0,2
de,558d5e99b4e21,purple,0,0,0,0,0,0,0,0,0,2,0,0,0,1,0,3,0,0,0,2
de,558d5e99b4e21,red,0,3,4,0,0,0,0,0,0,0,2,0,3,4,2,4,0,0,0,0
de,558d5e99b4e21,turquoise,0,0,0,0,0,2,0,1,2,0,0,3,0,0,0,0,0,4,0,0
de,558d5e99b4e21,white,0,0,0,0,0,0,0,0,0,0,2,2,0,0,0,0,0,4,0,0
de,558d5e99b4e21,yellow,0,0,3,0,3,0,2,4,4,0,3,0,4,0,4,0,0,0,0,4
de,558da2b53449e,black,0,0,3,0,5,0,4,4,5,4,3,0,0,0,0,0,2,0,5,3
de,558da2b53449e,blue,0,0,0,4,0,5,0,0,0,0,0,0,0,0,0,0,0,4,0,0
de,558da2b53449e,brown,0,0,0,0,0,0,0,4,0,0,0,0,0,0,0,0,0,0,0,0
de,558da2b53449e,green,4,0,0,5,0,5,0,0,0,0,0,3,0,0,0,0,3,5,0,3
de,558da2b53449e,grey,0,0,0,0,3,0,3,4,4,0,0,0,0,0,0,0,0,0,3,4
de,558da2b53449e,orange,0,0,5,0,5,0,0,0,0,0,0,0,4,4,3,0,0,0,0,0
de,558da2b53449e,pink,0,0,0,0,0,0,0,0,0,0,0,0,0,3,0,0,0,3,0,0
de,558da2b53449e,purple,0,0,0,0,0,0,0,0,0,0,0,0,4,0,4,0,0,0,0,0
de,558da2b53449e,red,0,0,5,0,0,0,0,0,0,3,4,0,4,5,0,0,0,0,0,2
de,558da2b53449e,turquoise,0,4,0,0,0,3,0,0,0,0,0,4,0,0,0,0,0,3,0,0
de,558da2b53449e,white,3,0,0,4,0,3,0,0,0,0,0,0,0,0,0,0,4,4,0,0
de,558da2b53449e,yellow,0,0,0,3,0,3,0,0,0,0,0,4,4,0,3,4,0,0,0,3
de,558ee7dc33ffa,black,0,0,0,0,0,0,3,0,4,3,3,0,0,0,0,0,2,0,5,0
de,558ee7dc33ffa,blue,2,0,0,0,0,3,0,0,0,2,0,3,3,0,3,3,0,2,0,0
de,558ee7dc33ffa,brown,0,0,0,2,0,2,0,0,0,0,0,0,0,0,0,0,0,0,0,0
de,558ee7dc33ffa,green,2,0,0,0,0,5,0,0,0,0,0,4,3,0,3,2,0,4,0,0
de,558ee7dc33ffa,grey,0,0,0,0,0,0,3,0,1,2,1,0,0,0,0,0,2,0,4,0
de,558ee7dc33ffa,orange,1,3,2,0,0,2,0,0,0,0,0,0,4,0,4,0,0,4,0,0
de,558ee7dc33ffa,pink,0,0,0,0,0,2,0,0,0,0,0,1,1,3,1,2,0,0,0,0
de,558ee7dc33ffa,purple,0,0,1,0,1,0,0,0,0,0,0,0,1,0,1,0,0,0,0,0
de,558ee7dc33ffa,red,0,1,3,0,0,0,0,0,0,0,3,2,2,5,2,3,0,0,0,0
de,558ee7dc33ffa,turquoise,0,3,0,0,0,2,0,0,0,0,0,2,3,0,3,0,0,3,0,0
de,558ee7dc33ffa,white,0,0,0,0,0,2,0,0,0,0,0,0,0,0,0,3,0,4,0,0
de,558ee7dc33ffa,yellow,0,4,0,0,0,0,0,2,0,0,0,2,3,0,3,0,0,3,0,0
de,5.59E+12,black,0,0,0,0,4,0,1,0,1,3,4,0,0,0,0,0,1,0,5,0
de,5.59E+12,blue,4,0,0,0,0,4,0,0,0,0,0,0,0,0,0,0,0,2,0,0
de,5.59E+12,brown,0,0,0,0,0,0,0,4,0,0,0,0,0,0,0,0,0,0,0,0
de,5.59E+12,green,0,0,0,1,0,1,0,0,0,0,0,3,0,0,2,0,0,0,0,0
de,5.59E+12,grey,0,0,0,0,0,0,3,0,0,0,0,0,0,0,0,0,0,0,2,0
de,5.59E+12,orange,0,1,1,0,0,1,0,0,0,0,0,0,0,0,0,0,0,0,0,0
de,5.59E+12,pink,0,2,0,0,0,0,0,0,0,0,0,0,4,2,3,0,0,0,0,0
de,5.59E+12,purple,0,0,0,0,0,3,0,0,0,0,0,4,2,0,5,0,0,1,0,0
de,5.59E+12,red,0,0,3,4,0,0,0,0,1,0,0,0,2,5,2,0,0,0,0,0
de,5.59E+12,turquoise,1,0,0,0,0,5,0,0,0,0,0,3,3,0,4,0,0,2,0,0
de,5.59E+12,white,3,0,0,0,0,4,0,0,0,0,0,0,0,0,0,4,0,1,0,1
de,5.59E+12,yellow,0,0,0,0,3,0,0,0,0,0,0,0,0,0,0,0,0,0,0,1
de,559004c6ce140,black,0,0,4,0,5,0,3,3,5,5,5,0,0,0,0,0,4,0,5,3
de,559004c6ce140,blue,5,3,0,5,0,2,0,0,0,0,0,5,3,3,4,4,0,4,3,0
de,559004c6ce140,brown,0,0,0,0,0,0,0,5,4,0,0,0,0,0,0,0,5,0,3,5
de,559004c6ce140,green,3,3,0,5,0,5,0,0,0,0,0,0,0,3,5,2,0,4,2,0
de,559004c6ce140,grey,0,0,1,0,4,0,0,1,2,5,0,0,0,0,0,0,0,0,2,3
de,559004c6ce140,orange,4,4,0,0,0,3,0,0,0,0,0,2,5,2,4,3,0,5,0,0
de,559004c6ce140,pink,4,5,0,1,0,4,0,0,0,0,0,4,5,4,3,2,0,5,0,1
de,559004c6ce140,purple,0,0,2,0,3,0,2,3,4,5,4,1,0,0,0,0,0,0,5,1
de,559004c6ce140,red,5,3,5,4,3,3,0,1,1,2,5,4,3,5,5,5,3,3,5,5
de,559004c6ce140,turquoise,4,4,0,0,0,5,0,0,0,0,0,3,5,3,5,0,0,4,0,0
de,559004c6ce140,white,0,0,0,5,0,5,0,0,0,0,0,0,0,5,0,5,0,0,5,0
de,559004c6ce140,yellow,0,3,5,0,5,0,5,5,4,1,5,0,0,0,0,0,3,0,4,5
de,55908eab4665e,black,0,0,0,0,0,0,0,0,0,5,0,0,0,0,0,0,0,0,5,0
de,55908eab4665e,blue,0,0,0,0,0,0,3,0,0,5,0,0,0,0,0,0,0,0,5,0
de,55908eab4665e,brown,0,0,0,0,5,0,0,5,0,0,0,0,0,0,0,0,0,0,0,0
de,55908eab4665e,green,0,0,3,0,0,0,0,0,4,0,0,0,0,0,0,0,0,0,0,0
de,55908eab4665e,grey,0,0,0,0,0,0,0,0,0,0,0,4,0,0,3,0,0,0,0,0
de,55908eab4665e,orange,0,0,0,0,3,0,0,4,0,0,0,0,0,0,0,0,0,0,0,0
de,55908eab4665e,pink,0,5,0,0,0,0,0,0,0,0,0,0,4,0,5,0,0,0,0,0
de,55908eab4665e,purple,0,0,0,0,0,0,4,0,0,0,5,0,0,0,0,0,0,0,0,3
de,55908eab4665e,red,0,0,0,0,0,4,0,0,0,0,0,0,0,5,4,5,0,0,0,0
de,55908eab4665e,turquoise,0,0,0,0,0,5,0,0,0,0,0,0,5,5,0,0,0,0,0,0
de,55908eab4665e,white,0,0,0,0,0,5,0,0,0,0,0,0,0,0,0,5,0,0,0,0
de,55908eab4665e,yellow,0,0,0,0,0,5,0,0,0,0,0,0,0,0,0,0,0,5,0,0
de,5592cdac60d75,black,0,0,0,4,5,0,2,1,4,0,5,0,0,0,0,0,2,0,0,0
de,5592cdac60d75,blue,3,0,0,0,0,4,0,0,0,0,0,0,0,0,2,0,0,2,0,0
de,5592cdac60d75,brown,0,0,0,0,2,0,1,4,0,0,0,0,0,0,0,0,4,0,0,0
de,5592cdac60d75,green,0,2,0,0,0,1,0,4,0,0,0,0,0,0,0,0,0,3,0,0
de,5592cdac60d75,grey,0,0,0,0,2,0,0,0,0,2,0,0,0,0,0,0,1,0,0,0
de,5592cdac60d75,orange,0,3,3,0,0,0,0,1,0,0,0,0,4,0,0,0,0,2,0,0
de,5592cdac60d75,pink,0,0,0,5,0,5,0,0,0,0,0,0,2,4,0,0,0,0,0,0
de,5592cdac60d75,purple,0,0,0,3,0,1,0,0,0,0,0,0,0,0,0,4,0,3,0,0
de,5592cdac60d75,red,0,0,4,0,0,0,0,0,0,1,1,0,0,5,0,3,0,0,0,0
de,5592cdac60d75,turquoise,0,0,0,0,3,0,1,0,0,0,0,0,0,0,0,0,0,0,0,0
de,5592cdac60d75,white,0,0,0,0,0,0,0,0,0,0,0,0,0,0,0,1,0,5,0,0
de,5592cdac60d75,yellow,0,0,0,0,0,3,0,0,0,0,0,5,5,0,4,0,0,4,0,0
de,5593c31a6842d,black,0,0,5,0,3,0,5,3,4,4,4,0,0,0,0,0,4,0,5,0
de,5593c31a6842d,blue,5,5,0,5,0,5,0,0,0,0,0,5,5,5,5,5,0,5,0,0
de,5593c31a6842d,brown,3,5,0,4,0,5,0,0,0,0,0,5,4,3,4,0,0,4,0,0
de,5593c31a6842d,green,5,5,0,0,0,5,0,0,0,0,0,0,5,0,5,5,0,5,0,0
de,5593c31a6842d,grey,0,0,3,2,0,3,0,0,0,5,0,3,0,0,0,4,5,0,4,0
de,5593c31a6842d,orange,5,5,0,4,0,5,0,0,0,0,0,5,5,2,3,5,0,4,0,0
de,5593c31a6842d,pink,5,0,0,5,0,5,0,0,0,0,0,0,5,4,5,5,0,5,0,0
de,5593c31a6842d,purple,4,4,2,5,0,4,2,0,0,0,1,4,4,4,4,4,0,0,0,2
de,5593c31a6842d,red,0,0,5,0,3,0,0,4,5,5,5,0,0,5,0,0,5,0,3,4
de,5593c31a6842d,turquoise,5,4,0,5,0,5,0,0,0,0,0,5,5,2,5,4,0,5,0,0
de,5593c31a6842d,white,0,0,0,5,0,5,0,0,0,0,0,0,5,0,5,5,0,5,5,0
de,5593c31a6842d,yellow,4,0,0,0,0,0,0,0,0,0,0,4,5,0,0,0,0,3,0,0
de,559445e0d1f29,black,0,0,0,0,0,0,4,0,5,4,0,0,0,0,0,0,0,0,5,0
de,559445e0d1f29,blue,0,0,0,0,0,5,0,0,0,0,0,0,0,0,0,4,0,0,0,0
de,559445e0d1f29,brown,0,0,0,0,0,0,0,4,0,0,0,0,0,0,0,0,0,0,0,3
de,559445e0d1f29,green,0,0,0,0,0,5,0,0,0,0,0,0,5,0,0,0,0,3,0,0
de,559445e0d1f29,grey,0,0,0,0,0,0,0,0,0,0,0,0,0,0,0,0,0,0,4,2
de,559445e0d1f29,orange,0,0,0,0,0,0,0,0,0,0,0,0,4,0,4,0,0,0,0,0
de,559445e0d1f29,pink,0,4,0,0,0,0,0,0,0,0,0,0,2,3,0,0,0,0,0,0
de,559445e0d1f29,purple,0,0,0,5,0,5,0,0,0,0,0,0,0,0,0,0,0,0,0,0
de,559445e0d1f29,red,0,0,4,4,0,0,0,0,0,0,4,0,0,0,0,0,0,0,0,0
de,559445e0d1f29,turquoise,0,0,0,0,0,4,0,0,0,0,0,0,5,0,4,0,0,0,0,0
de,559445e0d1f29,white,0,0,0,0,0,0,0,0,0,0,0,0,0,0,0,3,0,4,0,0
de,559445e0d1f29,yellow,0,0,0,0,0,5,0,0,0,0,0,0,4,0,3,0,0,0,0,0
de,5594e4fbdcc9d,black,0,0,4,0,0,0,0,0,0,0,0,0,0,0,0,0,0,0,0,0
de,5594e4fbdcc9d,blue,0,0,0,0,0,4,0,0,0,0,0,0,0,0,0,0,0,0,0,0
de,5594e4fbdcc9d,brown,0,0,0,0,0,3,0,0,0,0,0,0,0,0,0,0,0,0,0,0
de,5594e4fbdcc9d,green,0,0,0,0,0,0,0,0,0,0,0,0,0,0,0,0,0,0,0,0
de,5594e4fbdcc9d,grey,0,0,0,0,0,0,4,0,0,0,0,0,0,0,0,0,0,0,0,0
de,5594e4fbdcc9d,orange,0,0,0,0,0,0,0,0,0,0,0,0,0,0,4,0,0,0,0,0
de,5594e4fbdcc9d,pink,0,0,0,0,0,0,0,0,0,0,0,0,4,0,0,0,0,0,0,0
de,5594e4fbdcc9d,purple,0,4,0,0,0,0,0,0,0,0,0,0,0,0,0,0,0,0,0,0
de,5594e4fbdcc9d,red,0,0,0,0,0,0,0,0,0,0,0,0,0,0,0,0,0,0,0,0
de,5594e4fbdcc9d,turquoise,0,4,0,0,0,0,0,0,0,0,0,0,0,0,0,0,0,0,0,0
de,5594e4fbdcc9d,white,0,0,0,0,0,0,0,0,0,0,0,0,0,0,0,0,0,4,0,0
de,5594e4fbdcc9d,yellow,0,0,0,0,0,0,0,0,0,0,0,0,4,0,0,0,0,0,0,0
de,5594ee48dc7a7,black,0,0,0,0,0,0,0,0,0,0,0,0,0,0,0,0,0,0,0,0
de,5594ee48dc7a7,blue,0,0,0,0,0,0,0,0,0,0,0,0,0,0,0,4,0,0,0,0
de,5594ee48dc7a7,brown,0,0,0,0,0,0,0,0,0,0,0,0,0,0,0,0,0,0,0,0
de,5594ee48dc7a7,green,0,0,4,0,0,0,0,0,0,0,0,0,0,0,0,0,0,0,0,0
de,5594ee48dc7a7,grey,0,0,0,0,0,0,0,0,0,0,0,0,0,0,0,0,0,0,0,0
de,5594ee48dc7a7,orange,0,0,0,0,0,0,0,0,0,0,0,0,0,0,0,0,0,0,0,0
de,5594ee48dc7a7,pink,0,0,0,0,0,0,0,0,0,0,0,0,0,0,0,0,0,0,0,0
de,5594ee48dc7a7,purple,0,0,0,0,0,0,0,0,0,0,0,0,0,0,0,0,0,0,5,0
de,5594ee48dc7a7,red,0,0,0,0,0,0,0,0,0,0,0,0,0,0,0,0,0,0,0,0
de,5594ee48dc7a7,turquoise,0,0,0,0,0,0,0,0,0,0,0,0,0,0,0,0,0,0,0,0
de,5594ee48dc7a7,white,0,0,0,0,0,0,0,0,0,0,0,0,0,0,0,0,0,0,0,0
de,5594ee48dc7a7,yellow,0,0,0,0,0,0,0,0,0,0,0,0,0,0,5,0,0,0,0,0
de,5594f9257e2ac,black,0,0,0,0,0,0,0,0,0,0,0,0,0,0,0,0,0,0,3,0
de,5594f9257e2ac,blue,0,0,0,0,0,0,0,0,0,0,0,0,0,0,0,0,0,0,0,0
de,5594f9257e2ac,brown,0,0,0,0,0,0,0,0,0,0,0,0,0,0,0,0,0,0,0,0
de,5594f9257e2ac,green,0,0,0,0,0,0,0,0,0,0,0,0,0,0,0,0,0,0,0,0
de,5594f9257e2ac,grey,0,0,0,0,0,0,0,0,0,0,0,0,0,0,0,0,0,0,0,0
de,5594f9257e2ac,orange,0,0,0,0,0,0,0,0,0,0,0,0,5,0,0,0,0,0,0,0
de,5594f9257e2ac,pink,5,0,0,0,0,0,0,0,0,0,0,0,0,0,0,0,0,0,0,0
de,5594f9257e2ac,purple,0,0,0,0,0,0,0,0,4,0,0,0,0,0,0,0,0,0,0,0
de,5594f9257e2ac,red,0,0,0,0,0,0,0,0,0,0,0,0,0,0,0,0,0,0,0,0
de,5594f9257e2ac,turquoise,0,0,0,0,0,0,0,0,0,0,0,0,0,0,0,0,0,0,0,0
de,5594f9257e2ac,white,0,0,0,0,0,0,0,0,0,0,0,0,0,0,0,0,0,5,0,0
de,5594f9257e2ac,yellow,0,0,0,0,0,0,0,0,0,0,0,0,0,0,5,0,0,0,0,0
de,5594faba9f242,black,0,0,0,0,0,0,0,0,0,0,0,3,0,0,0,0,0,0,5,0
de,5594faba9f242,blue,0,3,0,0,0,3,0,0,0,0,0,0,0,0,0,0,0,3,0,0
de,5594faba9f242,brown,0,0,0,0,0,0,0,0,0,0,0,0,0,0,0,0,0,0,0,0
de,5594faba9f242,green,0,0,0,0,0,5,0,0,0,0,0,5,5,0,0,0,0,5,0,0
de,5594faba9f242,grey,0,0,0,0,0,0,0,0,0,0,0,0,0,0,0,0,0,0,0,0
de,5594faba9f242,orange,0,0,0,0,0,0,0,0,0,0,0,4,4,0,0,0,0,0,0,0
de,5594faba9f242,pink,0,0,0,0,0,0,0,0,0,0,0,0,0,3,0,0,0,0,0,0
de,5594faba9f242,purple,0,0,0,0,0,0,0,0,0,0,0,3,3,0,3,0,0,0,0,0
de,5594faba9f242,red,0,0,0,0,0,0,0,0,4,0,4,5,4,5,0,4,0,0,0,0
de,5594faba9f242,turquoise,0,0,0,0,0,0,0,0,0,0,0,4,4,0,4,0,0,0,0,0
de,5594faba9f242,white,0,0,0,0,0,3,0,0,0,0,0,5,0,0,0,3,0,5,0,0
de,5594faba9f242,yellow,0,0,0,0,0,0,0,0,0,0,0,3,3,0,3,0,0,3,0,0
de,5594fe6e8e94f,black,0,0,0,0,0,0,0,0,3,4,0,0,0,0,0,1,0,0,5,0
de,5594fe6e8e94f,blue,0,0,0,0,0,5,0,0,0,0,0,3,0,0,0,5,0,3,0,0
de,5594fe6e8e94f,brown,0,0,0,0,5,0,0,4,0,0,0,0,0,0,0,0,0,0,0,0
de,5594fe6e8e94f,green,0,0,0,0,0,5,0,0,0,0,0,2,5,0,0,0,0,0,0,0
de,5594fe6e8e94f,grey,0,0,0,0,0,0,5,0,0,0,0,0,0,0,0,0,1,0,0,2
de,5594fe6e8e94f,orange,0,0,0,0,0,0,0,0,0,0,5,0,0,0,0,0,0,0,0,0
de,5594fe6e8e94f,pink,0,0,0,0,0,0,0,0,0,0,0,0,0,1,0,0,0,1,0,0
de,5594fe6e8e94f,purple,1,0,0,0,0,0,0,0,0,0,0,0,0,0,1,0,0,0,0,0
de,5594fe6e8e94f,red,0,0,5,0,0,0,0,0,0,0,0,0,0,5,0,3,0,0,0,0
de,5594fe6e8e94f,turquoise,0,0,0,0,0,0,0,0,0,0,0,3,5,0,0,0,0,0,0,0
de,5594fe6e8e94f,white,0,0,0,0,0,0,0,0,0,0,0,0,5,0,0,0,0,0,0,0
de,5594fe6e8e94f,yellow,0,0,0,0,4,0,2,0,0,0,0,0,0,0,0,0,0,1,0,0
de,55950af2610ba,black,0,0,0,0,0,0,0,0,4,5,0,0,0,0,0,0,0,0,5,0
de,55950af2610ba,blue,0,0,0,0,0,5,0,0,0,0,0,5,5,0,0,0,0,0,0,0
de,55950af2610ba,brown,0,0,0,0,0,0,4,0,0,0,0,0,0,0,0,0,0,0,0,0
de,55950af2610ba,green,0,0,0,0,0,5,0,0,0,0,0,0,0,0,4,0,0,4,0,0
de,55950af2610ba,grey,0,0,0,0,0,0,0,4,4,0,0,0,0,0,0,0,0,1,0,0
de,55950af2610ba,orange,0,0,0,0,0,0,0,0,0,0,0,4,4,0,0,0,0,0,0,0
de,55950af2610ba,pink,0,4,0,0,0,0,0,0,0,0,0,0,0,4,0,0,0,0,0,0
de,55950af2610ba,purple,0,0,0,3,0,0,0,0,3,0,0,4,0,0,0,0,0,0,0,0
de,55950af2610ba,red,0,0,5,0,0,0,0,0,0,0,0,0,3,5,0,0,0,0,0,0
de,55950af2610ba,turquoise,0,0,0,0,0,0,0,0,0,0,0,4,4,0,0,0,0,4,0,0
de,55950af2610ba,white,0,3,0,0,0,0,0,0,0,0,0,0,0,3,0,0,0,0,0,0
de,55950af2610ba,yellow,4,0,0,0,0,0,0,0,0,0,0,0,5,0,0,0,0,0,0,0
de,55950fc2029db,black,0,0,0,0,0,0,0,0,0,0,0,0,0,0,0,0,0,0,5,0
de,55950fc2029db,blue,4,0,0,0,0,0,0,0,0,0,0,5,0,0,0,4,0,0,0,0
de,55950fc2029db,brown,0,0,0,0,0,0,0,5,0,0,3,0,0,0,0,0,0,0,0,0
de,55950fc2029db,green,0,0,0,0,0,4,0,0,0,0,0,0,5,0,5,0,0,0,0,0
de,55950fc2029db,grey,0,0,0,0,0,0,0,0,4,0,0,0,0,0,0,0,0,0,0,3
de,55950fc2029db,orange,5,0,0,0,0,0,0,0,0,0,0,0,4,0,4,0,0,3,0,0
de,55950fc2029db,pink,0,4,0,0,0,0,0,0,0,0,0,0,0,0,0,0,0,0,0,0
de,55950fc2029db,purple,4,0,0,0,0,0,0,0,0,0,0,0,0,0,3,5,0,0,0,0
de,55950fc2029db,red,0,0,5,0,0,0,0,0,4,0,0,0,0,5,0,0,0,0,0,3
de,55950fc2029db,turquoise,0,0,0,0,0,0,0,0,0,0,0,0,0,0,0,0,0,0,0,0
de,55950fc2029db,white,0,0,0,0,0,0,0,0,0,1,0,0,0,0,0,0,5,0,0,0
de,55950fc2029db,yellow,0,0,0,0,0,5,0,0,0,0,0,0,5,0,5,0,0,3,0,0
de,559516f560c3e,black,0,0,0,0,0,0,0,0,0,0,0,0,0,0,0,0,0,0,5,0
de,559516f560c3e,blue,0,0,0,0,0,0,0,0,0,0,0,0,5,0,0,0,0,0,0,0
de,559516f560c3e,brown,0,0,0,0,0,0,0,0,2,0,0,0,0,0,0,0,0,0,0,0
de,559516f560c3e,green,0,0,0,0,0,0,0,0,0,0,0,4,0,0,0,0,0,0,0,0
de,559516f560c3e,grey,0,0,0,0,0,0,0,0,0,0,0,0,0,0,0,0,0,0,3,0
de,559516f560c3e,orange,0,0,0,0,4,0,0,0,0,0,0,0,0,0,0,0,0,0,0,0
de,559516f560c3e,pink,0,4,0,0,0,0,0,0,0,0,0,0,0,0,0,0,0,0,0,0
de,559516f560c3e,purple,0,0,0,0,0,0,4,0,0,0,0,0,0,0,0,0,0,0,0,0
de,559516f560c3e,red,0,0,5,0,0,0,0,0,0,0,0,0,0,0,0,0,0,0,0,0
de,559516f560c3e,turquoise,0,0,0,0,0,0,0,0,0,0,0,0,0,0,4,0,0,0,0,0
de,559516f560c3e,white,0,0,0,0,0,0,0,0,0,0,0,0,0,0,0,0,0,0,0,0
de,559516f560c3e,yellow,0,0,0,0,0,0,3,0,0,0,0,0,0,0,0,0,0,0,0,0
de,55953cddda605,black,0,0,0,0,0,0,0,0,0,0,0,0,0,0,0,0,0,0,4,0
de,55953cddda605,blue,0,0,0,0,0,0,0,0,0,0,0,0,0,0,0,0,0,4,0,0
de,55953cddda605,brown,0,0,0,0,0,3,0,0,0,0,0,0,0,0,0,0,0,0,0,0
de,55953cddda605,green,0,0,0,0,0,4,0,0,0,0,0,0,0,0,0,0,0,0,0,0
de,55953cddda605,grey,0,0,0,0,0,0,2,0,0,0,0,0,0,0,0,0,0,0,0,0
de,55953cddda605,orange,0,0,0,0,0,0,0,0,0,0,0,0,4,0,0,0,0,0,0,0
de,55953cddda605,pink,0,0,0,0,3,0,0,0,0,0,0,0,0,0,0,0,0,0,0,0
de,55953cddda605,purple,0,0,0,0,0,0,0,3,0,0,0,0,0,0,0,0,0,0,0,0
de,55953cddda605,red,0,0,0,0,0,0,0,0,3,0,0,0,0,0,0,0,0,0,0,0
de,55953cddda605,turquoise,0,0,0,0,0,0,0,0,0,0,3,0,0,0,0,0,0,0,0,0
de,55953cddda605,white,0,0,0,0,0,0,0,0,0,0,0,0,0,0,0,0,0,0,0,0
de,55953cddda605,yellow,0,0,0,0,0,0,0,0,0,0,0,0,0,0,0,0,0,0,0,2
de,5595417e8132c,black,0,0,0,0,0,0,0,0,0,0,0,0,0,0,0,0,0,0,0,0
de,5595417e8132c,blue,0,0,0,0,0,0,0,0,0,0,0,0,4,0,0,0,0,0,0,0
de,5595417e8132c,brown,0,0,0,0,0,0,0,0,0,0,0,0,0,0,0,0,0,0,0,0
de,5595417e8132c,green,0,0,0,0,0,0,0,0,0,0,0,3,0,0,0,0,0,0,0,0
de,5595417e8132c,grey,0,0,0,0,0,0,0,0,0,0,0,0,0,0,0,0,0,0,0,0
de,5595417e8132c,orange,0,0,0,0,0,0,0,0,0,0,0,3,0,0,0,0,0,0,0,0
de,5595417e8132c,pink,0,0,0,0,0,0,0,0,0,0,0,0,0,0,0,0,0,0,0,0
de,5595417e8132c,purple,0,0,0,0,0,0,0,0,0,0,0,0,0,0,0,0,0,0,0,0
de,5595417e8132c,red,5,0,0,0,0,0,0,0,0,0,0,0,0,0,0,0,0,0,0,0
de,5595417e8132c,turquoise,0,0,0,0,0,0,0,0,0,0,0,0,0,0,0,0,0,0,0,0
de,5595417e8132c,white,0,0,0,0,0,0,0,0,0,0,0,0,0,0,0,0,0,0,0,0
de,5595417e8132c,yellow,0,0,0,0,0,0,0,0,0,0,0,0,5,0,0,0,0,0,0,0
de,55955197df80c,black,0,0,0,0,0,0,0,0,0,0,0,0,0,0,0,0,0,0,5,0
de,55955197df80c,blue,0,0,0,0,0,0,0,0,0,0,0,0,0,0,0,0,0,3,0,0
de,55955197df80c,brown,0,0,0,0,0,0,0,0,0,0,0,0,0,0,0,0,0,0,0,0
de,55955197df80c,green,4,0,0,0,0,0,0,0,0,0,0,0,0,0,0,0,0,0,0,0
de,55955197df80c,grey,0,0,0,3,0,0,0,0,0,0,0,0,0,0,0,0,0,0,0,0
de,55955197df80c,orange,0,0,0,0,0,0,0,0,0,0,0,0,0,0,5,0,0,0,0,0
de,55955197df80c,pink,0,0,0,0,0,0,0,0,0,0,0,0,0,0,0,0,0,0,0,0
de,55955197df80c,purple,0,3,0,0,0,0,0,0,0,0,0,0,0,0,0,0,0,0,0,0
de,55955197df80c,red,0,0,0,0,0,0,0,0,0,0,0,0,5,0,0,0,0,0,0,0
de,55955197df80c,turquoise,0,0,0,0,0,0,0,0,0,0,0,4,0,0,0,0,0,0,0,0
de,55955197df80c,white,0,0,0,0,0,0,0,0,0,0,0,0,0,0,0,0,0,0,0,0
de,55955197df80c,yellow,0,0,0,0,0,0,0,0,0,0,0,0,0,0,4,0,0,0,0,0
de,55955a7b19c50,black,0,0,0,0,0,0,0,0,0,0,0,0,0,0,0,0,0,0,5,0
de,55955a7b19c50,blue,0,0,0,0,0,5,0,0,0,0,0,0,0,0,0,0,0,0,0,0
de,55955a7b19c50,brown,0,0,0,0,0,0,0,0,0,0,0,0,0,0,0,0,0,0,0,0
de,55955a7b19c50,green,0,0,0,0,0,5,0,0,0,0,0,0,0,0,0,0,0,0,0,0
de,55955a7b19c50,grey,0,0,0,0,0,0,0,0,4,0,0,0,0,0,0,0,0,0,0,0
de,55955a7b19c50,orange,0,0,0,0,0,0,0,0,0,0,0,0,5,0,0,0,0,0,0,0
de,55955a7b19c50,pink,0,4,0,0,0,0,0,0,0,0,0,0,0,0,0,0,0,0,0,0
de,55955a7b19c50,purple,0,0,0,0,0,0,0,0,0,0,0,0,0,0,0,0,0,0,0,0
de,55955a7b19c50,red,0,0,0,0,0,0,0,0,0,0,0,0,0,5,0,0,0,0,0,0
de,55955a7b19c50,turquoise,0,0,0,0,0,0,0,0,0,0,0,0,0,0,0,0,0,0,0,0
de,55955a7b19c50,white,0,0,0,0,0,0,0,0,0,0,0,0,0,0,0,0,0,0,0,0
de,55955a7b19c50,yellow,0,0,0,0,0,0,0,0,0,0,0,0,0,0,0,0,0,0,0,0
de,559581b2a8532,black,0,0,0,0,0,0,0,0,5,0,5,0,0,0,0,0,0,0,3,0
de,559581b2a8532,blue,3,0,0,0,0,0,0,0,0,0,0,0,0,0,0,0,0,0,0,0
de,559581b2a8532,brown,0,0,0,0,0,0,0,0,0,0,0,0,0,0,0,0,0,0,0,0
de,559581b2a8532,green,0,0,0,0,0,5,0,0,0,0,0,0,0,0,0,0,0,3,0,0
de,559581b2a8532,grey,0,0,0,0,0,0,4,0,0,0,0,0,0,0,0,0,2,0,0,3
de,559581b2a8532,orange,0,4,0,0,0,0,0,0,0,0,0,0,4,0,0,0,0,3,0,0
de,559581b2a8532,pink,3,0,0,0,0,0,0,0,0,0,0,0,0,0,0,2,0,0,0,0
de,559581b2a8532,purple,0,0,0,0,0,0,0,0,0,0,0,4,0,0,3,0,0,0,0,0
de,559581b2a8532,red,4,0,0,0,0,0,0,0,0,0,0,0,0,3,0,0,0,0,0,0
de,559581b2a8532,turquoise,0,0,0,0,0,0,0,0,0,0,0,0,2,0,2,0,0,0,0,0
de,559581b2a8532,white,0,0,0,0,0,0,0,0,0,0,0,0,0,0,0,0,0,0,0,0
de,559581b2a8532,yellow,0,0,0,0,0,0,0,4,0,0,0,0,0,0,0,0,0,0,0,0
de,559584534030b,black,0,0,5,0,0,0,0,0,0,0,0,0,0,0,0,0,0,0,5,0
de,559584534030b,blue,0,0,0,0,0,0,0,0,0,0,0,0,0,0,0,4,0,5,0,0
de,559584534030b,brown,0,0,0,0,0,0,0,0,3,0,4,0,0,0,0,0,0,0,0,0
de,559584534030b,green,0,0,0,0,0,5,0,0,0,0,0,0,0,0,0,0,0,0,0,0
de,559584534030b,grey,0,0,0,0,0,0,3,0,5,0,0,0,0,0,0,0,0,0,0,0
de,559584534030b,orange,0,5,0,0,0,0,0,0,0,0,0,4,0,0,0,0,0,0,0,0
de,559584534030b,pink,0,0,0,4,0,0,0,0,0,0,0,0,0,0,0,0,0,4,0,0
de,559584534030b,purple,0,0,0,5,0,0,0,0,0,0,0,0,0,0,0,0,3,0,0,0
de,559584534030b,red,0,0,0,0,0,0,0,0,0,0,0,0,4,5,5,0,0,0,0,0
de,559584534030b,turquoise,3,0,0,0,0,0,0,0,0,0,0,0,0,0,0,5,0,0,0,0
de,559584534030b,white,0,0,0,0,0,0,0,0,0,0,0,4,0,0,0,0,0,5,0,0
de,559584534030b,yellow,0,0,0,0,4,0,0,0,0,0,0,0,0,0,0,0,0,0,0,0
de,559599c9960cd,black,0,0,0,0,0,0,0,0,0,0,0,0,0,0,0,0,0,0,5,0
de,559599c9960cd,blue,3,0,0,0,0,0,0,0,0,0,0,0,0,0,0,0,0,0,0,0
de,559599c9960cd,brown,0,0,0,0,0,0,5,0,0,0,0,0,0,0,0,0,0,0,0,0
de,559599c9960cd,green,0,0,0,0,0,5,0,0,0,0,0,0,0,0,0,0,0,0,0,0
de,559599c9960cd,grey,0,0,0,0,0,0,0,0,0,4,0,0,0,0,0,0,0,0,0,0
de,559599c9960cd,orange,0,0,0,0,0,0,0,0,0,0,0,0,0,0,5,0,0,0,0,0
de,559599c9960cd,pink,0,0,0,0,0,0,0,0,0,0,0,0,0,0,3,0,0,0,0,0
de,559599c9960cd,purple,0,0,0,0,4,0,0,0,0,0,0,0,0,0,0,0,0,0,0,0
de,559599c9960cd,red,5,0,0,0,0,0,0,0,0,0,0,0,0,0,0,0,0,0,0,0
de,559599c9960cd,turquoise,0,0,0,0,0,0,0,0,0,0,0,4,0,0,0,0,0,0,0,0
de,559599c9960cd,white,0,0,0,4,0,0,0,0,0,0,0,0,0,0,0,0,0,0,0,0
de,559599c9960cd,yellow,0,0,0,0,0,0,0,0,0,0,0,0,0,0,0,0,0,0,0,0
de,5595a573bbbf7,black,0,0,0,5,0,0,0,0,0,0,0,0,0,0,0,0,0,0,0,0
de,5595a573bbbf7,blue,0,0,0,0,0,4,0,0,0,0,0,0,0,0,0,0,0,0,0,0
de,5595a573bbbf7,brown,0,0,0,0,0,0,0,0,0,0,0,0,0,0,0,0,0,0,0,0
de,5595a573bbbf7,green,0,0,0,0,0,0,0,0,0,0,0,0,0,5,0,0,0,0,0,0
de,5595a573bbbf7,grey,0,0,0,0,0,0,3,0,0,0,0,0,0,0,0,0,0,0,0,0
de,5595a573bbbf7,orange,0,0,0,0,0,0,0,0,0,0,0,0,0,0,5,0,0,0,0,0
de,5595a573bbbf7,pink,0,0,0,0,0,0,0,0,0,0,0,0,0,0,0,0,0,5,0,0
de,5595a573bbbf7,purple,0,0,0,0,0,0,0,0,0,0,0,0,5,0,0,0,0,0,0,0
de,5595a573bbbf7,red,0,0,0,0,0,0,0,0,0,0,0,0,0,0,0,4,0,0,0,0
de,5595a573bbbf7,turquoise,0,3,0,0,0,0,0,0,0,0,0,0,0,0,0,0,0,0,0,0
de,5595a573bbbf7,white,0,0,0,0,0,5,0,0,0,0,0,0,0,0,0,0,0,0,0,0
de,5595a573bbbf7,yellow,0,0,0,0,0,0,0,0,0,0,0,5,0,0,0,0,0,0,0,0
de,55964ad5baaa4,black,0,0,0,4,0,0,4,0,4,4,0,0,0,0,0,4,4,0,5,4
de,55964ad5baaa4,blue,0,0,0,0,0,0,0,0,4,0,0,4,0,0,0,0,0,0,0,4
de,55964ad5baaa4,brown,0,0,3,0,4,0,0,5,3,0,0,0,0,0,0,0,0,0,0,0
de,55964ad5baaa4,green,4,0,0,4,0,0,0,0,0,0,0,0,4,0,4,0,0,0,0,0
de,55964ad5baaa4,grey,0,0,0,0,0,0,0,0,0,4,0,0,0,0,0,4,4,0,4,4
de,55964ad5baaa4,orange,0,0,4,0,0,0,0,0,0,0,0,0,5,0,4,0,0,4,0,0
de,55964ad5baaa4,pink,0,5,0,0,0,4,0,0,0,0,0,0,3,0,4,0,0,4,0,0
de,55964ad5baaa4,purple,0,0,0,0,0,0,0,0,0,0,0,0,0,4,0,0,4,0,5,0
de,55964ad5baaa4,red,0,0,4,0,0,0,0,0,0,0,0,0,4,4,4,5,0,0,0,0
de,55964ad5baaa4,turquoise,4,4,0,0,0,0,0,0,0,0,0,0,4,0,5,0,0,4,0,0
de,55964ad5baaa4,white,0,0,0,0,0,4,0,0,0,0,0,0,4,0,0,0,0,4,0,0
de,55964ad5baaa4,yellow,0,0,5,0,0,0,0,0,0,0,4,0,0,0,4,4,0,0,0,0
de,5596660ca107c,black,0,0,0,0,0,0,0,0,4,0,0,0,0,0,0,0,0,0,5,0
de,5596660ca107c,blue,0,0,0,0,0,3,0,0,0,0,0,0,3,0,3,0,0,0,0,0
de,5596660ca107c,brown,0,0,0,0,0,0,0,0,0,0,0,0,0,0,0,0,0,0,0,0
de,5596660ca107c,green,0,0,0,0,0,5,0,0,0,0,0,0,3,0,3,0,0,0,0,0
de,5596660ca107c,grey,0,0,0,0,0,0,4,0,0,0,0,0,0,0,0,0,0,0,0,0
de,5596660ca107c,orange,0,0,0,0,0,5,0,0,0,0,0,0,5,0,0,0,0,0,0,0
de,5596660ca107c,pink,0,0,0,0,0,2,0,0,0,0,0,0,3,3,3,0,0,0,0,0
de,5596660ca107c,purple,0,0,0,0,0,0,0,0,0,0,0,0,3,0,3,0,0,0,0,0
de,5596660ca107c,red,0,0,0,0,0,0,0,0,0,0,0,0,4,0,0,0,0,0,0,0
de,5596660ca107c,turquoise,0,0,0,0,0,0,0,0,0,0,0,0,0,0,0,0,0,0,0,0
de,5596660ca107c,white,0,0,0,0,0,3,0,0,0,0,0,0,0,0,0,0,0,0,0,0
de,5596660ca107c,yellow,0,0,0,0,0,5,0,0,0,0,0,0,5,5,5,0,0,5,0,0
de,5596666c36f82,black,0,0,0,0,0,0,0,0,0,0,0,0,0,0,0,0,0,0,5,0
de,5596666c36f82,blue,0,0,0,0,0,3,0,0,0,0,0,0,0,0,0,4,0,0,0,0
de,5596666c36f82,brown,0,0,0,0,0,0,0,0,0,0,0,3,0,0,0,3,0,0,0,0
de,5596666c36f82,green,0,0,0,0,0,5,0,0,0,0,0,0,0,0,0,0,0,0,0,0
de,5596666c36f82,grey,0,0,0,0,0,0,3,0,3,0,0,0,0,0,0,0,0,0,0,0
de,5596666c36f82,orange,0,0,0,0,0,0,0,0,0,0,0,0,0,0,5,0,0,0,0,0
de,5596666c36f82,pink,0,0,0,0,0,0,0,0,0,0,0,0,0,0,0,0,0,2,0,0
de,5596666c36f82,purple,3,0,0,0,0,3,0,0,0,0,0,0,0,0,0,0,0,0,0,0
de,5596666c36f82,red,0,0,4,0,0,0,0,0,0,0,0,0,0,5,0,0,0,0,0,0
de,5596666c36f82,turquoise,3,0,0,0,0,0,0,0,0,0,0,0,3,0,3,0,0,0,0,0
de,5596666c36f82,white,0,0,0,0,0,0,0,0,0,0,0,0,0,0,0,2,0,0,4,0
de,5596666c36f82,yellow,0,0,0,0,0,0,0,0,0,0,0,0,5,0,0,0,0,0,0,0
de,55966d2eb2f9a,black,0,0,0,0,0,0,0,0,5,3,0,0,0,0,0,0,0,0,0,0
de,55966d2eb2f9a,blue,0,0,0,0,0,0,0,0,0,0,0,0,4,0,3,0,0,0,0,0
de,55966d2eb2f9a,brown,0,0,0,0,0,0,3,0,0,0,0,0,0,0,0,0,3,0,0,0
de,55966d2eb2f9a,green,0,0,0,4,0,3,0,0,0,0,0,0,5,0,2,0,0,0,0,0
de,55966d2eb2f9a,grey,0,0,0,0,4,0,0,5,4,0,0,0,0,0,0,0,3,0,2,5
de,55966d2eb2f9a,orange,0,4,0,0,0,4,0,0,0,0,0,4,0,0,0,0,0,0,2,0
de,55966d2eb2f9a,pink,0,0,0,0,0,0,0,0,0,0,0,0,3,0,4,0,0,0,0,0
de,55966d2eb2f9a,purple,0,0,0,0,0,0,0,0,0,5,0,0,0,0,0,0,0,0,5,0
de,55966d2eb2f9a,red,0,0,5,0,0,0,0,0,0,0,5,5,0,5,0,0,4,0,0,4
de,55966d2eb2f9a,turquoise,0,0,0,4,0,4,0,0,0,0,0,0,0,4,5,0,0,0,4,0
de,55966d2eb2f9a,white,0,0,0,5,5,0,0,0,0,0,0,0,0,0,0,0,0,0,0,0
de,55966d2eb2f9a,yellow,0,3,0,0,0,0,0,0,0,0,4,0,0,0,2,5,0,0,0,0
de,55966f99a8841,black,0,0,4,3,4,0,3,0,5,4,0,0,0,0,0,0,0,0,5,0
de,55966f99a8841,blue,4,0,0,0,0,0,0,0,0,0,0,4,4,0,0,0,0,0,0,0
de,55966f99a8841,brown,0,0,0,0,0,4,0,0,0,0,0,0,0,0,0,0,0,0,0,0
de,55966f99a8841,green,0,0,0,0,0,3,0,0,0,0,0,5,4,0,4,0,0,3,0,0
de,55966f99a8841,grey,0,0,0,3,0,0,4,0,0,4,0,0,0,0,0,0,4,0,4,0
de,55966f99a8841,orange,0,0,0,0,0,5,0,0,0,0,0,5,4,5,0,0,0,4,0,0
de,55966f99a8841,pink,0,3,0,0,0,0,0,0,0,0,0,0,4,0,0,0,0,4,0,0
de,55966f99a8841,purple,0,0,0,0,0,0,0,0,0,0,0,0,0,0,0,5,0,0,0,0
de,55966f99a8841,red,0,0,5,0,0,0,0,0,5,3,0,0,0,4,0,5,0,0,0,0
de,55966f99a8841,turquoise,0,0,0,0,0,0,0,0,0,0,0,0,3,0,3,0,0,0,0,0
de,55966f99a8841,white,4,0,0,0,0,0,0,0,0,0,0,4,0,0,0,5,0,0,0,0
de,55966f99a8841,yellow,0,0,0,0,0,5,0,0,0,0,0,4,5,0,4,0,0,3,0,0
de,559691a06e924,black,0,0,0,0,0,0,0,0,0,0,0,0,0,0,0,3,0,0,5,2
de,559691a06e924,blue,5,0,0,2,0,5,0,0,0,0,0,5,0,0,4,0,0,3,0,0
de,559691a06e924,brown,0,0,0,0,0,0,0,0,0,0,0,0,0,0,0,0,0,0,0,0
de,559691a06e924,green,0,0,0,0,0,3,0,0,0,0,0,0,2,0,0,0,0,3,0,0
de,559691a06e924,grey,0,0,0,0,0,0,0,0,0,0,0,0,0,0,0,0,0,0,0,0
de,559691a06e924,orange,0,0,0,0,0,0,0,0,0,0,0,3,0,0,1,0,0,0,0,0
de,559691a06e924,pink,0,3,0,0,0,2,0,0,0,0,0,3,0,2,4,0,0,0,0,0
de,559691a06e924,purple,0,0,0,0,0,0,0,0,0,0,0,0,0,0,0,0,0,0,3,0
de,559691a06e924,red,4,0,4,0,0,0,0,0,0,0,0,4,4,4,4,4,0,0,0,4
de,559691a06e924,turquoise,0,0,0,0,0,3,0,0,0,0,0,4,0,0,4,0,0,0,0,0
de,559691a06e924,white,0,0,0,0,0,2,0,0,0,0,0,0,0,0,0,3,0,4,0,0
de,559691a06e924,yellow,0,0,0,0,0,0,0,0,0,0,0,3,2,0,2,0,0,2,0,0
de,5598707928fc6,black,0,0,2,0,0,0,4,0,0,3,0,0,0,0,0,0,3,0,5,0
de,5598707928fc6,blue,0,0,0,4,0,0,3,0,0,0,0,0,0,0,0,0,0,0,0,0
de,5598707928fc6,brown,0,0,0,0,0,0,0,3,0,2,0,0,0,0,0,0,0,0,0,0
de,5598707928fc6,green,0,0,0,0,0,4,0,0,0,0,0,0,4,0,4,4,0,3,0,0
de,5598707928fc6,grey,0,0,0,3,0,0,3,0,5,0,0,0,0,0,0,0,0,0,2,2
de,5598707928fc6,orange,0,2,0,0,1,0,0,0,0,0,0,0,0,0,0,0,0,0,0,0
de,5598707928fc6,pink,0,0,0,4,0,0,0,0,0,0,0,0,4,4,4,0,0,0,0,3
de,5598707928fc6,purple,0,0,0,0,0,0,4,0,0,0,0,0,0,0,0,0,0,4,0,0
de,5598707928fc6,red,0,0,0,0,0,0,0,0,0,0,0,0,0,5,4,0,3,0,0,0
de,5598707928fc6,turquoise,0,0,0,0,0,0,0,0,0,0,0,4,0,0,4,0,0,4,0,0
de,5598707928fc6,white,0,0,0,3,0,0,2,0,0,0,0,0,0,0,0,0,0,0,0,0
de,5598707928fc6,yellow,0,0,0,0,0,3,0,3,0,0,0,0,0,0,0,0,0,2,0,0
de,55991a610514b,black,0,0,0,0,0,0,0,0,0,0,0,0,0,0,0,0,0,0,5,0
de,55991a610514b,blue,0,0,0,0,0,5,0,0,0,0,0,0,5,0,0,0,0,0,0,0
de,55991a610514b,brown,0,0,0,0,0,0,0,0,0,0,0,0,0,0,0,0,0,0,0,0
de,55991a610514b,green,0,0,0,0,0,0,0,0,0,0,0,3,0,0,0,0,0,3,0,0
de,55991a610514b,grey,0,0,0,0,0,0,4,0,0,0,0,0,0,0,0,0,0,0,2,0
de,55991a610514b,orange,0,0,0,0,0,0,0,0,0,0,0,0,5,0,5,0,0,0,0,0
de,55991a610514b,pink,0,0,0,0,0,0,0,0,0,0,0,0,0,0,0,0,0,0,0,0
de,55991a610514b,purple,0,0,0,3,0,0,0,0,0,0,0,0,0,0,0,0,0,0,0,0
de,55991a610514b,red,0,0,0,0,0,0,0,0,0,0,0,5,0,4,0,3,0,0,0,0
de,55991a610514b,turquoise,0,4,0,0,0,0,0,0,0,0,0,0,0,0,5,0,0,0,0,0
de,55991a610514b,white,0,0,0,0,0,0,0,0,0,0,0,0,0,0,0,0,0,0,0,0
de,55991a610514b,yellow,0,0,0,0,0,0,0,0,0,0,0,0,4,0,4,0,0,0,0,0
de,55996e9541296,black,0,0,0,0,0,0,0,0,5,0,0,0,0,0,0,0,0,0,5,0
de,55996e9541296,blue,0,0,0,0,0,5,0,0,0,0,0,0,0,0,0,3,0,0,0,0
de,55996e9541296,brown,0,0,0,0,0,2,0,0,0,0,0,0,0,0,0,0,0,0,0,0
de,55996e9541296,green,0,0,0,0,0,0,0,0,0,0,0,5,3,0,0,0,0,0,0,0
de,55996e9541296,grey,0,0,0,0,0,0,0,0,0,0,0,0,0,0,0,0,0,0,0,0
de,55996e9541296,orange,0,0,3,0,0,0,0,0,0,0,0,0,0,0,3,0,0,0,0,0
de,55996e9541296,pink,0,0,0,0,0,4,0,0,0,0,0,0,0,4,3,0,0,0,0,0
de,55996e9541296,purple,0,0,0,0,0,0,0,0,0,0,0,0,0,0,0,0,0,0,0,0
de,55996e9541296,red,0,0,5,0,0,0,0,0,0,0,5,0,0,3,0,0,0,0,0,0
de,55996e9541296,turquoise,0,0,0,0,0,0,0,0,0,0,0,0,5,0,0,0,0,0,0,0
de,55996e9541296,white,0,0,0,0,0,0,0,0,0,0,0,0,0,0,0,0,0,0,0,0
de,55996e9541296,yellow,0,0,0,0,0,0,0,0,0,0,0,0,5,0,0,0,0,0,0,0
de,559b09bdc733e,black,0,0,0,0,0,0,4,0,5,4,5,0,0,0,0,0,4,0,5,0
de,559b09bdc733e,blue,0,4,0,0,0,0,0,0,0,0,0,0,5,0,5,0,0,3,0,0
de,559b09bdc733e,brown,0,0,0,0,2,0,4,1,0,0,0,0,0,0,0,0,0,0,0,0
de,559b09bdc733e,green,0,0,0,0,0,0,0,0,0,0,0,0,5,0,5,0,0,0,0,0
de,559b09bdc733e,grey,0,0,0,0,0,0,5,5,0,0,0,0,0,0,0,0,3,0,0,0
de,559b09bdc733e,orange,0,0,4,0,0,0,0,0,0,0,0,0,5,0,0,0,0,0,0,0
de,559b09bdc733e,pink,0,0,0,0,0,5,0,0,0,0,0,0,4,0,4,0,0,0,0,0
de,559b09bdc733e,purple,0,0,0,4,0,0,0,0,0,0,0,0,0,0,0,0,4,0,0,0
de,559b09bdc733e,red,0,0,5,0,0,0,0,0,0,0,0,0,5,5,0,0,0,0,0,0
de,559b09bdc733e,turquoise,0,0,0,0,0,4,0,0,0,0,0,0,4,0,4,5,0,0,0,0
de,559b09bdc733e,white,0,0,0,0,0,0,2,0,0,0,0,0,0,0,0,0,0,0,4,0
de,559b09bdc733e,yellow,0,0,0,0,0,0,0,0,0,0,0,0,0,0,0,0,0,0,0,0
de,559b2b6d825a2,black,0,0,0,0,0,0,0,0,0,2,0,0,0,0,0,5,0,0,3,0
de,559b2b6d825a2,blue,0,0,0,0,0,3,0,0,0,0,0,0,0,0,0,0,0,0,0,0
de,559b2b6d825a2,brown,0,0,0,4,0,0,0,0,0,0,0,0,0,0,0,0,0,0,2,0
de,559b2b6d825a2,green,0,0,0,0,0,5,0,0,0,0,0,0,0,0,0,0,0,4,0,0
de,559b2b6d825a2,grey,0,0,0,0,4,0,3,0,0,0,0,0,0,0,0,0,0,0,0,0
de,559b2b6d825a2,orange,0,0,0,0,0,0,0,0,0,0,0,3,0,0,4,0,2,0,0,0
de,559b2b6d825a2,pink,3,0,0,0,0,0,0,0,0,0,0,0,0,0,0,0,0,3,0,0
de,559b2b6d825a2,purple,0,0,0,0,0,0,0,0,0,0,0,0,0,0,0,0,2,0,0,5
de,559b2b6d825a2,red,5,0,0,0,0,0,0,0,0,0,0,5,0,0,0,0,0,0,0,0
de,559b2b6d825a2,turquoise,0,0,0,0,2,0,0,0,0,0,0,0,0,0,5,0,0,0,0,0
de,559b2b6d825a2,white,0,0,0,0,0,0,0,0,0,0,0,0,0,0,0,3,0,5,0,0
de,559b2b6d825a2,yellow,0,0,0,0,4,0,0,0,0,0,0,0,0,0,0,0,0,0,0,0
de,559bf2c467752,black,0,0,0,0,0,0,0,0,0,0,0,0,0,0,0,0,0,0,5,0
de,559bf2c467752,blue,0,0,0,0,0,4,0,0,0,0,0,0,0,0,0,0,0,0,0,0
de,559bf2c467752,brown,0,0,0,5,0,0,0,0,0,0,0,0,0,0,0,0,0,0,0,0
de,559bf2c467752,green,0,0,0,0,0,4,0,0,0,0,0,0,0,0,0,0,0,0,0,0
de,559bf2c467752,grey,0,0,0,0,0,0,4,0,0,0,0,0,0,0,0,0,0,0,0,0
de,559bf2c467752,orange,0,4,0,0,0,0,0,0,0,0,0,0,0,0,0,0,0,0,0,0
de,559bf2c467752,pink,0,0,0,0,0,0,0,0,0,0,0,4,0,0,0,0,0,0,0,0
de,559bf2c467752,purple,0,0,0,0,0,0,0,0,0,0,0,5,0,0,0,0,0,0,0,0
de,559bf2c467752,red,0,0,0,0,0,0,0,0,0,0,0,0,0,5,0,0,0,0,0,0
de,559bf2c467752,turquoise,0,0,0,0,0,0,0,0,0,0,0,3,0,0,0,0,0,0,0,0
de,559bf2c467752,white,0,0,0,0,0,0,0,0,0,0,0,0,0,0,0,0,0,0,0,0
de,559bf2c467752,yellow,0,0,0,0,0,0,0,0,0,0,0,0,0,0,0,0,0,5,0,0
de,559c3426bb993,black,0,0,0,0,0,3,0,0,0,0,4,0,3,0,0,4,0,0,3,0
de,559c3426bb993,blue,0,0,0,0,0,5,0,0,0,0,0,0,3,0,2,0,0,0,0,0
de,559c3426bb993,brown,0,0,0,0,0,5,0,0,0,0,0,0,2,0,0,1,0,2,0,0
de,559c3426bb993,green,0,0,0,0,0,5,0,0,0,0,0,3,3,0,4,0,0,0,0,0
de,559c3426bb993,grey,0,0,0,0,0,0,4,0,3,1,0,0,0,0,0,0,0,0,3,0
de,559c3426bb993,orange,0,3,2,0,0,2,0,0,0,0,0,0,3,0,3,0,0,0,0,0
de,559c3426bb993,pink,0,0,0,0,0,2,0,0,0,1,0,0,4,2,3,0,0,0,0,3
de,559c3426bb993,purple,0,0,0,0,0,0,0,0,2,1,0,0,0,0,0,0,2,0,0,4
de,559c3426bb993,red,0,0,3,0,0,0,0,0,0,0,2,0,1,4,1,0,0,0,0,0
de,559c3426bb993,turquoise,0,0,0,0,0,5,0,0,0,0,0,4,5,5,5,3,0,0,0,0
de,559c3426bb993,white,3,0,0,0,0,3,0,0,0,0,0,0,0,2,0,0,0,0,4,0
de,559c3426bb993,yellow,0,0,2,0,1,3,0,0,0,0,0,0,2,0,0,4,0,0,0,0
de,559d0ba13a2bf,black,0,0,0,0,0,0,0,0,0,0,0,0,0,0,0,0,0,0,5,0
de,559d0ba13a2bf,blue,3,0,0,0,0,0,0,0,0,0,0,4,0,0,1,4,0,3,0,0
de,559d0ba13a2bf,brown,0,0,0,0,0,0,0,0,0,0,0,0,0,0,0,0,0,0,0,0
de,559d0ba13a2bf,green,0,0,0,0,0,4,0,0,0,0,0,5,5,0,0,0,0,0,0,0
de,559d0ba13a2bf,grey,0,0,0,0,0,0,4,0,0,0,0,0,0,0,0,0,0,0,1,0
de,559d0ba13a2bf,orange,0,0,0,0,0,2,0,0,0,0,0,4,3,0,4,0,0,3,0,0
de,559d0ba13a2bf,pink,0,2,0,0,0,3,0,0,0,0,0,0,0,0,0,0,0,2,0,0
de,559d0ba13a2bf,purple,0,0,0,0,0,3,0,0,0,0,0,4,4,0,3,0,0,3,0,0
de,559d0ba13a2bf,red,0,0,0,0,0,0,0,0,0,0,0,4,5,4,0,4,0,0,0,0
de,559d0ba13a2bf,turquoise,0,0,0,0,0,0,0,0,0,0,0,4,4,0,4,0,0,3,0,0
de,559d0ba13a2bf,white,0,0,0,0,0,0,0,0,0,0,0,1,0,0,0,0,0,0,0,0
de,559d0ba13a2bf,yellow,0,0,0,0,0,0,0,0,0,0,0,3,4,0,4,3,0,0,0,0
de,559d767aed1bc,black,0,0,0,0,0,0,0,0,5,0,5,0,0,0,0,4,0,0,0,0
de,559d767aed1bc,blue,5,0,0,0,0,3,0,0,0,0,0,4,0,0,0,5,0,0,0,0
de,559d767aed1bc,brown,0,0,0,0,0,0,0,0,0,5,3,0,0,0,0,0,0,0,0,0
de,559d767aed1bc,green,0,0,0,3,0,5,0,0,0,0,0,0,0,0,4,0,0,5,0,0
de,559d767aed1bc,grey,0,0,0,0,0,0,5,0,0,3,2,0,0,0,0,0,0,0,0,0
de,559d767aed1bc,orange,0,0,0,3,0,5,0,0,0,0,0,0,0,2,0,0,0,0,0,0
de,559d767aed1bc,pink,0,0,0,5,0,4,0,0,0,0,0,0,0,5,0,0,0,0,0,0
de,559d767aed1bc,purple,4,0,0,0,4,0,0,0,0,0,0,0,0,0,0,0,0,0,0,0
de,559d767aed1bc,red,0,0,3,0,0,0,0,0,0,0,0,0,0,5,0,0,0,0,0,3
de,559d767aed1bc,turquoise,0,0,0,0,0,5,0,0,0,0,0,0,0,0,4,0,0,4,0,0
de,559d767aed1bc,white,0,0,0,0,0,5,0,0,0,0,0,0,3,0,0,0,0,0,0,0
de,559d767aed1bc,yellow,5,0,0,0,0,4,0,0,0,0,0,0,5,0,0,0,0,0,0,0
de,559db3125a498,black,0,0,0,0,3,0,0,0,5,3,5,0,0,0,0,0,0,0,5,0
de,559db3125a498,blue,0,0,0,0,0,0,0,0,0,0,0,0,0,0,0,0,0,0,0,0
de,559db3125a498,brown,0,0,0,0,0,0,0,4,0,0,0,0,0,0,0,0,0,0,0,0
de,559db3125a498,green,0,0,0,0,0,3,0,0,0,0,0,0,3,0,4,0,0,0,0,0
de,559db3125a498,grey,0,0,0,0,0,0,5,0,4,0,0,0,0,0,0,0,0,0,1,2
de,559db3125a498,orange,0,0,0,0,0,0,0,0,0,0,0,0,0,0,0,0,0,0,0,0
de,559db3125a498,pink,0,0,0,0,0,0,0,0,0,0,0,0,0,0,0,0,0,0,0,0
de,559db3125a498,purple,0,0,0,0,0,0,0,0,0,0,0,0,3,0,3,0,0,0,0,0
de,559db3125a498,red,0,0,3,0,0,0,0,0,0,0,0,0,0,5,0,0,0,0,0,0
de,559db3125a498,turquoise,0,0,0,0,0,5,0,0,0,0,0,0,0,0,0,0,0,0,0,0
de,559db3125a498,white,0,0,0,0,0,3,0,0,0,0,0,0,0,1,0,0,0,3,0,0
de,559db3125a498,yellow,0,4,0,0,0,0,0,0,0,0,0,0,0,0,0,0,0,0,0,0
de,559e70e62033d,black,0,0,0,0,0,0,0,0,5,5,0,0,0,0,0,0,0,0,5,0
de,559e70e62033d,blue,0,0,0,0,0,5,0,0,0,0,0,0,5,0,3,0,0,0,0,0
de,559e70e62033d,brown,0,0,0,0,0,0,0,0,0,0,0,0,0,0,0,0,0,0,0,0
de,559e70e62033d,green,0,0,0,0,0,5,0,0,0,0,0,5,0,0,0,0,0,0,0,0
de,559e70e62033d,grey,0,0,0,0,0,0,0,0,3,0,0,0,0,0,0,0,0,0,3,0
de,559e70e62033d,orange,0,0,5,0,0,0,0,0,0,0,0,0,0,0,0,4,0,0,0,0
de,559e70e62033d,pink,0,0,0,0,5,0,0,0,0,0,0,0,0,2,0,0,0,0,0,0
de,559e70e62033d,purple,4,0,0,0,0,0,0,0,0,0,0,0,0,0,0,0,0,0,0,0
de,559e70e62033d,red,0,0,5,0,0,0,0,0,0,0,5,0,0,5,0,0,0,0,0,0
de,559e70e62033d,turquoise,0,0,0,0,0,4,0,0,0,0,0,0,0,0,0,0,0,0,0,0
de,559e70e62033d,white,0,0,0,0,0,0,0,0,0,0,0,0,0,0,0,0,0,5,5,0
de,559e70e62033d,yellow,0,0,0,0,0,0,0,0,0,0,0,0,0,0,0,5,0,0,0,0
de,55a08f0a1d620,black,0,0,1,0,0,0,0,0,3,4,1,0,0,0,0,3,0,0,0,0
de,55a08f0a1d620,blue,5,0,0,0,0,0,0,0,0,0,0,3,0,0,0,4,0,5,0,0
de,55a08f0a1d620,brown,0,0,0,0,0,0,0,0,0,0,0,0,0,0,0,3,0,0,0,0
de,55a08f0a1d620,green,5,4,0,0,0,0,0,0,0,0,0,0,4,0,0,0,0,0,0,0
de,55a08f0a1d620,grey,0,0,0,3,0,0,0,0,0,0,0,1,0,0,1,0,0,0,4,0
de,55a08f0a1d620,orange,0,0,0,0,0,0,0,0,0,0,0,2,0,0,4,3,0,0,0,0
de,55a08f0a1d620,pink,0,0,1,0,0,0,0,0,0,0,0,0,4,0,0,0,0,0,0,3
de,55a08f0a1d620,purple,0,3,0,5,0,0,0,0,0,0,0,0,4,4,4,0,0,0,4,0
de,55a08f0a1d620,red,0,0,3,0,0,2,0,0,0,0,2,0,0,4,0,0,0,0,0,0
de,55a08f0a1d620,turquoise,4,0,0,0,0,0,0,0,0,0,0,4,3,0,3,2,0,4,0,0
de,55a08f0a1d620,white,0,0,0,0,0,5,0,0,0,0,0,4,0,0,0,3,0,5,0,0
de,55a08f0a1d620,yellow,0,2,0,4,0,0,0,0,0,0,0,0,3,4,0,0,0,0,0,0
de,55a2b71fa8f87,black,0,0,0,0,0,0,0,3,4,0,3,0,0,0,0,0,0,0,5,0
de,55a2b71fa8f87,blue,0,0,0,0,0,0,0,0,0,0,0,0,0,0,0,4,0,0,0,0
de,55a2b71fa8f87,brown,0,0,3,0,3,0,0,0,0,0,4,0,0,0,0,0,0,0,0,0
de,55a2b71fa8f87,green,0,3,0,0,0,3,0,0,0,0,0,0,0,0,4,3,0,4,0,0
de,55a2b71fa8f87,grey,0,0,0,0,0,0,4,0,0,0,0,0,0,0,0,0,0,0,0,0
de,55a2b71fa8f87,orange,0,4,0,0,0,4,0,0,0,0,0,0,4,3,4,0,0,3,0,0
de,55a2b71fa8f87,pink,0,0,0,0,0,0,0,0,0,0,0,0,0,0,0,0,0,0,0,0
de,55a2b71fa8f87,purple,3,0,0,0,0,0,0,0,3,0,0,0,0,0,0,4,3,0,0,0
de,55a2b71fa8f87,red,0,0,3,0,0,0,0,0,3,3,0,0,4,4,3,4,0,0,0,0
de,55a2b71fa8f87,turquoise,0,0,0,0,0,0,0,0,0,3,0,0,0,0,0,0,0,0,0,0
de,55a2b71fa8f87,white,3,0,0,0,0,0,0,0,0,0,0,0,0,0,0,0,0,0,0,0
de,55a2b71fa8f87,yellow,0,3,0,0,0,0,0,0,0,0,0,0,4,0,3,0,0,4,0,0
de,55a3746286e39,black,0,0,0,0,0,0,0,0,0,0,0,0,0,0,0,0,0,0,0,0
de,55a3746286e39,blue,2,4,0,0,0,0,0,0,0,0,0,4,0,0,0,0,0,0,0,0
de,55a3746286e39,brown,0,0,0,0,0,0,0,0,0,3,0,0,0,0,0,0,3,0,5,3
de,55a3746286e39,green,0,0,0,0,0,4,0,0,0,0,0,0,5,0,4,0,0,0,0,0
de,55a3746286e39,grey,0,0,0,0,0,0,0,0,4,0,0,0,0,0,0,0,0,0,4,0
de,55a3746286e39,orange,0,0,0,0,0,0,0,0,0,0,0,4,3,4,0,0,0,0,0,0
de,55a3746286e39,pink,0,4,0,0,0,0,0,0,0,0,0,0,0,0,4,0,0,4,0,0
de,55a3746286e39,purple,0,0,0,0,0,0,0,0,0,0,0,4,0,0,0,4,0,0,0,0
de,55a3746286e39,red,0,0,5,0,0,0,0,0,0,0,0,0,0,4,0,0,0,0,0,4
de,55a3746286e39,turquoise,0,0,0,0,2,0,3,0,0,0,3,0,0,0,0,0,0,0,0,0
de,55a3746286e39,white,0,0,4,0,4,0,3,0,0,2,0,0,0,0,0,0,0,3,0,0
de,55a3746286e39,yellow,0,0,0,0,0,0,4,2,0,0,0,0,4,0,0,3,0,0,0,0
de,55a3a5061902d,black,0,0,0,0,0,0,0,0,0,0,0,0,0,0,0,0,0,0,0,0
de,55a3a5061902d,blue,0,0,0,0,0,0,0,0,0,0,0,0,0,0,0,0,0,0,0,0
de,55a3a5061902d,brown,0,0,0,0,0,0,0,0,0,0,0,0,0,0,0,0,0,0,0,0
de,55a3a5061902d,green,0,0,0,0,0,0,0,0,0,0,0,0,0,0,0,0,0,0,0,0
de,55a3a5061902d,grey,0,0,0,0,0,0,0,0,0,0,0,0,0,0,0,0,0,0,0,0
de,55a3a5061902d,orange,0,0,0,0,0,0,0,0,0,0,0,0,0,0,0,0,0,0,0,0
de,55a3a5061902d,pink,0,0,0,0,0,0,0,0,0,0,0,0,0,0,0,0,0,0,0,0
de,55a3a5061902d,purple,0,0,0,0,0,0,0,0,0,0,0,0,0,0,0,0,0,0,0,0
de,55a3a5061902d,red,0,0,0,0,0,0,0,0,0,0,0,0,0,0,0,0,0,0,0,0
de,55a3a5061902d,turquoise,0,0,0,0,0,0,0,0,0,0,0,0,0,0,0,0,0,0,0,0
de,55a3a5061902d,white,0,0,0,0,0,0,0,0,0,0,0,0,0,0,0,0,0,0,0,0
de,55a3a5061902d,yellow,0,0,0,0,0,0,0,0,0,0,0,0,0,0,0,0,0,0,0,0
de,55a4156d16bff,black,0,0,0,0,0,0,4,0,5,4,0,0,0,0,0,0,0,0,5,0
de,55a4156d16bff,blue,0,0,0,0,0,0,0,0,0,0,0,4,0,0,0,0,0,0,0,0
de,55a4156d16bff,brown,0,0,0,0,0,0,0,0,4,4,0,0,0,0,0,0,4,0,0,0
de,55a4156d16bff,green,0,5,0,0,0,0,0,0,0,0,0,0,5,0,5,0,0,0,0,0
de,55a4156d16bff,grey,0,0,0,0,0,0,2,0,0,0,0,0,0,0,0,0,0,0,1,0
de,55a4156d16bff,orange,0,0,0,0,0,5,0,0,0,0,0,0,4,0,4,0,0,0,0,0
de,55a4156d16bff,pink,0,0,0,0,0,0,0,2,0,0,0,0,0,2,0,0,0,0,0,0
de,55a4156d16bff,purple,0,0,3,0,0,0,0,2,0,2,3,0,0,0,0,0,2,0,0,2
de,55a4156d16bff,red,0,0,4,0,0,0,0,0,0,0,4,0,0,4,0,0,4,0,0,4
de,55a4156d16bff,turquoise,0,0,0,0,0,3,0,0,0,0,0,0,0,0,0,3,0,0,0,0
de,55a4156d16bff,white,0,0,0,0,0,0,0,0,0,0,0,4,0,0,0,0,0,5,0,0
de,55a4156d16bff,yellow,0,0,0,0,0,5,0,0,0,0,0,5,3,0,3,0,0,0,0,0
de,55a8d9a26d46b,black,0,0,0,0,2,0,3,3,4,2,3,0,0,0,0,0,2,0,5,3
de,55a8d9a26d46b,blue,3,0,0,0,0,4,0,0,0,0,0,4,0,0,0,2,0,4,0,0
de,55a8d9a26d46b,brown,0,0,0,0,0,0,0,2,0,0,0,0,2,0,0,0,0,0,0,0
de,55a8d9a26d46b,green,4,0,0,0,0,3,0,4,0,0,0,0,3,0,3,0,0,0,0,0
de,55a8d9a26d46b,grey,0,0,0,0,3,0,5,0,4,5,0,0,0,0,0,0,5,0,5,5
de,55a8d9a26d46b,orange,0,0,0,0,0,0,0,0,0,0,0,0,2,0,0,3,0,0,0,0
de,55a8d9a26d46b,pink,3,0,0,0,0,5,0,0,0,0,0,0,4,4,4,0,0,3,0,0
de,55a8d9a26d46b,purple,0,0,0,4,0,0,0,0,0,0,0,0,0,0,0,3,0,0,0,0
de,55a8d9a26d46b,red,0,0,5,0,0,0,0,0,0,0,5,0,5,5,0,0,0,0,0,0
de,55a8d9a26d46b,turquoise,0,0,0,0,0,0,0,0,0,0,0,5,0,2,0,3,0,3,0,0
de,55a8d9a26d46b,white,0,0,0,0,0,0,0,0,0,0,0,0,0,0,0,0,0,0,0,0
de,55a8d9a26d46b,yellow,0,0,0,0,0,0,0,0,0,0,0,3,0,0,0,3,0,0,0,0
de,55aaccce923b8,black,0,0,0,0,0,0,0,0,4,4,4,0,0,0,0,0,0,0,5,0
de,55aaccce923b8,blue,0,0,0,0,0,0,0,0,0,0,0,0,5,0,4,0,0,0,0,0
de,55aaccce923b8,brown,0,0,0,0,0,0,0,5,0,0,0,0,0,0,0,0,0,0,0,0
de,55aaccce923b8,green,5,0,0,0,0,0,0,0,0,0,0,0,0,0,0,0,0,5,0,0
de,55aaccce923b8,grey,0,0,0,3,0,0,0,0,0,3,0,0,0,0,0,0,0,0,4,0
de,55aaccce923b8,orange,0,0,0,0,0,5,0,0,0,0,0,0,5,0,5,0,0,0,0,0
de,55aaccce923b8,pink,0,0,0,0,0,0,0,0,0,0,0,0,0,0,0,0,0,0,0,0
de,55aaccce923b8,purple,0,0,0,3,0,0,0,0,0,0,0,4,4,0,0,4,0,0,0,0
de,55aaccce923b8,red,0,0,5,0,5,0,0,0,0,0,5,0,0,3,0,0,0,0,0,0
de,55aaccce923b8,turquoise,0,0,0,0,0,4,0,0,0,0,0,4,4,0,4,0,0,5,0,0
de,55aaccce923b8,white,0,0,0,4,0,0,0,0,0,0,0,0,0,0,0,0,4,3,0,0
de,55aaccce923b8,yellow,0,0,0,0,0,0,0,0,0,0,0,5,0,0,0,0,0,5,0,0
de,55ac0b8d01d57,black,0,0,0,0,0,0,5,0,5,5,5,0,0,0,0,0,0,0,5,0
de,55ac0b8d01d57,blue,0,0,0,0,0,5,0,0,0,0,0,3,5,0,3,0,0,5,0,0
de,55ac0b8d01d57,brown,0,0,0,0,0,0,5,5,4,0,4,0,0,0,0,0,0,0,0,0
de,55ac0b8d01d57,green,0,3,0,5,0,0,0,0,0,0,0,4,4,4,4,2,0,5,0,0
de,55ac0b8d01d57,grey,0,0,0,0,0,0,4,0,3,0,3,0,0,0,0,0,0,0,5,0
de,55ac0b8d01d57,orange,0,5,0,0,0,0,0,0,0,0,0,0,4,0,0,0,0,5,0,0
de,55ac0b8d01d57,pink,5,0,0,0,0,0,0,0,0,0,0,0,0,5,5,0,0,5,0,0
de,55ac0b8d01d57,purple,0,0,0,0,0,0,0,0,0,0,0,2,3,0,0,3,0,5,5,0
de,55ac0b8d01d57,red,4,0,3,0,0,0,0,0,4,0,0,0,5,4,4,0,0,0,0,0
de,55ac0b8d01d57,turquoise,0,0,0,0,0,5,0,0,0,0,0,0,5,0,5,0,0,5,0,0
de,55ac0b8d01d57,white,0,0,0,0,0,5,0,0,0,0,0,0,0,0,0,5,0,5,0,0
de,55ac0b8d01d57,yellow,5,0,4,0,0,0,0,0,0,0,4,0,5,0,0,5,0,0,0,0
de,55ad0eb8029d2,black,0,0,0,0,0,0,0,2,3,0,4,0,0,0,0,0,0,0,0,0
de,55ad0eb8029d2,blue,0,0,0,0,0,0,0,0,0,0,0,0,0,0,0,0,0,0,0,0
de,55ad0eb8029d2,brown,0,0,0,0,0,4,0,0,0,0,0,0,0,0,0,0,0,0,0,0
de,55ad0eb8029d2,green,0,0,0,0,0,0,0,0,0,0,0,5,0,0,0,0,0,0,0,0
de,55ad0eb8029d2,grey,0,0,0,0,0,0,0,0,0,0,0,0,0,0,0,0,0,0,5,0
de,55ad0eb8029d2,orange,0,0,0,0,0,0,0,0,0,0,0,0,5,0,5,0,0,0,0,0
de,55ad0eb8029d2,pink,0,0,0,0,0,0,0,0,0,0,0,0,0,5,0,0,0,0,0,0
de,55ad0eb8029d2,purple,0,0,0,0,0,3,0,0,0,0,0,0,0,0,0,0,0,0,0,1
de,55ad0eb8029d2,red,0,0,5,0,0,0,0,0,0,0,0,0,3,3,0,0,0,0,0,0
de,55ad0eb8029d2,turquoise,0,0,0,2,0,0,0,0,0,0,0,0,0,0,0,0,0,0,0,0
de,55ad0eb8029d2,white,0,0,0,0,0,0,0,0,0,0,0,0,0,0,0,0,0,0,0,0
de,55ad0eb8029d2,yellow,0,0,0,0,0,0,0,0,0,0,0,3,0,0,4,0,0,0,0,0
de,55b49770b65bf,black,0,0,0,0,0,0,0,0,0,2,0,0,0,0,0,0,0,0,5,0
de,55b49770b65bf,blue,4,0,0,0,0,3,0,0,0,0,0,0,0,0,0,0,0,0,0,0
de,55b49770b65bf,brown,0,0,0,0,0,0,0,3,0,0,0,0,0,0,0,0,0,0,0,0
de,55b49770b65bf,green,0,0,0,0,0,0,0,0,0,0,0,0,0,0,0,5,0,0,0,0
de,55b49770b65bf,grey,0,0,0,0,0,0,3,0,2,0,0,0,0,0,0,0,0,0,0,0
de,55b49770b65bf,orange,0,0,0,0,0,0,0,0,0,0,0,0,3,0,2,0,0,0,0,0
de,55b49770b65bf,pink,2,0,0,0,0,0,0,0,0,0,0,0,0,0,0,0,0,0,0,0
de,55b49770b65bf,purple,0,0,0,0,0,0,0,0,0,0,0,0,0,0,4,0,0,0,0,0
de,55b49770b65bf,red,0,0,5,0,0,0,0,0,0,0,0,0,0,0,0,0,0,0,0,0
de,55b49770b65bf,turquoise,0,0,0,0,0,0,0,0,0,0,0,4,0,0,0,0,0,3,0,0
de,55b49770b65bf,white,0,0,0,0,0,0,0,0,0,0,0,0,0,0,0,0,0,5,0,0
de,55b49770b65bf,yellow,0,0,0,0,0,0,0,0,0,0,0,0,0,0,0,0,0,0,0,0
de,55b80a864210b,black,0,0,0,0,0,0,0,0,0,0,0,0,0,0,0,0,0,0,3,0
de,55b80a864210b,blue,0,0,0,0,0,3,0,0,0,0,0,0,0,0,0,0,0,0,0,0
de,55b80a864210b,brown,0,0,0,0,0,0,0,0,0,0,0,0,0,0,0,0,0,0,0,0
de,55b80a864210b,green,0,0,0,0,0,5,0,0,0,0,0,0,0,0,0,0,0,0,0,0
de,55b80a864210b,grey,0,0,0,0,0,0,0,0,0,0,0,0,0,0,0,0,0,0,0,0
de,55b80a864210b,orange,0,0,0,0,0,3,0,0,0,0,0,0,0,0,0,0,0,0,0,0
de,55b80a864210b,pink,0,0,0,0,0,0,0,0,0,0,0,0,0,2,0,0,0,0,0,0
de,55b80a864210b,purple,0,0,0,0,0,0,0,0,0,0,0,3,0,0,0,0,0,0,0,0
de,55b80a864210b,red,0,0,4,0,0,0,0,0,4,0,0,0,0,3,0,0,0,0,0,0
de,55b80a864210b,turquoise,0,0,0,0,0,5,0,0,0,0,0,0,3,0,0,0,0,0,0,0
de,55b80a864210b,white,0,0,0,0,0,0,0,0,0,0,0,0,0,0,0,0,0,3,0,0
de,55b80a864210b,yellow,0,0,0,0,0,0,0,0,0,0,0,4,4,0,4,0,0,0,0,0
de,55ba83dc53d92,black,0,0,0,0,0,0,0,0,0,3,0,0,0,0,0,0,0,0,5,0
de,55ba83dc53d92,blue,0,0,0,2,0,3,0,0,0,0,0,0,0,0,0,0,0,0,0,0
de,55ba83dc53d92,brown,0,0,0,0,0,0,0,4,3,0,0,0,0,0,0,0,0,0,0,3
de,55ba83dc53d92,green,0,0,0,0,0,4,0,0,0,0,0,0,0,0,0,0,0,3,0,0
de,55ba83dc53d92,grey,0,0,0,0,0,0,4,0,0,0,0,0,0,0,0,0,0,0,3,0
de,55ba83dc53d92,orange,0,0,0,0,0,0,0,0,4,4,0,0,0,0,0,4,0,0,0,0
de,55ba83dc53d92,pink,0,0,0,0,0,3,0,0,0,0,0,0,4,3,4,0,0,0,0,0
de,55ba83dc53d92,purple,3,0,0,4,0,0,0,0,0,0,0,3,3,2,0,0,0,0,0,0
de,55ba83dc53d92,red,0,0,4,0,0,0,0,0,0,0,0,0,0,5,0,0,0,0,0,0
de,55ba83dc53d92,turquoise,0,0,0,0,0,4,0,0,0,0,0,5,2,0,2,0,0,0,0,0
de,55ba83dc53d92,white,0,0,0,0,0,0,0,0,0,0,0,0,0,4,0,0,0,0,5,0
de,55ba83dc53d92,yellow,0,0,0,0,4,0,0,0,0,0,3,0,0,0,0,0,0,0,0,0
de,55bf7c033ff85,black,0,0,0,0,4,0,0,0,4,5,5,0,0,0,0,4,0,0,5,0
de,55bf7c033ff85,blue,0,0,0,5,0,5,0,0,0,0,0,0,0,0,0,0,0,5,4,0
de,55bf7c033ff85,brown,0,0,0,0,0,0,4,5,0,0,0,0,0,0,0,0,0,0,0,0
de,55bf7c033ff85,green,0,0,0,0,0,4,0,0,0,0,0,5,3,0,2,0,0,0,0,0
de,55bf7c033ff85,grey,0,0,0,0,0,0,5,0,3,2,0,0,0,0,0,0,2,0,4,0
de,55bf7c033ff85,orange,0,0,0,0,0,3,0,0,0,0,0,3,5,0,5,0,0,0,0,0
de,55bf7c033ff85,pink,0,0,0,5,0,5,0,0,0,0,0,2,2,4,1,0,0,4,0,0
de,55bf7c033ff85,purple,0,4,0,0,0,0,0,0,0,0,0,0,0,0,0,0,5,0,5,5
de,55bf7c033ff85,red,0,0,5,0,0,0,0,0,0,3,0,0,0,2,0,5,0,0,0,0
de,55bf7c033ff85,turquoise,5,0,0,3,0,0,0,0,0,0,0,0,0,0,0,0,0,4,0,0
de,55bf7c033ff85,white,0,0,0,0,0,0,0,0,0,0,0,0,0,0,0,0,0,0,0,0
de,55bf7c033ff85,yellow,0,5,0,0,0,0,0,0,0,0,0,5,5,0,5,0,0,0,0,0
de,55bf81d1d0331,black,0,0,4,0,0,0,1,0,2,5,5,0,0,0,0,0,0,0,5,1
de,55bf81d1d0331,blue,0,0,0,0,0,0,0,0,0,0,0,0,0,0,0,0,0,0,0,0
de,55bf81d1d0331,brown,0,0,5,0,5,0,3,0,2,2,5,0,0,0,0,0,2,0,2,2
de,55bf81d1d0331,green,5,0,0,0,0,5,0,0,0,0,0,4,5,0,4,4,0,5,0,0
de,55bf81d1d0331,grey,0,0,0,0,0,0,0,0,0,0,0,0,0,0,0,0,1,0,0,0
de,55bf81d1d0331,orange,0,2,0,0,0,0,0,0,0,0,0,0,0,0,0,0,0,2,0,0
de,55bf81d1d0331,pink,0,0,0,0,0,0,0,0,0,0,0,0,2,2,0,0,0,0,0,0
de,55bf81d1d0331,purple,0,0,0,0,0,0,0,0,0,0,0,0,0,2,0,0,0,2,0,0
de,55bf81d1d0331,red,0,0,3,0,0,0,0,0,0,0,0,0,2,5,0,2,0,0,0,0
de,55bf81d1d0331,turquoise,0,0,0,2,0,3,0,0,0,0,0,0,3,2,0,0,0,1,0,0
de,55bf81d1d0331,white,0,0,0,0,0,2,0,0,0,0,0,0,0,0,0,0,0,0,0,0
de,55bf81d1d0331,yellow,0,0,0,2,0,3,0,0,0,0,0,0,5,0,4,4,0,2,0,0
de,55f8599a63ebe,black,0,0,0,0,0,0,0,4,5,4,0,0,0,0,0,0,0,0,3,5
de,55f8599a63ebe,blue,4,0,0,0,0,0,0,0,3,0,0,0,0,0,0,0,0,0,0,0
de,55f8599a63ebe,brown,0,0,0,0,4,0,0,0,3,0,0,0,0,0,0,0,4,0,0,5
de,55f8599a63ebe,green,0,0,0,0,0,0,0,3,5,0,0,0,0,0,0,3,0,0,0,0
de,55f8599a63ebe,grey,0,0,0,0,0,4,0,0,0,0,0,0,0,0,0,0,0,0,3,3
de,55f8599a63ebe,orange,0,0,3,0,0,0,0,0,0,0,0,0,0,0,4,0,3,0,0,0
de,55f8599a63ebe,pink,0,0,0,0,0,4,0,0,0,0,0,0,0,4,0,0,0,5,0,0
de,55f8599a63ebe,purple,0,0,0,5,0,4,0,0,0,0,0,0,0,3,0,4,0,0,0,0
de,55f8599a63ebe,red,0,0,5,0,0,0,3,0,0,0,0,0,0,3,0,4,0,0,0,0
de,55f8599a63ebe,turquoise,0,0,0,0,0,5,0,0,0,0,0,0,0,0,4,0,0,3,0,0
de,55f8599a63ebe,white,0,0,0,0,0,0,0,0,4,0,0,0,0,0,0,0,0,0,3,0
de,55f8599a63ebe,yellow,0,3,0,0,4,0,0,3,5,5,0,0,0,0,0,0,0,0,0,0
de,55fc8e743e5ca,black,0,0,0,0,0,0,5,0,0,4,0,0,0,0,0,0,3,0,5,5
de,55fc8e743e5ca,blue,2,0,0,0,0,4,0,0,0,0,0,5,3,0,3,3,0,2,0,0
de,55fc8e743e5ca,brown,0,0,0,3,0,4,0,0,0,0,0,2,1,0,0,0,0,0,0,0
de,55fc8e743e5ca,green,0,0,0,0,0,4,0,0,0,0,0,4,3,0,3,0,0,4,0,0
de,55fc8e743e5ca,grey,0,0,0,0,0,0,5,0,0,3,0,0,0,0,0,0,5,0,3,4
de,55fc8e743e5ca,orange,0,3,0,0,0,3,0,0,0,0,0,0,5,0,4,0,0,0,0,0
de,55fc8e743e5ca,pink,0,0,0,0,0,4,0,0,0,0,0,0,0,3,2,0,0,4,0,0
de,55fc8e743e5ca,purple,4,0,0,0,0,3,0,0,0,0,0,4,2,0,3,5,0,0,0,0
de,55fc8e743e5ca,red,3,0,5,0,4,0,0,4,5,0,4,0,2,5,3,5,0,0,0,0
de,55fc8e743e5ca,turquoise,0,0,0,0,0,3,0,0,0,0,0,0,4,0,3,0,0,3,0,0
de,55fc8e743e5ca,white,0,0,0,0,0,0,3,0,0,0,0,0,0,0,0,3,0,0,2,0
de,55fc8e743e5ca,yellow,2,4,0,0,0,1,0,0,0,0,0,3,2,0,1,3,0,0,0,0
de,5613fcb330502,black,2,0,2,0,0,1,2,0,0,0,4,0,0,0,0,0,0,0,0,0
de,5613fcb330502,blue,0,0,0,0,0,0,0,0,0,0,0,0,0,0,0,3,0,0,0,0
de,5613fcb330502,brown,2,0,0,0,0,4,0,0,0,0,0,0,3,0,2,0,0,0,0,0
de,5613fcb330502,green,0,0,0,0,0,5,0,0,0,0,0,0,0,0,0,0,0,3,0,0
de,5613fcb330502,grey,0,0,0,0,0,3,0,0,0,0,0,0,0,0,0,0,0,0,3,0
de,5613fcb330502,orange,0,0,0,0,0,0,0,0,0,0,0,0,0,0,0,0,0,0,0,0
de,5613fcb330502,pink,0,2,0,0,0,0,0,0,0,0,0,2,2,0,0,0,0,0,0,0
de,5613fcb330502,purple,0,0,0,0,0,0,0,0,0,0,0,0,0,0,0,0,0,0,0,0
de,5613fcb330502,red,0,0,5,0,0,0,0,0,4,0,0,0,4,5,0,0,0,0,0,0
de,5613fcb330502,turquoise,2,0,0,0,0,2,0,0,0,0,0,0,0,0,0,0,0,0,0,0
de,5613fcb330502,white,2,0,0,0,0,3,0,0,0,0,0,0,0,4,2,0,0,3,0,0
de,5613fcb330502,yellow,0,0,0,0,0,3,0,0,0,0,0,0,2,0,4,0,0,0,0,0
de,561419f2db74d,black,0,0,0,0,0,0,0,0,0,5,0,0,0,0,0,0,5,0,5,5
de,561419f2db74d,blue,0,0,0,0,0,5,0,0,0,0,0,0,0,0,0,0,0,0,0,0
de,561419f2db74d,brown,0,0,5,0,0,0,0,5,0,0,0,0,0,0,0,0,0,0,0,0
de,561419f2db74d,green,0,0,0,5,0,0,0,0,0,0,0,0,0,0,0,0,0,0,0,0
de,561419f2db74d,grey,0,0,0,0,0,0,5,0,0,0,0,0,0,0,0,0,0,0,5,0
de,561419f2db74d,orange,0,0,5,0,0,0,0,0,0,0,5,0,0,0,0,0,0,0,0,0
de,561419f2db74d,pink,0,0,0,0,0,5,0,0,0,0,0,0,0,0,0,0,0,0,0,0
de,561419f2db74d,purple,0,0,0,0,0,0,0,0,0,0,0,0,5,0,0,0,0,5,0,0
de,561419f2db74d,red,0,0,5,0,0,0,0,0,0,0,5,0,0,0,0,0,0,0,0,0
de,561419f2db74d,turquoise,0,5,0,0,0,0,0,0,0,0,0,0,0,0,0,0,0,0,0,0
de,561419f2db74d,white,0,0,0,0,0,5,0,0,0,0,0,0,0,0,0,0,0,5,0,0
de,561419f2db74d,yellow,0,0,0,0,0,5,0,0,0,0,0,0,5,0,5,0,0,0,0,0
de,561a3c701669f,black,0,0,0,0,0,0,0,0,0,0,0,0,0,0,0,0,0,0,5,0
de,561a3c701669f,blue,0,0,0,3,0,0,0,0,0,0,0,0,5,0,0,0,0,0,0,0
de,561a3c701669f,brown,0,0,0,0,0,0,0,0,0,0,0,0,0,0,0,0,0,0,0,0
de,561a3c701669f,green,0,0,0,0,0,0,0,0,0,0,0,0,0,0,0,0,0,0,0,0
de,561a3c701669f,grey,0,0,0,0,0,0,0,0,0,0,0,0,0,0,0,0,0,0,0,0
de,561a3c701669f,orange,0,0,0,3,0,0,0,0,0,0,0,0,0,3,0,0,0,0,0,0
de,561a3c701669f,pink,0,0,0,0,0,4,0,0,0,0,0,0,0,5,0,0,0,0,0,0
de,561a3c701669f,purple,0,0,0,0,0,0,0,0,0,0,0,0,0,0,0,0,0,0,0,0
de,561a3c701669f,red,0,0,0,0,0,0,0,0,0,0,0,0,0,5,0,0,0,0,0,0
de,561a3c701669f,turquoise,0,0,0,0,0,4,0,0,0,0,0,3,0,0,0,0,0,0,0,0
de,561a3c701669f,white,0,0,0,0,0,0,0,0,0,0,0,0,0,0,0,0,0,0,0,0
de,561a3c701669f,yellow,0,0,0,0,0,0,0,0,0,0,0,0,4,0,4,0,0,0,0,0
de,56434a50ef9c7,black,0,0,0,0,0,0,0,0,3,0,0,0,0,0,0,0,0,0,3,0
de,56434a50ef9c7,blue,0,0,0,0,0,3,0,0,0,0,0,0,0,0,0,0,0,2,0,0
de,56434a50ef9c7,brown,0,0,0,0,0,0,0,0,0,0,0,0,0,0,0,0,0,0,0,0
de,56434a50ef9c7,green,0,0,0,0,0,4,0,0,0,0,0,2,4,0,0,0,0,5,0,0
de,56434a50ef9c7,grey,0,0,0,0,0,0,0,0,0,0,0,0,0,0,0,0,0,0,3,0
de,56434a50ef9c7,orange,0,0,0,0,0,0,0,0,0,0,0,0,0,0,0,0,0,0,0,0
de,56434a50ef9c7,pink,0,0,0,0,0,0,0,0,0,0,0,0,0,0,0,0,0,0,0,0
de,56434a50ef9c7,purple,0,0,0,0,0,0,0,2,0,0,0,0,0,0,0,0,0,0,0,0
de,56434a50ef9c7,red,0,0,2,0,0,0,0,0,0,0,0,0,0,4,0,0,0,0,0,0
de,56434a50ef9c7,turquoise,0,0,0,0,0,4,0,0,0,0,0,0,0,0,4,0,0,2,0,0
de,56434a50ef9c7,white,0,0,0,0,0,0,0,0,0,0,0,0,0,0,0,0,0,0,0,0
de,56434a50ef9c7,yellow,0,0,0,0,0,0,0,4,0,2,2,0,0,0,0,0,0,0,0,0
de,564a6fb4a46bc,black,0,0,0,0,0,0,0,0,0,4,0,0,0,0,0,0,2,0,5,0
de,564a6fb4a46bc,blue,0,0,0,0,0,5,0,0,0,0,0,0,0,0,0,0,0,0,0,0
de,564a6fb4a46bc,brown,0,0,0,0,0,4,0,0,0,0,0,0,0,0,0,0,0,0,0,0
de,564a6fb4a46bc,green,4,0,0,0,0,4,0,0,0,0,0,0,0,0,0,0,0,5,0,0
de,564a6fb4a46bc,grey,0,0,0,0,0,3,0,0,0,0,0,0,0,0,0,0,0,0,0,0
de,564a6fb4a46bc,orange,0,0,0,0,0,0,0,0,0,0,0,0,0,0,3,0,0,0,0,0
de,564a6fb4a46bc,pink,0,0,0,0,0,0,0,0,0,0,0,0,0,0,0,0,0,2,0,0
de,564a6fb4a46bc,purple,0,0,0,0,0,0,0,0,0,0,0,0,0,0,3,0,0,0,0,0
de,564a6fb4a46bc,red,0,0,4,0,0,0,0,0,0,0,0,0,0,5,0,0,0,0,0,0
de,564a6fb4a46bc,turquoise,0,0,0,0,0,4,0,0,0,0,0,0,0,0,0,0,0,0,0,0
de,564a6fb4a46bc,white,0,0,0,0,0,5,0,0,0,0,0,0,0,0,0,0,0,0,0,0
de,564a6fb4a46bc,yellow,0,0,0,0,4,0,0,0,0,0,0,0,0,0,0,0,0,0,0,0
de,564cca5dd0c11,black,0,0,0,0,0,0,4,0,5,0,0,0,0,0,0,0,0,0,0,0
de,564cca5dd0c11,blue,0,0,0,0,0,0,0,0,0,0,0,0,0,0,0,0,0,0,0,0
de,564cca5dd0c11,brown,0,0,0,0,0,0,0,5,0,0,3,0,0,0,0,0,0,0,0,0
de,564cca5dd0c11,green,0,0,0,0,0,2,0,0,0,0,0,0,4,0,3,0,0,0,0,0
de,564cca5dd0c11,grey,0,0,0,0,0,0,4,0,0,3,0,0,0,0,0,0,3,0,0,3
de,564cca5dd0c11,orange,0,0,0,0,0,3,0,0,0,0,0,0,4,0,4,0,0,0,0,0
de,564cca5dd0c11,pink,0,0,0,0,0,0,0,0,0,0,0,0,0,4,0,0,0,0,0,0
de,564cca5dd0c11,purple,0,0,0,0,0,0,0,0,0,0,0,0,0,3,0,0,0,0,0,0
de,564cca5dd0c11,red,0,0,0,0,0,0,0,0,0,0,0,0,0,5,0,0,0,0,0,0
de,564cca5dd0c11,turquoise,0,0,0,0,0,5,0,0,0,0,0,0,0,0,4,0,0,0,0,0
de,564cca5dd0c11,white,0,0,0,0,0,3,0,0,0,0,0,0,0,0,0,0,0,0,0,0
de,564cca5dd0c11,yellow,0,0,0,0,0,0,0,0,0,0,0,0,4,0,0,0,0,0,0,0
de,5650d4fa917fa,black,0,0,0,0,0,0,3,0,0,0,0,0,0,0,0,0,0,0,4,0
de,5650d4fa917fa,blue,0,0,0,0,0,0,0,0,1,0,0,0,0,0,0,0,0,0,0,0
de,5650d4fa917fa,brown,0,0,0,0,3,0,0,0,0,0,0,0,0,0,0,0,0,0,0,0
de,5650d4fa917fa,green,1,0,0,2,0,2,0,1,0,0,0,2,0,0,0,0,0,0,0,0
de,5650d4fa917fa,grey,0,0,0,0,0,0,4,0,0,0,0,0,0,0,0,0,0,0,2,0
de,5650d4fa917fa,orange,0,0,2,0,0,0,0,0,0,0,0,0,4,0,0,0,0,0,0,0
de,5650d4fa917fa,pink,0,0,0,0,0,0,0,0,0,0,0,0,0,0,0,0,1,0,0,1
de,5650d4fa917fa,purple,0,0,0,4,0,3,0,0,0,0,0,0,0,0,0,0,0,0,0,0
de,5650d4fa917fa,red,0,0,4,0,0,0,0,0,0,0,0,0,0,3,0,0,0,0,0,0
de,5650d4fa917fa,turquoise,0,0,0,0,0,0,0,0,0,0,0,0,0,0,0,0,0,0,0,0
de,5650d4fa917fa,white,0,0,0,0,0,0,0,0,0,0,0,0,0,0,0,4,0,0,0,0
de,5650d4fa917fa,yellow,0,0,0,0,0,3,0,0,0,0,0,0,3,0,2,0,0,0,0,0
de,56bde24d70292,black,0,0,0,0,0,0,5,0,0,4,0,0,0,0,0,0,4,0,5,0
de,56bde24d70292,blue,0,0,0,0,0,0,1,0,0,0,0,0,0,0,0,0,2,3,0,0
de,56bde24d70292,brown,0,0,0,0,3,0,0,4,0,0,0,0,0,0,0,0,0,0,0,0
de,56bde24d70292,green,0,0,0,0,0,4,0,0,0,0,0,0,0,0,0,0,0,4,0,0
de,56bde24d70292,grey,0,0,0,0,0,0,4,0,0,0,0,0,0,0,0,0,4,0,2,0
de,56bde24d70292,orange,0,0,0,0,0,0,0,0,0,0,0,0,5,0,0,0,0,0,0,0
de,56bde24d70292,pink,0,0,0,0,0,4,0,0,0,0,0,0,3,4,3,0,0,0,0,0
de,56bde24d70292,purple,0,0,3,0,4,0,0,4,0,0,0,0,0,0,0,0,3,0,0,0
de,56bde24d70292,red,0,0,4,0,0,0,0,0,0,0,0,0,0,5,0,0,0,0,0,0
de,56bde24d70292,turquoise,0,0,0,0,0,1,0,0,0,0,0,0,0,0,0,0,0,0,0,0
de,56bde24d70292,white,0,0,0,0,0,4,0,0,0,0,0,0,0,0,0,4,0,4,0,0
de,56bde24d70292,yellow,0,0,0,0,0,0,0,0,0,0,0,0,4,0,4,0,0,0,0,0
de,56be51d9cc8a1,black,0,0,0,0,0,5,0,0,0,0,0,0,0,0,0,0,0,0,5,0
de,56be51d9cc8a1,blue,0,0,0,0,0,0,0,0,0,0,0,0,0,0,0,0,0,0,0,0
de,56be51d9cc8a1,brown,0,0,0,0,0,0,0,5,0,0,0,0,0,0,0,0,0,0,0,4
de,56be51d9cc8a1,green,0,0,0,0,0,0,0,0,0,0,0,5,5,0,5,0,0,0,0,0
de,56be51d9cc8a1,grey,0,0,0,0,0,0,4,0,0,0,0,0,0,0,0,0,0,0,3,0
de,56be51d9cc8a1,orange,0,0,0,0,0,0,0,0,0,0,0,0,5,0,0,0,0,0,0,0
de,56be51d9cc8a1,pink,0,0,0,0,0,0,0,0,0,0,0,0,0,3,4,0,0,0,0,0
de,56be51d9cc8a1,purple,0,0,0,0,0,0,0,0,0,4,0,0,0,0,0,0,0,0,4,0
de,56be51d9cc8a1,red,0,0,5,0,0,0,0,0,0,0,0,0,0,5,0,0,0,0,0,0
de,56be51d9cc8a1,turquoise,0,0,0,0,0,0,0,0,0,0,0,5,0,0,5,0,0,0,0,0
de,56be51d9cc8a1,white,0,0,0,0,0,0,0,0,0,0,0,0,5,0,0,5,0,5,0,0
de,56be51d9cc8a1,yellow,0,5,0,0,0,0,0,0,0,0,0,0,5,0,5,0,0,0,0,0
de,56dc42ec77abf,black,2,0,0,1,0,0,1,0,3,1,0,3,0,0,0,2,1,0,5,0
de,56dc42ec77abf,blue,2,0,1,4,4,2,0,2,2,0,0,0,0,0,0,0,0,4,2,2
de,56dc42ec77abf,brown,0,0,1,0,5,0,1,5,5,0,1,0,0,0,0,0,1,0,0,1
de,56dc42ec77abf,green,0,0,2,0,0,0,4,0,2,3,0,0,0,0,0,2,1,0,0,0
de,56dc42ec77abf,grey,2,0,0,0,0,0,0,0,2,0,0,4,0,0,0,2,0,0,1,0
de,56dc42ec77abf,orange,0,0,0,0,0,0,0,1,0,0,0,0,1,0,1,0,0,0,0,1
de,56dc42ec77abf,pink,0,3,0,1,0,3,1,0,0,0,0,2,3,2,3,0,0,0,0,0
de,56dc42ec77abf,purple,3,2,0,0,0,3,0,0,0,0,0,3,3,0,3,0,0,3,0,0
de,56dc42ec77abf,red,1,0,1,0,0,0,0,0,0,2,0,4,4,3,3,2,0,0,0,2
de,56dc42ec77abf,turquoise,0,0,0,0,0,3,0,0,0,0,0,4,4,0,3,0,0,0,1,0
de,56dc42ec77abf,white,0,0,0,3,0,0,0,1,0,0,0,0,0,0,0,3,0,0,0,3
de,56dc42ec77abf,yellow,0,2,0,0,1,0,1,1,2,1,0,1,2,0,2,0,0,1,0,0
de,9999,black,0,0,0,0,3,0,0,0,5,5,3,0,0,0,0,0,0,0,5,0
de,9999,blue,3,0,0,0,0,3,0,0,0,0,0,4,0,0,0,4,0,0,0,0
de,9999,brown,0,0,0,0,0,0,0,5,0,2,0,0,0,0,0,0,2,0,2,4
de,9999,green,2,0,0,3,0,0,0,0,0,0,0,0,0,0,3,0,0,3,0,0
de,9999,grey,0,0,0,0,0,0,5,0,0,2,0,0,0,0,0,0,2,0,4,0
de,9999,orange,0,0,0,0,0,0,0,0,0,0,0,0,4,0,3,2,0,0,0,0
de,9999,pink,0,0,0,3,0,0,0,0,0,0,0,0,2,0,0,0,0,3,0,0
de,9999,purple,0,0,0,0,0,0,5,0,0,3,0,0,0,0,0,0,4,0,3,4
de,9999,red,0,0,5,0,0,0,0,0,0,0,3,0,0,5,0,0,0,0,0,0
de,9999,turquoise,2,0,0,0,0,0,0,0,0,0,0,0,0,0,0,3,0,0,0,0
de,9999,white,0,0,0,0,0,3,0,0,0,0,0,0,0,0,0,4,0,0,0,0
de,9999,yellow,0,4,0,0,0,2,0,0,0,0,0,0,4,0,4,0,0,2,0,0
gb,54d878b60f29d,black,0,0,0,0,0,0,5,0,0,0,0,0,0,0,0,0,0,0,5,0
gb,54d878b60f29d,blue,0,0,0,0,0,4,0,0,0,0,0,4,0,0,0,0,0,3,0,0
gb,54d878b60f29d,brown,0,0,0,0,3,3,0,4,0,0,0,0,0,0,0,0,0,0,0,0
gb,54d878b60f29d,green,0,0,0,0,0,5,0,0,0,0,0,4,0,0,3,0,0,4,0,0
gb,54d878b60f29d,grey,0,0,0,0,0,0,0,0,0,0,0,0,0,0,0,0,3,0,3,0
gb,54d878b60f29d,orange,0,0,0,0,0,0,0,0,0,0,0,4,5,0,4,0,0,0,0,0
gb,54d878b60f29d,pink,0,0,3,0,0,4,0,0,0,3,0,0,0,4,4,0,0,0,0,3
gb,54d878b60f29d,purple,0,0,0,4,0,4,0,0,0,0,0,0,3,3,3,5,0,0,0,0
gb,54d878b60f29d,red,0,0,5,3,0,0,0,0,4,4,0,0,4,5,5,0,0,0,0,4
gb,54d878b60f29d,turquoise,0,0,0,0,0,0,0,0,0,0,0,4,3,0,0,0,0,0,0,0
gb,54d878b60f29d,white,0,0,0,0,0,0,0,0,0,0,0,0,0,0,0,0,0,5,0,0
gb,54d878b60f29d,yellow,0,0,0,3,0,4,0,3,4,0,0,0,5,0,3,0,0,0,0,0
gb,54d8e1b1e2b6c,black,0,0,0,0,0,0,0,0,0,0,0,0,0,0,0,0,0,0,4,0
gb,54d8e1b1e2b6c,blue,0,0,0,0,0,0,0,0,0,0,0,0,0,0,0,0,0,0,0,0
gb,54d8e1b1e2b6c,brown,0,0,0,0,0,0,0,5,0,0,0,0,0,0,0,0,0,0,0,0
gb,54d8e1b1e2b6c,green,0,0,0,0,0,0,0,0,0,0,0,0,0,0,0,0,0,3,0,0
gb,54d8e1b1e2b6c,grey,0,0,0,0,0,0,0,0,0,0,0,0,0,0,0,0,0,0,0,0
gb,54d8e1b1e2b6c,orange,0,0,0,0,0,0,0,0,0,0,0,0,0,0,0,0,0,0,0,0
gb,54d8e1b1e2b6c,pink,3,0,0,0,0,0,0,0,0,0,0,0,0,0,0,0,0,0,0,0
gb,54d8e1b1e2b6c,purple,0,0,0,0,0,0,0,0,0,0,0,0,0,0,0,0,0,0,0,0
gb,54d8e1b1e2b6c,red,0,0,0,0,0,0,0,0,0,0,0,0,0,4,0,0,0,0,0,0
gb,54d8e1b1e2b6c,turquoise,0,0,0,0,0,0,0,0,0,0,0,0,0,0,4,0,0,0,0,0
gb,54d8e1b1e2b6c,white,0,0,0,0,0,5,0,0,0,0,0,0,0,0,0,0,0,0,0,0
gb,54d8e1b1e2b6c,yellow,0,0,0,0,0,0,0,0,0,0,0,0,5,0,0,0,0,0,0,0
gb,54d9ccf956a49,black,0,0,0,0,0,0,0,0,0,0,0,0,0,0,0,0,0,0,0,0
gb,54d9ccf956a49,blue,0,0,0,0,0,3,0,0,0,0,0,0,0,0,0,0,0,0,0,0
gb,54d9ccf956a49,brown,0,0,0,0,0,0,0,0,0,0,0,0,0,0,0,0,0,0,0,0
gb,54d9ccf956a49,green,0,0,0,0,0,3,0,0,0,0,0,0,0,0,0,0,0,0,0,0
gb,54d9ccf956a49,grey,0,0,0,0,0,0,0,0,0,0,0,0,0,0,0,0,0,0,0,0
gb,54d9ccf956a49,orange,0,0,0,0,0,0,0,0,0,0,0,0,3,0,0,0,0,0,0,0
gb,54d9ccf956a49,pink,0,0,0,0,0,3,0,0,0,0,0,0,0,3,3,0,0,0,0,0
gb,54d9ccf956a49,purple,0,0,0,0,0,0,0,0,0,0,0,0,0,3,3,3,0,0,0,0
gb,54d9ccf956a49,red,0,0,4,0,0,0,0,0,0,0,4,0,0,4,0,0,0,0,0,0
gb,54d9ccf956a49,turquoise,0,0,0,0,0,0,0,0,0,0,0,0,0,0,0,0,0,0,0,0
gb,54d9ccf956a49,white,0,0,0,0,0,0,0,0,0,0,0,0,0,0,0,0,0,0,0,0
gb,54d9ccf956a49,yellow,0,0,0,0,0,0,0,0,0,0,0,0,0,0,0,0,0,0,0,0
gb,54db3da2889fe,black,0,0,0,0,0,0,0,0,3,0,0,3,0,0,0,0,4,0,0,0
gb,54db3da2889fe,blue,0,0,0,0,0,0,2,0,0,0,0,3,0,0,0,0,3,0,0,0
gb,54db3da2889fe,brown,0,0,0,0,3,0,3,0,0,0,0,0,0,0,0,0,0,0,0,0
gb,54db3da2889fe,green,0,0,0,0,0,3,0,0,0,0,0,0,0,0,0,0,0,3,0,0
gb,54db3da2889fe,grey,0,0,0,0,0,0,3,0,0,0,0,0,0,0,0,0,0,0,3,1
gb,54db3da2889fe,orange,0,4,0,0,0,0,0,0,0,0,0,0,2,0,0,0,0,0,0,0
gb,54db3da2889fe,pink,0,0,0,0,0,2,0,0,0,0,0,0,1,0,2,0,0,0,0,0
gb,54db3da2889fe,purple,0,0,0,0,0,3,0,0,0,0,0,5,0,0,0,0,0,0,2,0
gb,54db3da2889fe,red,0,0,4,0,0,0,0,0,0,0,0,0,0,3,0,0,0,0,0,0
gb,54db3da2889fe,turquoise,0,0,0,0,0,0,0,0,0,0,0,5,0,0,0,0,0,0,0,0
gb,54db3da2889fe,white,0,0,0,0,0,0,0,0,0,0,0,0,0,0,0,0,0,0,0,0
gb,54db3da2889fe,yellow,0,3,0,0,0,0,0,0,0,0,0,0,0,0,0,0,0,0,0,0
gb,54db7b1d606e7,black,3,0,3,0,3,0,2,0,0,0,0,0,0,0,0,3,0,0,0,0
gb,54db7b1d606e7,blue,3,0,0,2,0,5,0,0,0,3,0,5,3,0,3,0,0,4,5,0
gb,54db7b1d606e7,brown,0,0,0,0,0,0,0,0,0,0,0,0,0,0,0,0,0,3,3,0
gb,54db7b1d606e7,green,0,0,0,4,0,4,0,0,0,0,0,3,3,0,0,0,3,0,0,0
gb,54db7b1d606e7,grey,0,0,0,0,0,3,0,0,4,0,0,0,0,0,0,0,4,0,2,4
gb,54db7b1d606e7,orange,0,0,3,0,0,0,0,0,0,0,0,0,0,0,0,0,0,0,0,0
gb,54db7b1d606e7,pink,0,4,0,0,0,0,0,0,0,0,0,0,3,0,4,0,0,0,0,0
gb,54db7b1d606e7,purple,0,0,3,0,3,0,0,0,0,0,0,4,3,0,3,5,0,0,0,0
gb,54db7b1d606e7,red,0,0,5,0,0,0,0,0,0,0,0,0,0,5,4,3,0,0,0,4
gb,54db7b1d606e7,turquoise,0,0,0,0,0,4,0,0,0,0,0,0,0,0,0,0,0,2,0,0
gb,54db7b1d606e7,white,3,0,0,3,0,3,0,0,0,0,0,4,0,0,0,0,0,0,0,0
gb,54db7b1d606e7,yellow,0,0,4,4,0,3,0,0,4,0,3,0,4,0,0,0,0,3,0,0
gb,54db7b1ee897a,black,0,0,0,0,4,0,4,0,0,0,0,2,0,0,0,0,0,0,0,0
gb,54db7b1ee897a,blue,5,2,0,0,0,0,0,0,0,0,0,4,0,0,0,0,0,5,0,0
gb,54db7b1ee897a,brown,0,0,0,0,0,0,0,2,0,0,0,0,0,0,0,0,0,0,0,0
gb,54db7b1ee897a,green,0,0,0,0,0,5,0,0,0,0,0,0,0,0,3,0,0,4,0,0
gb,54db7b1ee897a,grey,0,0,0,0,0,3,0,0,0,0,0,2,0,0,0,0,0,0,0,0
gb,54db7b1ee897a,orange,0,0,0,0,0,0,0,0,0,0,0,2,0,0,0,0,3,0,0,0
gb,54db7b1ee897a,pink,5,5,0,0,0,2,0,0,0,0,0,0,4,0,4,4,0,0,0,0
gb,54db7b1ee897a,purple,0,0,0,0,0,0,0,0,0,0,0,0,0,0,0,5,0,0,0,0
gb,54db7b1ee897a,red,4,0,2,0,0,0,0,0,0,0,0,3,0,4,0,0,0,0,0,0
gb,54db7b1ee897a,turquoise,0,0,0,0,0,4,0,0,0,0,0,0,5,0,5,0,0,0,0,0
gb,54db7b1ee897a,white,0,0,0,0,0,5,0,0,0,0,0,0,0,0,0,0,0,4,0,0
gb,54db7b1ee897a,yellow,0,0,0,0,0,0,0,0,0,0,0,0,5,0,0,0,0,0,0,0
gb,54db7b2892329,black,0,0,0,0,0,0,0,0,5,0,0,0,0,0,0,0,0,0,0,0
gb,54db7b2892329,blue,0,0,0,0,0,0,0,0,0,0,0,0,0,0,0,0,0,0,0,0
gb,54db7b2892329,brown,0,0,0,0,0,3,0,0,0,0,0,0,0,0,0,0,0,0,0,0
gb,54db7b2892329,green,0,0,0,0,0,5,0,0,0,0,0,0,0,0,0,0,0,0,0,0
gb,54db7b2892329,grey,0,0,0,0,0,0,4,0,0,0,0,0,0,0,0,0,0,0,0,0
gb,54db7b2892329,orange,0,0,0,0,0,0,0,0,0,0,0,4,0,0,0,0,0,0,0,0
gb,54db7b2892329,pink,0,3,0,0,0,0,0,0,0,0,0,0,0,0,0,0,0,0,0,0
gb,54db7b2892329,purple,4,0,0,0,0,0,0,0,0,0,0,0,0,0,0,0,0,0,0,0
gb,54db7b2892329,red,0,0,0,0,0,0,0,0,0,0,0,0,0,5,0,0,0,0,0,0
gb,54db7b2892329,turquoise,0,3,0,0,0,0,0,0,0,0,0,0,0,0,0,0,0,0,0,0
gb,54db7b2892329,white,0,0,0,0,0,3,0,0,0,0,0,0,0,0,0,0,0,0,0,0
gb,54db7b2892329,yellow,0,0,0,0,0,0,0,0,0,0,0,0,5,0,0,0,0,0,0,0
gb,54db800d23deb,black,0,0,0,0,0,5,0,0,0,0,0,0,0,0,0,0,0,0,0,0
gb,54db800d23deb,blue,4,5,3,4,4,4,3,3,4,3,3,4,3,1,3,3,4,3,4,4
gb,54db800d23deb,brown,1,5,4,2,2,3,1,3,1,2,3,5,4,5,4,1,1,5,3,3
gb,54db800d23deb,green,4,5,1,5,3,3,2,1,1,1,1,4,4,1,3,2,1,3,1,1
gb,54db800d23deb,grey,4,4,1,4,1,5,1,1,1,0,1,4,2,1,2,3,3,1,2,1
gb,54db800d23deb,orange,2,4,5,4,1,4,1,1,1,4,4,3,3,4,2,2,3,3,3,2
gb,54db800d23deb,pink,4,5,1,5,1,3,1,3,2,1,1,5,5,5,5,3,1,3,2,2
gb,54db800d23deb,purple,4,2,1,5,1,3,3,1,1,3,1,4,4,4,5,5,3,3,3,2
gb,54db800d23deb,red,5,5,5,5,3,3,1,3,3,3,5,5,5,5,5,5,3,5,3,3
gb,54db800d23deb,turquoise,0,0,0,3,0,5,0,3,2,3,4,0,3,0,0,0,0,3,0,4
gb,54db800d23deb,white,1,1,1,1,5,5,1,1,1,1,1,1,1,1,1,1,1,1,1,1
gb,54db800d23deb,yellow,3,5,1,3,1,4,1,1,1,1,1,5,4,3,3,3,1,5,2,1
gb,54db82c12de4e,black,0,0,3,0,0,4,0,0,0,0,3,0,0,0,0,0,0,2,0,0
gb,54db82c12de4e,blue,0,0,0,0,0,5,0,0,0,0,0,0,0,0,0,0,0,0,3,0
gb,54db82c12de4e,brown,0,0,0,0,0,4,0,0,0,0,0,0,0,0,0,0,0,0,0,0
gb,54db82c12de4e,green,0,0,0,2,0,5,0,0,0,0,0,0,0,0,0,0,0,4,0,0
gb,54db82c12de4e,grey,0,0,0,0,0,0,0,0,0,0,0,0,0,0,0,0,0,0,0,0
gb,54db82c12de4e,orange,0,4,0,0,0,0,0,0,0,0,0,0,0,0,0,0,0,0,0,0
gb,54db82c12de4e,pink,0,5,0,4,0,0,2,0,3,0,0,0,4,5,4,3,0,0,0,2
gb,54db82c12de4e,purple,0,5,0,0,0,0,0,0,0,3,0,0,3,0,5,0,3,0,2,0
gb,54db82c12de4e,red,0,0,5,5,4,0,0,0,3,0,5,0,0,0,0,5,0,0,0,3
gb,54db82c12de4e,turquoise,0,0,0,0,0,0,0,0,0,0,0,0,0,0,0,0,0,0,0,0
gb,54db82c12de4e,white,0,0,0,0,0,3,0,0,0,0,0,0,0,0,0,0,0,0,0,0
gb,54db82c12de4e,yellow,0,0,0,0,0,0,0,0,0,0,0,0,0,0,0,0,0,0,0,0
gb,54dc6d30bfada,black,0,0,0,0,0,0,0,0,0,0,0,0,0,0,0,0,0,0,3,0
gb,54dc6d30bfada,blue,0,0,0,0,0,0,0,0,0,0,0,0,0,0,3,0,0,0,0,0
gb,54dc6d30bfada,brown,0,0,0,0,0,2,0,0,0,0,0,0,0,0,0,0,0,0,0,0
gb,54dc6d30bfada,green,0,0,0,0,0,0,0,0,0,0,0,3,0,0,0,0,0,0,0,0
gb,54dc6d30bfada,grey,0,0,0,0,0,0,0,0,0,0,0,0,0,0,0,0,0,0,0,0
gb,54dc6d30bfada,orange,0,0,0,0,0,0,0,0,0,0,0,3,0,0,0,0,0,0,0,0
gb,54dc6d30bfada,pink,0,0,0,0,0,0,0,0,0,0,0,0,0,0,0,0,0,0,0,0
gb,54dc6d30bfada,purple,0,0,0,0,0,0,0,0,0,0,0,0,0,0,3,0,0,0,0,0
gb,54dc6d30bfada,red,0,0,3,0,0,0,0,0,0,0,0,0,0,0,0,0,0,0,0,0
gb,54dc6d30bfada,turquoise,0,0,0,0,0,4,0,0,0,0,0,0,0,0,0,0,0,0,0,0
gb,54dc6d30bfada,white,0,0,0,0,0,0,0,0,0,0,0,0,0,0,0,0,0,3,0,0
gb,54dc6d30bfada,yellow,0,0,0,0,0,0,0,0,0,0,0,0,4,0,0,0,0,0,0,0
gb,54dc701202c9a,black,0,0,4,0,0,0,0,0,0,0,0,0,0,0,0,0,0,0,0,0
gb,54dc701202c9a,blue,0,0,0,0,0,0,0,0,0,0,0,4,0,0,0,0,0,0,0,0
gb,54dc701202c9a,brown,0,0,0,0,0,0,4,0,0,0,0,0,0,0,0,0,0,0,0,0
gb,54dc701202c9a,green,0,0,0,0,0,0,0,0,0,0,0,0,0,0,0,0,0,0,0,0
gb,54dc701202c9a,grey,0,0,0,0,0,3,0,0,0,0,0,0,0,0,0,0,0,0,0,0
gb,54dc701202c9a,orange,0,3,0,0,0,0,0,0,0,0,0,0,0,0,0,0,0,0,0,0
gb,54dc701202c9a,pink,0,0,0,0,0,4,0,0,0,0,0,0,0,0,3,0,0,0,0,0
gb,54dc701202c9a,purple,0,0,0,0,0,0,0,0,0,0,0,0,0,0,0,0,0,0,0,0
gb,54dc701202c9a,red,0,0,0,0,0,0,0,0,0,0,0,0,0,0,0,0,0,0,0,0
gb,54dc701202c9a,turquoise,0,0,0,0,0,0,3,0,0,0,0,0,0,0,0,0,0,0,0,0
gb,54dc701202c9a,white,0,0,0,0,0,0,0,0,0,0,0,0,0,0,0,0,0,0,0,0
gb,54dc701202c9a,yellow,0,0,0,0,0,0,0,0,0,0,0,0,0,0,3,0,0,0,0,0
gb,54dc78555dedc,black,4,0,5,0,0,0,4,0,0,5,4,0,0,0,4,4,3,0,0,4
gb,54dc78555dedc,blue,3,0,0,0,0,3,0,0,0,0,0,4,0,0,0,0,0,4,0,4
gb,54dc78555dedc,brown,0,0,3,0,4,5,0,3,3,3,4,4,0,0,0,0,0,2,0,3
gb,54dc78555dedc,green,0,0,0,0,4,4,3,0,0,4,4,0,1,0,4,0,3,0,0,0
gb,54dc78555dedc,grey,0,0,0,0,4,4,5,4,4,4,0,0,0,0,0,0,4,0,4,4
gb,54dc78555dedc,orange,0,3,4,0,4,5,0,0,0,0,4,0,5,0,0,0,0,0,0,0
gb,54dc78555dedc,pink,0,0,3,0,5,0,0,0,0,4,0,0,0,0,5,0,0,0,0,4
gb,54dc78555dedc,purple,5,5,0,0,3,5,0,0,0,0,0,5,5,0,5,5,0,0,0,0
gb,54dc78555dedc,red,0,0,5,0,3,0,0,0,0,0,5,0,5,4,3,0,0,0,0,0
gb,54dc78555dedc,turquoise,0,4,0,0,0,5,0,0,0,0,0,0,0,3,3,0,0,4,0,0
gb,54dc78555dedc,white,0,0,4,0,4,5,0,0,0,0,4,4,0,0,0,0,0,0,0,0
gb,54dc78555dedc,yellow,4,0,0,4,0,5,0,0,0,0,0,5,5,0,0,0,0,0,0,0
gb,54dc7995415a0,black,0,0,0,0,0,0,0,0,5,0,0,0,0,0,0,0,0,0,0,0
gb,54dc7995415a0,blue,0,0,0,0,0,0,0,0,0,0,0,0,0,0,0,0,0,0,4,0
gb,54dc7995415a0,brown,0,0,0,0,0,0,0,4,0,0,0,0,0,0,0,0,0,0,3,0
gb,54dc7995415a0,green,0,0,0,0,0,5,0,0,0,0,0,0,0,0,0,0,0,0,0,0
gb,54dc7995415a0,grey,0,0,0,0,5,0,0,0,0,0,0,0,0,0,0,0,3,0,0,0
gb,54dc7995415a0,orange,0,0,0,0,0,0,0,0,0,0,0,0,5,0,0,0,0,0,0,0
gb,54dc7995415a0,pink,0,5,0,0,0,0,0,0,0,0,0,0,0,0,0,3,0,0,0,0
gb,54dc7995415a0,purple,0,0,0,0,0,0,0,0,0,0,0,0,0,0,4,0,0,0,0,0
gb,54dc7995415a0,red,0,0,0,0,0,0,0,0,0,0,0,0,0,5,0,0,0,0,0,0
gb,54dc7995415a0,turquoise,0,0,0,0,0,3,0,0,0,0,0,0,0,0,0,0,0,0,0,0
gb,54dc7995415a0,white,0,0,0,0,0,0,0,0,0,0,0,0,0,0,0,0,4,3,0,0
gb,54dc7995415a0,yellow,5,0,0,0,0,0,0,0,0,0,0,0,0,0,0,0,0,0,0,0
gb,54dc82f965507,black,0,0,3,0,0,0,3,0,0,5,0,0,0,0,0,0,0,0,0,0
gb,54dc82f965507,blue,0,0,0,0,0,4,0,0,0,0,0,0,0,0,0,0,0,4,0,0
gb,54dc82f965507,brown,0,0,0,0,3,0,0,0,0,0,0,0,0,0,0,0,3,0,3,0
gb,54dc82f965507,green,0,0,0,0,0,0,3,0,0,0,0,0,0,0,0,0,0,0,0,3
gb,54dc82f965507,grey,0,0,0,0,0,4,0,0,0,0,0,0,0,0,0,0,0,0,0,0
gb,54dc82f965507,orange,4,0,0,0,0,0,0,0,0,0,0,4,4,0,0,0,0,0,0,0
gb,54dc82f965507,pink,0,4,0,0,0,0,0,0,0,0,0,0,4,0,5,0,0,0,0,0
gb,54dc82f965507,purple,4,0,0,0,0,4,0,0,0,0,0,0,0,0,0,5,0,0,0,0
gb,54dc82f965507,red,0,0,4,0,0,0,0,0,3,0,0,0,0,0,0,0,0,0,0,0
gb,54dc82f965507,turquoise,3,0,0,0,0,0,0,0,0,0,0,0,0,0,0,0,0,3,0,0
gb,54dc82f965507,white,0,0,0,0,0,0,0,0,0,5,0,0,0,0,0,0,5,0,0,0
gb,54dc82f965507,yellow,0,5,0,0,0,4,0,0,0,0,0,0,5,0,0,0,0,0,0,0
gb,54dc83f06f863,black,0,0,2,0,2,0,0,0,4,1,3,0,0,0,0,0,3,0,1,0
gb,54dc83f06f863,blue,0,0,0,0,0,0,2,0,1,0,0,1,0,0,0,0,2,0,3,0
gb,54dc83f06f863,brown,0,0,0,0,0,0,0,0,0,0,0,0,0,0,0,0,0,0,0,0
gb,54dc83f06f863,green,1,0,0,0,0,4,0,0,0,0,0,4,0,0,0,3,0,0,0,0
gb,54dc83f06f863,grey,0,0,0,0,0,0,0,0,0,0,0,0,0,0,0,0,0,0,0,0
gb,54dc83f06f863,orange,0,3,0,0,0,4,0,0,0,2,0,0,3,0,0,0,0,0,0,2
gb,54dc83f06f863,pink,0,4,0,1,0,0,0,0,0,0,0,0,0,3,1,0,0,0,0,0
gb,54dc83f06f863,purple,3,3,0,2,0,3,0,0,0,0,0,4,5,4,3,5,0,0,0,0
gb,54dc83f06f863,red,0,3,4,0,1,3,0,0,0,0,2,0,1,5,5,4,0,0,0,0
gb,54dc83f06f863,turquoise,0,4,0,0,0,4,0,0,0,0,0,0,0,0,0,0,0,1,0,0
gb,54dc83f06f863,white,0,0,0,0,0,0,0,0,3,0,0,0,0,0,0,0,3,0,3,4
gb,54dc83f06f863,yellow,0,1,1,0,4,2,0,2,2,0,3,0,0,0,0,0,0,0,0,0
gb,54dcc8484ac17,black,1,0,2,0,0,3,0,0,3,0,2,0,0,0,0,0,0,0,0,0
gb,54dcc8484ac17,blue,0,0,0,0,0,0,0,0,0,0,0,0,0,0,0,0,0,0,0,0
gb,54dcc8484ac17,brown,0,0,0,0,0,0,0,0,0,0,0,0,0,0,0,0,0,0,0,0
gb,54dcc8484ac17,green,0,0,0,0,0,0,0,0,0,2,0,0,0,0,0,0,0,0,0,3
gb,54dcc8484ac17,grey,0,0,0,0,0,0,3,0,0,3,0,0,0,0,0,0,3,0,3,3
gb,54dcc8484ac17,orange,0,0,0,0,0,0,0,0,0,0,0,0,0,0,0,0,0,0,0,0
gb,54dcc8484ac17,pink,0,4,0,0,0,0,0,0,0,0,0,0,0,0,3,0,0,0,0,0
gb,54dcc8484ac17,purple,0,0,0,0,0,3,0,0,0,0,0,0,0,0,3,0,0,0,0,0
gb,54dcc8484ac17,red,0,0,5,0,5,0,0,3,0,0,0,0,0,0,0,0,0,0,0,0
gb,54dcc8484ac17,turquoise,0,0,0,0,0,0,0,0,0,3,0,0,0,0,0,0,0,0,0,0
gb,54dcc8484ac17,white,0,0,0,0,0,4,0,0,0,0,0,0,0,0,0,0,0,4,0,0
gb,54dcc8484ac17,yellow,0,0,0,0,0,0,0,2,0,0,0,0,4,0,0,3,0,0,0,0
gb,54dcc99bec266,black,0,0,0,0,0,0,2,1,1,2,0,0,0,0,0,0,2,0,4,1
gb,54dcc99bec266,blue,2,0,0,0,0,4,0,0,0,0,0,1,0,0,0,0,0,1,2,0
gb,54dcc99bec266,brown,0,0,0,0,0,0,2,0,0,0,0,0,0,5,0,0,0,0,0,0
gb,54dcc99bec266,green,0,2,0,2,0,2,0,0,0,0,0,3,2,0,2,0,0,0,0,0
gb,54dcc99bec266,grey,0,0,0,2,0,2,0,0,0,0,0,0,0,0,0,0,2,0,0,2
gb,54dcc99bec266,orange,0,3,0,0,0,0,0,0,1,0,0,3,4,0,2,1,0,0,0,0
gb,54dcc99bec266,pink,0,0,0,0,0,0,0,0,0,0,0,0,0,2,3,0,0,0,0,0
gb,54dcc99bec266,purple,2,0,1,0,1,0,1,0,0,0,0,1,0,0,1,0,0,0,0,0
gb,54dcc99bec266,red,0,0,4,0,3,0,0,1,2,0,3,0,3,4,4,0,0,0,0,0
gb,54dcc99bec266,turquoise,0,1,0,0,0,5,0,0,0,0,0,2,0,2,3,0,0,0,0,0
gb,54dcc99bec266,white,0,0,0,0,0,2,0,0,2,0,0,0,0,0,0,0,1,1,1,0
gb,54dcc99bec266,yellow,0,3,0,0,0,2,0,0,1,0,0,0,4,1,1,3,0,0,0,0
gb,54e1bc5501236,black,0,0,3,0,0,0,0,0,5,4,5,0,0,0,0,4,3,0,0,0
gb,54e1bc5501236,blue,0,0,0,2,3,3,0,0,0,2,0,0,0,0,0,0,2,2,5,0
gb,54e1bc5501236,brown,0,0,3,0,0,2,0,4,0,0,0,0,0,0,0,0,0,2,0,1
gb,54e1bc5501236,green,0,3,0,3,0,5,0,2,0,0,0,0,4,2,2,0,1,4,0,0
gb,54e1bc5501236,grey,0,0,0,0,3,0,4,0,0,4,0,0,0,0,0,0,2,0,5,3
gb,54e1bc5501236,orange,1,5,0,4,0,3,0,0,0,0,0,4,5,3,5,4,0,4,0,3
gb,54e1bc5501236,pink,2,4,0,0,0,3,0,1,0,0,2,2,2,2,4,0,0,2,2,0
gb,54e1bc5501236,purple,3,0,1,2,0,1,0,0,1,4,0,3,2,4,4,4,0,0,3,0
gb,54e1bc5501236,red,4,0,5,0,4,0,0,2,4,4,4,3,0,0,3,0,2,0,2,1
gb,54e1bc5501236,turquoise,3,0,0,0,0,5,0,0,0,0,0,3,5,2,4,3,0,0,0,0
gb,54e1bc5501236,white,5,0,0,5,0,4,0,0,0,0,0,4,4,4,0,0,0,5,0,0
gb,54e1bc5501236,yellow,4,5,0,3,0,2,0,0,0,1,0,4,5,5,5,0,2,3,0,1
gb,54e4afea54d57,black,0,0,0,0,0,0,0,0,3,3,0,0,0,0,0,0,0,0,4,0
gb,54e4afea54d57,blue,0,0,0,0,0,5,0,0,0,0,0,0,0,0,0,0,0,5,0,0
gb,54e4afea54d57,brown,0,0,0,0,0,0,3,3,0,0,0,0,0,0,0,0,0,0,0,0
gb,54e4afea54d57,green,0,0,0,0,2,4,0,1,0,2,0,0,0,0,0,0,0,0,0,0
gb,54e4afea54d57,grey,0,0,0,0,0,0,3,0,0,0,0,0,0,0,0,0,4,0,0,0
gb,54e4afea54d57,orange,0,4,0,0,0,0,0,0,0,0,0,0,4,0,2,0,0,0,0,0
gb,54e4afea54d57,pink,0,0,0,0,0,3,0,0,0,0,0,0,4,5,4,0,0,0,0,0
gb,54e4afea54d57,purple,4,0,0,0,0,0,0,0,0,0,0,0,0,0,0,5,0,0,0,0
gb,54e4afea54d57,red,3,4,4,0,0,0,0,0,0,0,0,0,0,3,4,0,0,0,0,0
gb,54e4afea54d57,turquoise,0,3,0,0,0,0,0,0,0,0,0,4,4,0,0,0,0,5,0,0
gb,54e4afea54d57,white,0,0,0,0,0,3,2,0,0,0,0,0,0,0,0,0,0,0,2,0
gb,54e4afea54d57,yellow,0,4,0,0,0,0,0,0,0,0,0,0,4,0,0,0,0,0,0,0
gb,54e82335c51b8,black,0,0,5,0,0,0,0,0,0,0,0,0,0,0,0,0,0,0,0,0
gb,54e82335c51b8,blue,0,0,0,0,0,0,0,0,0,0,0,0,0,5,0,0,0,0,0,0
gb,54e82335c51b8,brown,0,0,0,0,0,0,0,0,0,0,0,0,0,0,0,0,0,0,0,1
gb,54e82335c51b8,green,0,0,0,0,0,0,0,0,0,0,0,0,0,0,5,0,0,0,0,0
gb,54e82335c51b8,grey,0,0,0,0,0,0,4,0,0,0,0,0,0,0,0,0,0,0,0,0
gb,54e82335c51b8,orange,0,0,0,0,0,0,0,0,0,0,0,5,0,0,0,0,0,0,0,0
gb,54e82335c51b8,pink,0,0,0,0,0,0,0,3,0,0,0,0,0,0,0,0,0,0,0,0
gb,54e82335c51b8,purple,0,0,0,0,0,0,0,0,0,0,0,5,0,0,0,0,0,0,0,0
gb,54e82335c51b8,red,0,0,0,0,0,0,0,0,0,0,0,0,5,0,0,0,0,0,0,0
gb,54e82335c51b8,turquoise,0,0,0,0,0,0,0,0,0,0,0,0,5,0,0,0,0,0,0,0
gb,54e82335c51b8,white,0,0,0,0,0,0,0,0,0,0,0,0,0,0,0,5,0,0,0,0
gb,54e82335c51b8,yellow,0,4,0,0,0,0,0,0,0,0,0,0,0,0,0,0,0,0,0,0
gb,54ec465c48a07,black,0,0,0,0,0,0,0,2,3,0,0,0,0,0,0,0,0,0,4,0
gb,54ec465c48a07,blue,0,0,0,0,1,0,0,0,0,0,0,3,0,0,0,0,0,3,0,0
gb,54ec465c48a07,brown,0,0,0,0,3,0,0,0,0,0,0,0,0,0,0,0,0,0,3,0
gb,54ec465c48a07,green,0,0,0,0,0,0,3,0,0,0,0,0,0,0,4,0,0,4,0,0
gb,54ec465c48a07,grey,3,0,0,3,0,5,0,0,0,0,0,0,0,0,0,0,0,0,0,0
gb,54ec465c48a07,orange,0,0,0,0,0,0,0,0,0,0,0,4,5,4,5,5,0,0,0,0
gb,54ec465c48a07,pink,0,0,0,0,0,0,0,0,0,0,0,0,5,3,4,4,0,0,0,0
gb,54ec465c48a07,purple,0,0,0,4,0,3,0,0,0,0,0,0,0,5,0,3,0,0,0,0
gb,54ec465c48a07,red,5,0,4,0,0,0,0,0,4,0,0,0,0,0,0,5,0,0,0,0
gb,54ec465c48a07,turquoise,0,0,0,0,2,0,0,3,0,0,0,0,0,0,0,0,1,0,0,0
gb,54ec465c48a07,white,0,0,0,3,0,5,0,0,0,0,0,0,5,0,2,0,0,0,0,0
gb,54ec465c48a07,yellow,0,5,0,0,0,0,0,0,0,0,0,3,4,0,0,0,0,0,0,0
gb,5502a2b126043,black,0,0,0,0,0,0,0,0,0,0,0,0,0,0,0,0,0,0,0,0
gb,5502a2b126043,blue,0,0,0,3,0,2,0,0,0,0,0,0,0,0,0,0,0,1,3,0
gb,5502a2b126043,brown,0,0,0,0,0,0,0,0,0,0,0,0,0,0,0,0,0,0,0,0
gb,5502a2b126043,green,0,0,0,2,0,0,0,0,0,0,0,4,0,0,3,0,0,0,0,0
gb,5502a2b126043,grey,0,0,0,0,0,0,0,0,0,0,0,0,0,0,0,0,0,2,0,0
gb,5502a2b126043,orange,0,0,0,0,0,0,0,0,0,0,0,0,3,0,0,0,0,0,0,0
gb,5502a2b126043,pink,0,0,0,0,0,0,0,0,0,0,0,0,0,0,0,0,0,0,0,0
gb,5502a2b126043,purple,0,3,0,0,0,2,0,0,0,0,0,0,0,0,3,0,0,0,0,0
gb,5502a2b126043,red,0,0,0,0,0,0,0,0,0,0,0,0,0,3,0,0,0,0,0,0
gb,5502a2b126043,turquoise,0,0,0,2,0,0,0,0,0,0,0,0,0,0,2,0,0,0,0,0
gb,5502a2b126043,white,0,0,0,0,0,0,0,0,0,0,0,0,0,0,0,0,0,0,0,0
gb,5502a2b126043,yellow,0,4,0,0,0,0,0,0,0,0,0,0,0,0,2,0,0,0,0,0
gb,5502b77f560da,black,0,0,0,0,0,0,0,0,0,0,0,0,0,0,0,0,0,0,0,0
gb,5502b77f560da,blue,0,0,0,3,0,3,0,0,0,0,0,0,0,0,3,0,0,3,3,0
gb,5502b77f560da,brown,0,0,0,0,0,3,3,3,0,0,0,0,0,0,0,0,0,0,0,0
gb,5502b77f560da,green,0,0,0,4,0,3,0,0,0,0,0,4,0,0,0,0,0,4,0,0
gb,5502b77f560da,grey,0,0,0,0,0,0,0,0,0,0,0,0,0,0,0,0,0,0,0,0
gb,5502b77f560da,orange,0,0,0,0,3,0,0,0,0,0,0,0,3,0,0,0,0,0,0,0
gb,5502b77f560da,pink,0,3,0,0,0,3,0,0,0,0,0,3,0,3,0,0,0,0,0,0
gb,5502b77f560da,purple,4,0,0,0,0,3,0,0,0,0,0,0,0,0,0,3,0,0,0,0
gb,5502b77f560da,red,3,0,5,0,0,0,0,0,0,0,0,0,0,3,0,3,0,0,0,3
gb,5502b77f560da,turquoise,0,3,0,4,0,0,0,0,0,0,0,0,0,0,0,0,0,4,0,0
gb,5502b77f560da,white,0,0,0,0,0,0,0,0,0,0,0,3,0,0,0,0,0,0,0,0
gb,5502b77f560da,yellow,0,4,0,0,0,0,0,0,0,0,0,4,4,0,4,0,0,0,0,0
gb,5502ecfa22318,black,0,0,0,5,0,0,0,0,4,0,0,0,0,0,0,0,0,0,0,0
gb,5502ecfa22318,blue,0,0,0,0,0,0,3,0,0,0,0,0,0,0,0,0,0,0,5,0
gb,5502ecfa22318,brown,0,0,0,0,0,0,0,0,0,0,0,0,0,0,0,0,0,0,0,0
gb,5502ecfa22318,green,0,0,0,0,0,5,0,0,0,0,0,0,0,0,0,0,0,4,0,0
gb,5502ecfa22318,grey,0,0,0,0,0,0,3,0,0,0,0,0,0,0,0,0,3,0,0,0
gb,5502ecfa22318,orange,0,5,0,0,0,0,0,0,0,0,0,0,0,0,0,5,0,0,0,0
gb,5502ecfa22318,pink,2,4,0,0,0,0,0,0,0,0,0,0,0,5,0,0,0,0,0,0
gb,5502ecfa22318,purple,0,0,0,0,0,0,0,0,0,0,0,0,0,0,5,5,0,0,0,0
gb,5502ecfa22318,red,0,0,4,0,0,0,0,0,0,0,0,0,0,0,0,5,0,0,0,5
gb,5502ecfa22318,turquoise,0,0,0,0,0,0,0,0,0,0,0,0,5,0,0,0,0,5,0,0
gb,5502ecfa22318,white,0,0,0,0,0,0,0,0,0,0,0,0,0,0,0,0,0,5,3,0
gb,5502ecfa22318,yellow,0,5,0,0,0,5,0,0,0,0,0,5,5,0,0,0,0,0,0,0
gb,5502ed4ab53a4,black,0,0,0,0,5,0,5,5,0,0,0,0,0,0,0,0,5,0,0,0
gb,5502ed4ab53a4,blue,0,0,0,0,0,0,0,0,0,0,0,0,0,0,4,0,0,0,0,0
gb,5502ed4ab53a4,brown,0,0,0,0,0,0,4,0,0,0,0,0,0,0,0,0,4,0,0,0
gb,5502ed4ab53a4,green,0,0,0,0,0,5,0,0,0,0,0,0,0,0,0,0,0,0,0,0
gb,5502ed4ab53a4,grey,0,0,0,0,0,0,5,0,0,5,0,0,0,0,0,0,0,0,0,5
gb,5502ed4ab53a4,orange,0,0,0,0,0,0,0,0,0,0,0,0,5,0,4,0,0,0,0,0
gb,5502ed4ab53a4,pink,0,0,0,0,0,0,0,0,0,0,0,0,0,5,0,0,0,0,0,0
gb,5502ed4ab53a4,purple,0,0,0,0,0,0,0,0,0,0,0,0,0,4,0,4,0,0,0,0
gb,5502ed4ab53a4,red,0,0,5,0,5,0,5,5,0,0,5,0,0,0,0,0,0,0,0,0
gb,5502ed4ab53a4,turquoise,0,0,0,0,0,0,0,0,0,0,0,4,0,0,0,0,0,0,0,0
gb,5502ed4ab53a4,white,0,0,0,0,0,0,0,0,0,0,0,1,0,0,0,0,0,0,0,0
gb,5502ed4ab53a4,yellow,0,5,0,0,0,0,0,0,0,0,0,0,0,0,0,0,0,0,0,0
gb,5502ed564b1a4,black,0,0,0,0,0,0,4,0,0,0,0,0,0,0,0,0,0,0,0,4
gb,5502ed564b1a4,blue,0,0,0,0,0,0,0,0,0,0,0,0,0,0,0,0,0,0,0,0
gb,5502ed564b1a4,brown,0,0,0,0,0,0,2,0,0,0,0,0,0,0,0,0,0,0,0,0
gb,5502ed564b1a4,green,0,0,0,0,0,0,0,3,0,0,0,0,0,0,0,0,0,0,0,0
gb,5502ed564b1a4,grey,0,0,0,0,0,0,3,0,0,0,0,0,0,0,0,0,3,0,3,3
gb,5502ed564b1a4,orange,0,0,0,0,0,0,0,0,0,0,0,0,0,0,0,0,0,0,0,0
gb,5502ed564b1a4,pink,0,0,0,0,0,0,0,0,0,0,0,0,0,0,0,0,0,0,0,0
gb,5502ed564b1a4,purple,0,0,0,0,0,0,0,0,0,0,0,0,0,0,0,0,0,0,0,0
gb,5502ed564b1a4,red,0,0,0,2,0,0,0,0,0,0,0,0,0,3,3,0,0,0,0,0
gb,5502ed564b1a4,turquoise,0,0,0,0,0,0,0,0,0,0,0,0,0,0,0,0,0,0,0,0
gb,5502ed564b1a4,white,0,0,0,0,0,0,0,0,0,0,0,0,0,0,0,0,0,0,0,0
gb,5502ed564b1a4,yellow,0,0,0,0,0,0,0,3,0,0,0,0,0,0,0,0,0,0,0,0
gb,5502ed5842778,black,0,0,0,0,3,0,0,0,0,5,4,0,0,0,0,0,0,0,0,4
gb,5502ed5842778,blue,0,0,0,3,0,0,4,0,0,0,0,0,0,0,0,0,5,0,5,0
gb,5502ed5842778,brown,0,0,0,0,0,0,0,0,0,0,0,0,0,0,0,0,0,0,0,0
gb,5502ed5842778,green,0,0,0,0,0,0,0,0,0,0,0,0,0,0,0,4,0,0,0,0
gb,5502ed5842778,grey,0,0,0,0,0,0,0,0,0,0,0,0,0,0,0,0,0,0,3,0
gb,5502ed5842778,orange,0,0,0,0,0,0,0,0,0,0,0,0,0,0,0,0,0,0,0,0
gb,5502ed5842778,pink,0,0,0,4,0,0,0,0,0,0,0,0,0,5,0,0,0,0,0,0
gb,5502ed5842778,purple,0,0,0,0,0,0,0,0,0,0,0,0,0,0,0,0,0,0,0,0
gb,5502ed5842778,red,0,0,5,0,3,0,0,3,5,0,4,0,0,0,0,0,0,0,0,0
gb,5502ed5842778,turquoise,0,0,0,0,0,0,0,0,0,0,0,0,0,0,0,0,0,0,0,0
gb,5502ed5842778,white,0,0,0,0,0,0,0,0,0,0,0,0,0,0,0,0,0,0,0,0
gb,5502ed5842778,yellow,0,0,0,0,0,4,0,0,0,0,0,0,4,0,4,0,0,0,0,0
gb,5502ed7581ac8,black,0,0,0,0,0,0,0,0,0,0,0,0,0,0,0,0,0,0,0,0
gb,5502ed7581ac8,blue,0,0,0,0,0,0,0,0,0,0,0,0,0,0,0,0,3,0,4,3
gb,5502ed7581ac8,brown,0,0,0,0,0,0,0,0,0,0,0,0,0,0,0,0,0,0,0,0
gb,5502ed7581ac8,green,0,0,0,0,3,0,1,0,0,3,2,0,0,0,0,0,0,0,0,0
gb,5502ed7581ac8,grey,0,0,0,0,4,0,0,0,0,0,0,0,0,0,0,0,0,0,0,0
gb,5502ed7581ac8,orange,2,0,0,0,0,0,0,0,0,0,0,0,3,0,4,0,0,0,0,0
gb,5502ed7581ac8,pink,0,4,0,0,0,0,0,0,0,0,0,3,0,3,4,0,0,0,0,0
gb,5502ed7581ac8,purple,0,0,0,0,0,0,3,0,0,0,0,0,0,0,0,0,0,0,0,2
gb,5502ed7581ac8,red,0,0,0,0,0,0,0,0,0,0,0,0,4,5,3,5,0,0,0,0
gb,5502ed7581ac8,turquoise,0,0,0,4,0,0,0,0,0,0,0,0,0,0,0,0,0,3,0,0
gb,5502ed7581ac8,white,0,0,0,0,0,0,0,0,0,0,0,0,0,0,0,0,0,0,0,0
gb,5502ed7581ac8,yellow,0,0,0,3,0,0,0,0,0,0,0,0,5,0,3,0,0,0,0,0
gb,5502ed7e7a831,black,0,0,4,0,0,0,0,0,5,0,4,0,0,0,0,0,0,0,0,0
gb,5502ed7e7a831,blue,0,0,0,0,0,4,0,0,0,0,0,0,0,0,4,0,0,0,5,0
gb,5502ed7e7a831,brown,0,0,0,0,0,0,4,0,0,0,0,0,0,0,0,0,0,0,0,0
gb,5502ed7e7a831,green,0,0,0,0,0,4,0,0,0,0,0,0,0,0,0,0,0,0,0,0
gb,5502ed7e7a831,grey,0,0,0,0,0,0,4,0,3,0,0,0,0,0,0,0,0,0,0,0
gb,5502ed7e7a831,orange,0,4,0,0,0,0,0,0,0,0,0,0,0,0,0,0,0,0,0,0
gb,5502ed7e7a831,pink,4,0,0,0,0,0,0,0,0,0,0,0,0,5,0,0,0,0,0,0
gb,5502ed7e7a831,purple,4,0,0,3,0,0,0,0,0,0,0,0,0,0,0,0,0,0,0,0
gb,5502ed7e7a831,red,0,0,5,0,0,0,0,0,4,0,0,0,0,5,0,0,0,0,0,0
gb,5502ed7e7a831,turquoise,0,0,0,0,0,4,0,0,0,0,0,3,0,0,0,0,0,0,0,0
gb,5502ed7e7a831,white,0,0,0,0,0,0,0,0,0,0,0,0,0,0,0,0,0,0,0,0
gb,5502ed7e7a831,yellow,0,4,0,0,0,0,0,0,0,0,0,3,5,0,0,0,0,0,0,0
gb,5502ed9a8578d,black,0,0,0,0,0,0,0,4,4,2,4,0,0,0,0,0,2,0,3,0
gb,5502ed9a8578d,blue,0,0,0,0,0,0,0,0,0,0,0,3,3,0,0,0,0,4,3,0
gb,5502ed9a8578d,brown,0,0,0,0,0,0,2,2,0,2,0,0,0,0,0,0,0,0,0,0
gb,5502ed9a8578d,green,0,1,0,2,0,0,0,0,0,0,0,3,4,0,0,2,0,0,0,0
gb,5502ed9a8578d,grey,0,0,0,0,0,2,1,0,0,0,0,0,0,0,0,0,0,0,0,0
gb,5502ed9a8578d,orange,0,4,0,0,0,0,0,0,0,0,0,0,0,0,0,3,0,0,0,0
gb,5502ed9a8578d,pink,4,4,0,0,0,0,0,0,0,0,0,0,4,4,0,0,0,0,0,0
gb,5502ed9a8578d,purple,3,0,0,3,0,0,0,0,0,0,0,0,0,0,3,4,0,0,0,0
gb,5502ed9a8578d,red,0,0,5,0,0,0,5,0,0,0,3,0,0,5,0,0,0,0,0,0
gb,5502ed9a8578d,turquoise,0,4,0,4,0,0,0,0,0,0,0,3,0,0,0,0,0,0,0,0
gb,5502ed9a8578d,white,0,0,0,0,0,3,0,0,0,0,0,0,0,1,0,0,0,3,1,0
gb,5502ed9a8578d,yellow,0,0,0,0,0,0,0,0,0,0,0,0,5,0,3,4,0,0,0,0
gb,5502ee7024b1f,black,2,0,2,2,0,3,4,2,2,3,4,0,0,0,0,0,4,3,4,4
gb,5502ee7024b1f,blue,3,0,0,4,0,3,0,0,0,2,0,0,0,2,0,0,3,4,2,3
gb,5502ee7024b1f,brown,0,0,0,0,0,2,0,0,0,0,0,3,0,0,0,0,0,0,0,0
gb,5502ee7024b1f,green,4,4,0,3,0,4,0,0,0,0,0,3,3,0,3,2,0,5,0,0
gb,5502ee7024b1f,grey,0,0,0,0,4,0,4,3,0,2,0,0,0,0,0,0,4,0,3,3
gb,5502ee7024b1f,orange,0,4,0,0,0,0,0,0,0,0,0,4,4,0,3,3,0,3,0,0
gb,5502ee7024b1f,pink,0,2,0,0,0,5,0,0,0,0,0,0,0,4,4,0,3,0,0,0
gb,5502ee7024b1f,purple,0,0,0,0,3,0,2,3,3,0,0,4,0,0,0,0,0,3,0,0
gb,5502ee7024b1f,red,3,0,4,0,0,0,3,0,4,3,4,0,0,2,0,0,4,0,2,4
gb,5502ee7024b1f,turquoise,3,3,0,2,0,3,0,0,0,0,0,3,4,2,3,2,0,4,0,0
gb,5502ee7024b1f,white,3,2,0,4,0,5,0,0,0,0,0,3,4,2,4,4,0,4,0,0
gb,5502ee7024b1f,yellow,3,3,0,4,0,4,0,0,0,0,0,4,4,2,4,2,0,4,0,0
gb,5502ee78be516,black,0,0,0,0,0,0,0,0,3,0,0,0,0,0,0,0,0,0,0,0
gb,5502ee78be516,blue,0,0,0,0,0,0,0,0,0,0,0,0,4,0,3,3,0,0,0,0
gb,5502ee78be516,brown,0,0,0,0,0,0,3,3,0,0,0,0,0,0,0,0,2,0,4,2
gb,5502ee78be516,green,0,0,0,0,0,0,0,0,0,0,0,1,0,0,0,0,0,0,0,0
gb,5502ee78be516,grey,0,0,0,0,0,0,0,0,0,2,0,0,0,0,0,0,3,0,0,0
gb,5502ee78be516,orange,0,0,0,0,0,0,0,2,0,0,0,0,0,0,0,0,0,0,0,0
gb,5502ee78be516,pink,4,5,0,3,0,0,0,0,0,0,0,0,4,4,4,3,0,0,0,0
gb,5502ee78be516,purple,0,2,0,2,0,0,0,0,0,0,0,2,0,3,0,3,0,0,0,0
gb,5502ee78be516,red,0,2,5,0,0,0,0,0,0,0,3,0,3,5,4,3,0,0,0,0
gb,5502ee78be516,turquoise,0,0,0,0,0,4,0,0,0,0,0,0,3,0,0,0,0,0,0,0
gb,5502ee78be516,white,0,0,0,3,0,4,0,0,0,0,0,3,0,0,0,0,0,3,0,0
gb,5502ee78be516,yellow,0,4,0,3,0,0,0,0,0,0,0,4,0,2,2,0,0,0,0,0
gb,5502ef1553da3,black,0,0,4,0,0,0,0,0,4,5,0,0,0,0,0,0,0,0,5,0
gb,5502ef1553da3,blue,0,0,0,0,0,3,0,0,0,0,0,0,0,0,0,0,0,0,3,0
gb,5502ef1553da3,brown,0,0,0,0,0,0,0,5,0,0,0,0,0,0,0,0,0,0,0,3
gb,5502ef1553da3,green,0,0,0,0,0,0,0,3,0,0,0,0,3,0,0,0,0,0,0,0
gb,5502ef1553da3,grey,0,0,0,0,3,0,3,0,0,0,0,0,0,0,0,0,0,0,5,0
gb,5502ef1553da3,orange,0,3,0,0,0,0,0,0,0,0,0,3,5,0,0,0,0,0,0,0
gb,5502ef1553da3,pink,0,3,0,0,0,0,0,0,0,0,0,0,3,5,3,0,0,0,0,0
gb,5502ef1553da3,purple,3,0,0,0,0,4,0,0,0,0,0,0,3,0,4,0,0,0,0,0
gb,5502ef1553da3,red,0,0,5,0,0,0,0,0,4,0,0,0,0,0,0,0,0,0,0,0
gb,5502ef1553da3,turquoise,0,0,0,0,0,4,0,0,0,0,0,0,1,0,3,0,0,0,0,0
gb,5502ef1553da3,white,0,0,0,0,0,3,0,0,0,0,0,0,0,0,0,5,0,0,0,0
gb,5502ef1553da3,yellow,0,0,0,0,3,0,0,3,0,0,0,0,0,0,0,0,0,0,0,0
gb,5502efdeae40f,black,0,0,5,0,0,0,0,0,5,0,4,0,0,0,0,0,0,0,0,0
gb,5502efdeae40f,blue,0,0,0,0,4,0,5,0,0,0,4,0,0,0,0,0,0,0,0,0
gb,5502efdeae40f,brown,0,0,0,0,4,0,0,5,0,0,0,0,0,0,0,0,4,0,0,0
gb,5502efdeae40f,green,2,3,0,3,0,0,0,0,0,0,0,0,3,0,0,0,0,0,0,0
gb,5502efdeae40f,grey,0,0,0,0,0,0,4,0,3,0,0,0,0,0,0,0,3,0,0,4
gb,5502efdeae40f,orange,0,4,0,0,0,0,0,0,0,0,0,4,0,0,0,0,0,4,0,0
gb,5502efdeae40f,pink,0,0,2,0,0,0,0,0,0,0,0,0,0,3,0,4,0,0,0,0
gb,5502efdeae40f,purple,0,0,0,0,0,0,0,0,0,0,0,5,5,0,0,0,0,5,0,0
gb,5502efdeae40f,red,0,0,0,0,0,0,0,0,0,0,0,5,5,5,5,5,0,0,0,0
gb,5502efdeae40f,turquoise,0,0,0,0,0,0,0,0,0,0,0,0,0,0,0,0,0,0,0,0
gb,5502efdeae40f,white,0,0,0,5,0,3,0,0,0,0,0,0,0,0,0,0,0,4,0,0
gb,5502efdeae40f,yellow,0,0,0,0,0,3,0,0,0,0,0,3,0,0,0,0,0,0,0,0
gb,5502f04508905,black,0,0,0,0,0,0,0,0,4,0,0,0,0,0,0,0,0,0,4,0
gb,5502f04508905,blue,0,0,0,0,0,3,0,0,0,0,0,4,0,0,0,4,0,4,0,0
gb,5502f04508905,brown,0,0,0,0,0,0,0,4,0,0,4,0,0,0,0,0,0,0,0,0
gb,5502f04508905,green,0,0,0,0,0,4,0,0,0,0,0,3,0,0,0,0,0,4,0,2
gb,5502f04508905,grey,0,0,0,0,0,0,4,0,0,0,0,3,0,0,0,0,3,0,0,0
gb,5502f04508905,orange,0,3,0,0,0,0,0,0,0,0,0,4,3,0,0,0,0,0,0,0
gb,5502f04508905,pink,0,0,0,3,0,0,0,0,0,0,3,0,0,3,3,0,0,0,0,0
gb,5502f04508905,purple,3,0,0,2,0,5,0,0,0,0,0,0,0,0,4,0,0,0,0,0
gb,5502f04508905,red,0,0,3,0,0,0,0,0,0,0,0,0,0,4,0,4,0,0,0,4
gb,5502f04508905,turquoise,0,0,0,0,0,4,0,0,0,0,0,0,0,0,4,0,0,3,0,0
gb,5502f04508905,white,0,0,0,0,0,4,0,0,0,0,0,0,0,0,0,0,0,3,0,0
gb,5502f04508905,yellow,0,0,0,0,0,0,0,0,0,0,0,4,4,0,0,0,0,0,0,0
gb,5502f0e2a97ad,black,0,0,3,0,0,0,0,3,0,0,3,0,0,0,0,0,5,0,4,0
gb,5502f0e2a97ad,blue,0,0,0,3,0,3,0,0,3,2,0,0,0,0,0,0,0,2,3,0
gb,5502f0e2a97ad,brown,0,0,0,0,0,0,0,0,0,0,0,0,0,0,0,0,0,0,0,0
gb,5502f0e2a97ad,green,0,0,0,0,3,3,0,0,0,0,0,0,0,0,3,0,0,4,0,0
gb,5502f0e2a97ad,grey,0,0,0,0,0,0,4,0,0,0,0,0,0,0,0,0,0,0,3,3
gb,5502f0e2a97ad,orange,0,0,0,0,0,0,0,2,0,0,0,4,2,0,0,0,0,0,0,0
gb,5502f0e2a97ad,pink,0,0,0,0,0,0,0,0,0,0,0,0,0,4,4,0,0,0,0,0
gb,5502f0e2a97ad,purple,4,0,0,0,0,0,0,0,0,0,0,3,0,0,4,0,0,0,0,0
gb,5502f0e2a97ad,red,0,0,5,0,0,0,0,0,3,0,5,0,0,5,3,0,0,0,0,0
gb,5502f0e2a97ad,turquoise,0,0,0,0,0,3,0,0,0,0,0,3,0,0,0,0,0,3,3,0
gb,5502f0e2a97ad,white,0,0,0,0,0,5,0,0,0,0,0,0,0,0,0,0,3,4,0,0
gb,5502f0e2a97ad,yellow,0,2,0,0,0,0,0,0,0,0,0,2,3,0,0,0,0,0,0,0
gb,5502f36d522de,black,0,0,3,2,2,0,0,2,3,0,5,0,0,0,0,0,2,0,4,0
gb,5502f36d522de,blue,0,0,0,0,0,0,2,0,0,0,0,0,0,0,0,0,3,0,5,0
gb,5502f36d522de,brown,0,0,0,0,0,0,0,3,2,0,2,0,0,0,0,0,0,0,0,0
gb,5502f36d522de,green,0,0,0,0,0,0,0,0,0,0,0,0,3,0,0,0,0,0,0,0
gb,5502f36d522de,grey,0,0,0,0,0,0,3,0,0,0,0,0,0,0,0,0,3,0,3,0
gb,5502f36d522de,orange,2,0,3,0,0,4,0,0,0,0,0,0,0,2,0,0,0,0,0,0
gb,5502f36d522de,pink,0,0,3,0,0,0,0,0,0,4,0,0,0,3,3,0,0,0,0,4
gb,5502f36d522de,purple,0,0,0,0,0,0,0,0,0,0,0,0,0,0,0,0,0,0,0,0
gb,5502f36d522de,red,0,0,5,0,0,0,0,0,0,0,3,0,2,5,5,0,0,0,0,0
gb,5502f36d522de,turquoise,0,0,0,0,0,0,0,0,0,0,0,0,0,0,0,0,0,0,0,0
gb,5502f36d522de,white,0,0,2,0,0,0,0,0,0,0,2,0,0,0,0,2,0,0,0,0
gb,5502f36d522de,yellow,3,0,0,0,0,0,0,0,0,0,0,0,3,0,0,0,0,0,0,0
gb,5502f3f3140fb,black,0,0,0,0,0,0,4,0,0,0,0,0,0,0,0,0,0,0,4,0
gb,5502f3f3140fb,blue,0,0,0,4,0,0,0,0,0,0,0,0,0,0,0,4,0,0,4,0
gb,5502f3f3140fb,brown,0,0,0,0,0,0,0,1,0,0,0,0,0,0,0,0,0,0,0,0
gb,5502f3f3140fb,green,0,0,0,0,0,3,0,0,0,0,0,0,0,0,0,0,0,3,0,0
gb,5502f3f3140fb,grey,0,0,0,0,0,0,0,0,0,0,0,0,0,0,0,0,0,0,2,0
gb,5502f3f3140fb,orange,0,4,0,2,0,0,0,0,0,0,0,0,0,0,0,0,0,0,0,0
gb,5502f3f3140fb,pink,0,5,0,0,0,0,0,0,0,0,0,0,0,1,5,0,0,0,0,0
gb,5502f3f3140fb,purple,4,0,0,0,0,0,0,0,0,0,0,0,4,0,0,4,0,0,0,0
gb,5502f3f3140fb,red,0,0,0,0,0,0,0,0,0,0,0,0,5,0,3,0,0,0,0,0
gb,5502f3f3140fb,turquoise,0,0,0,0,0,4,0,0,0,0,0,0,0,0,0,0,0,4,0,0
gb,5502f3f3140fb,white,0,0,0,0,0,0,0,0,0,0,0,0,0,0,0,0,0,0,0,0
gb,5502f3f3140fb,yellow,0,0,0,0,0,4,0,0,0,0,0,0,0,0,4,0,0,0,0,0
gb,5502f48a6def6,black,0,0,4,0,0,0,0,0,5,0,4,0,0,0,0,0,4,0,0,4
gb,5502f48a6def6,blue,0,0,0,3,0,3,3,0,0,0,0,3,0,0,0,0,0,3,5,3
gb,5502f48a6def6,brown,0,0,0,0,0,0,0,2,0,0,0,0,0,0,0,0,0,0,0,0
gb,5502f48a6def6,green,0,0,0,0,0,0,0,0,0,0,0,0,3,0,3,0,0,2,0,0
gb,5502f48a6def6,grey,0,0,0,0,3,0,0,0,0,3,0,0,0,0,0,0,2,0,0,3
gb,5502f48a6def6,orange,0,5,0,0,0,3,0,0,0,0,0,3,3,0,3,4,0,0,0,0
gb,5502f48a6def6,pink,0,4,0,0,0,4,0,0,0,0,0,0,0,5,4,0,0,0,0,0
gb,5502f48a6def6,purple,0,5,0,0,0,0,0,0,0,0,0,0,4,0,4,0,0,0,0,0
gb,5502f48a6def6,red,5,0,0,0,0,0,0,0,0,5,0,0,0,5,4,5,0,0,0,5
gb,5502f48a6def6,turquoise,0,0,0,0,0,4,0,0,0,0,0,4,5,0,5,4,0,3,0,0
gb,5502f48a6def6,white,0,0,0,4,0,3,0,0,0,0,0,0,0,0,0,0,0,3,0,0
gb,5502f48a6def6,yellow,0,5,0,0,0,3,0,0,0,0,0,0,5,0,0,5,0,0,0,0
gb,5502f8f2386f2,black,0,0,0,0,0,0,0,0,5,4,4,0,0,0,0,0,3,0,5,2
gb,5502f8f2386f2,blue,4,0,0,0,0,0,0,0,0,0,0,5,0,0,4,5,0,5,0,0
gb,5502f8f2386f2,brown,0,0,0,0,4,4,0,0,0,0,0,0,0,0,0,0,0,0,0,0
gb,5502f8f2386f2,green,0,0,0,0,0,0,0,0,0,0,0,5,0,0,4,0,0,4,0,0
gb,5502f8f2386f2,grey,0,0,0,0,3,0,0,0,0,0,0,4,0,0,0,0,0,0,0,0
gb,5502f8f2386f2,orange,0,4,0,0,0,0,0,0,0,0,0,4,5,0,4,0,0,0,0,0
gb,5502f8f2386f2,pink,5,5,0,5,0,0,0,0,0,0,0,0,5,5,5,5,0,5,0,0
gb,5502f8f2386f2,purple,0,0,0,4,0,4,0,0,0,0,0,5,4,0,4,5,0,4,0,0
gb,5502f8f2386f2,red,0,0,5,0,0,0,0,0,5,4,5,0,0,0,0,0,4,0,0,4
gb,5502f8f2386f2,turquoise,0,0,0,0,0,0,0,0,0,0,0,5,4,0,0,0,0,3,0,0
gb,5502f8f2386f2,white,4,0,0,4,4,4,0,0,0,0,0,0,0,0,0,0,0,0,0,0
gb,5502f8f2386f2,yellow,4,0,0,0,0,0,0,0,0,0,0,4,4,0,0,0,0,0,0,0
gb,5502fabf9cdeb,black,0,0,0,0,0,0,5,0,0,0,5,0,0,0,0,0,5,0,5,5
gb,5502fabf9cdeb,blue,5,0,0,5,0,5,0,0,0,0,0,0,5,0,5,5,0,5,0,0
gb,5502fabf9cdeb,brown,0,0,0,0,0,0,0,0,0,0,0,0,0,0,0,0,0,0,0,0
gb,5502fabf9cdeb,green,0,0,0,0,0,0,0,0,0,0,0,0,5,0,5,0,0,5,0,0
gb,5502fabf9cdeb,grey,0,0,0,0,0,0,5,5,0,5,0,0,0,0,0,0,5,0,5,5
gb,5502fabf9cdeb,orange,0,5,0,5,0,0,0,0,0,0,0,0,5,0,5,5,0,5,0,0
gb,5502fabf9cdeb,pink,0,0,0,0,0,0,0,0,0,0,0,0,4,5,0,0,0,0,0,0
gb,5502fabf9cdeb,purple,0,0,0,0,0,0,0,0,0,0,0,0,0,0,0,0,0,0,0,0
gb,5502fabf9cdeb,red,5,0,5,0,0,0,0,0,5,0,5,0,0,5,5,0,0,0,0,0
gb,5502fabf9cdeb,turquoise,0,0,0,5,0,0,0,0,0,0,0,5,5,0,5,0,0,5,0,0
gb,5502fabf9cdeb,white,0,0,0,0,0,0,0,0,0,0,0,0,0,0,0,0,0,0,0,0
gb,5502fabf9cdeb,yellow,0,0,0,0,0,0,0,0,0,0,0,0,5,0,5,0,0,5,0,0
gb,5502fb62b9785,black,0,0,0,0,0,0,0,0,0,0,0,5,5,0,5,0,0,0,0,0
gb,5502fb62b9785,blue,0,0,0,0,0,0,0,0,0,0,0,0,0,0,0,0,0,0,4,0
gb,5502fb62b9785,brown,0,0,0,0,0,0,0,0,0,0,0,0,0,0,0,0,0,0,0,0
gb,5502fb62b9785,green,0,0,0,0,0,0,0,0,0,0,0,0,0,0,0,0,0,0,0,0
gb,5502fb62b9785,grey,0,0,0,0,0,0,0,0,0,0,0,0,0,0,0,0,0,0,0,0
gb,5502fb62b9785,orange,2,0,0,0,0,3,0,0,0,0,0,0,0,0,0,0,0,2,0,0
gb,5502fb62b9785,pink,0,0,0,0,0,0,0,0,0,0,0,3,0,3,0,0,0,0,0,0
gb,5502fb62b9785,purple,0,0,0,5,0,0,0,0,0,0,0,5,0,0,5,0,0,0,0,0
gb,5502fb62b9785,red,0,5,4,0,0,0,0,0,0,0,0,0,0,5,5,0,0,0,0,0
gb,5502fb62b9785,turquoise,0,0,0,0,0,0,0,0,0,0,0,0,0,0,0,0,0,0,0,0
gb,5502fb62b9785,white,0,0,0,0,0,0,0,0,0,0,0,3,0,2,0,0,0,0,0,0
gb,5502fb62b9785,yellow,0,0,0,0,0,0,0,0,0,0,0,0,0,0,0,0,2,0,0,3
gb,5502fd483d717,black,0,0,0,0,0,0,4,0,0,0,0,0,0,0,0,0,0,0,0,0
gb,5502fd483d717,blue,0,0,0,0,0,0,0,0,0,0,0,0,0,0,0,5,0,0,0,0
gb,5502fd483d717,brown,0,0,0,0,0,0,0,3,0,0,0,0,0,0,0,0,0,0,0,0
gb,5502fd483d717,green,0,0,0,0,0,5,0,0,0,0,0,0,0,0,0,0,0,0,0,0
gb,5502fd483d717,grey,0,0,0,0,0,0,5,0,0,0,0,0,0,0,0,0,0,0,0,0
gb,5502fd483d717,orange,0,0,0,0,0,0,0,0,0,0,0,4,0,0,0,0,0,0,0,0
gb,5502fd483d717,pink,0,0,0,0,0,0,0,0,0,0,0,0,0,0,5,0,0,0,0,0
gb,5502fd483d717,purple,0,0,0,0,0,0,0,0,0,0,0,0,0,4,0,0,0,0,0,0
gb,5502fd483d717,red,0,0,5,0,0,0,0,0,0,0,0,0,0,0,0,0,0,0,0,0
gb,5502fd483d717,turquoise,0,0,0,4,0,0,0,0,0,0,0,0,0,0,0,0,0,0,0,0
gb,5502fd483d717,white,3,0,0,0,0,0,0,0,0,0,0,0,0,0,4,0,0,0,0,0
gb,5502fd483d717,yellow,0,0,0,0,0,0,0,0,0,0,0,0,4,0,0,0,0,0,0,0
gb,550300483aaa5,black,0,0,0,0,4,0,0,0,0,2,0,0,0,0,0,0,0,0,0,3
gb,550300483aaa5,blue,3,3,0,0,0,4,0,0,0,0,0,2,2,0,0,0,1,0,0,0
gb,550300483aaa5,brown,0,0,0,0,0,0,0,2,0,0,0,0,0,0,0,0,2,0,0,0
gb,550300483aaa5,green,3,0,0,0,0,4,0,3,0,0,0,0,0,0,0,3,0,0,0,0
gb,550300483aaa5,grey,0,0,0,0,0,0,4,0,0,0,0,0,0,0,0,0,0,0,0,0
gb,550300483aaa5,orange,0,0,0,0,0,0,0,0,3,0,0,0,4,0,2,0,0,0,0,0
gb,550300483aaa5,pink,3,0,2,0,0,0,0,0,0,0,0,0,0,3,0,0,0,0,0,2
gb,550300483aaa5,purple,5,0,0,3,0,2,3,0,0,0,0,0,0,0,0,0,0,0,0,3
gb,550300483aaa5,red,0,0,5,0,0,0,0,0,0,3,3,0,0,3,0,0,0,0,0,0
gb,550300483aaa5,turquoise,0,4,0,0,0,0,0,0,0,0,0,2,4,0,3,0,0,0,0,0
gb,550300483aaa5,white,0,0,0,0,0,1,1,0,0,0,0,0,0,0,0,0,0,0,0,0
gb,550300483aaa5,yellow,0,0,0,0,0,0,0,3,3,0,0,0,0,0,0,0,0,0,0,0
gb,550302a132ce5,black,0,0,4,0,0,0,3,0,0,0,0,0,0,0,0,0,0,0,3,0
gb,550302a132ce5,blue,0,0,0,0,0,4,0,0,0,0,0,0,0,0,0,0,0,0,0,0
gb,550302a132ce5,brown,0,0,0,0,0,0,0,4,0,0,2,0,0,0,0,0,0,0,0,0
gb,550302a132ce5,green,0,0,0,0,0,0,0,0,0,0,0,0,0,0,0,0,0,0,0,0
gb,550302a132ce5,grey,0,0,0,0,0,0,0,0,0,0,0,0,0,0,0,0,4,0,0,0
gb,550302a132ce5,orange,0,4,0,0,4,0,0,0,0,0,0,0,4,0,0,0,0,0,0,0
gb,550302a132ce5,pink,0,3,0,0,0,0,0,0,0,0,0,0,0,0,3,0,0,0,0,0
gb,550302a132ce5,purple,0,0,0,0,0,0,0,0,0,0,0,0,0,4,0,5,0,0,0,0
gb,550302a132ce5,red,0,0,5,0,0,0,0,0,0,0,5,0,0,5,0,0,0,0,0,0
gb,550302a132ce5,turquoise,0,0,0,0,0,0,0,0,0,0,0,0,0,0,3,0,0,0,0,0
gb,550302a132ce5,white,0,0,0,0,0,0,0,0,0,0,0,0,4,0,0,5,0,0,0,0
gb,550302a132ce5,yellow,0,5,0,0,3,0,0,0,0,0,0,0,0,0,0,0,0,0,0,0
gb,55030a1a74cdc,black,0,0,0,0,4,0,0,0,0,0,4,0,0,0,0,0,3,0,0,0
gb,55030a1a74cdc,blue,4,0,0,0,0,5,0,0,0,0,0,0,0,0,4,0,0,0,0,0
gb,55030a1a74cdc,brown,0,0,0,0,0,0,2,0,2,0,0,0,0,0,0,0,0,0,0,0
gb,55030a1a74cdc,green,0,0,0,3,0,3,0,0,0,0,0,0,0,0,0,3,0,0,0,0
gb,55030a1a74cdc,grey,0,0,0,0,0,0,2,0,0,0,0,0,0,0,0,0,2,0,0,0
gb,55030a1a74cdc,orange,0,4,0,0,0,0,0,0,0,0,0,4,0,0,0,0,0,0,0,0
gb,55030a1a74cdc,pink,0,4,0,0,0,0,0,0,0,0,0,0,0,0,0,4,0,0,0,0
gb,55030a1a74cdc,purple,0,0,0,0,0,4,0,0,0,0,0,0,0,0,0,4,0,0,0,0
gb,55030a1a74cdc,red,0,0,0,3,0,0,0,0,0,0,0,0,0,4,0,0,0,0,0,0
gb,55030a1a74cdc,turquoise,0,0,0,5,0,0,0,0,0,0,0,0,5,0,0,0,0,0,0,0
gb,55030a1a74cdc,white,0,0,0,0,0,0,0,0,0,0,0,0,0,0,0,0,2,0,2,0
gb,55030a1a74cdc,yellow,0,0,0,0,0,0,0,0,0,0,0,0,4,0,0,0,0,4,0,0
gb,55030f3f600ae,black,0,0,3,0,0,0,0,0,4,0,0,0,0,0,0,0,2,0,0,0
gb,55030f3f600ae,blue,0,0,0,0,0,4,0,0,0,0,0,0,0,0,0,0,0,4,0,0
gb,55030f3f600ae,brown,0,0,0,0,0,0,0,0,0,0,0,0,0,0,0,0,0,0,0,0
gb,55030f3f600ae,green,0,0,0,0,0,0,0,0,0,0,0,0,0,0,0,0,0,0,0,0
gb,55030f3f600ae,grey,0,0,0,0,0,0,0,0,0,0,0,0,0,0,0,0,4,0,5,0
gb,55030f3f600ae,orange,0,0,0,0,0,0,0,0,0,0,0,0,0,0,0,0,0,0,0,0
gb,55030f3f600ae,pink,0,0,0,0,0,0,0,0,0,0,0,0,0,5,4,0,0,0,0,0
gb,55030f3f600ae,purple,5,0,0,0,0,0,0,0,0,0,0,0,0,0,4,3,0,0,0,0
gb,55030f3f600ae,red,0,0,0,0,0,0,0,0,0,0,3,0,0,4,0,0,0,0,0,0
gb,55030f3f600ae,turquoise,0,0,0,0,0,5,0,0,0,0,0,0,0,0,0,0,0,0,0,0
gb,55030f3f600ae,white,0,0,0,0,0,0,0,0,0,0,0,0,0,0,0,0,0,5,0,0
gb,55030f3f600ae,yellow,0,0,0,0,0,0,0,0,0,0,0,0,5,0,0,3,0,0,0,0
gb,550322c744333,black,0,0,0,0,0,0,0,0,0,0,0,5,0,0,0,0,0,0,0,0
gb,550322c744333,blue,0,0,0,0,0,0,0,0,0,0,0,0,0,0,0,5,0,0,5,0
gb,550322c744333,brown,0,0,0,0,0,0,0,5,0,0,0,0,0,0,0,0,0,0,0,0
gb,550322c744333,green,4,0,0,4,0,0,0,0,0,0,0,0,0,0,0,0,0,5,0,0
gb,550322c744333,grey,0,0,0,0,0,0,0,0,0,0,0,0,0,0,0,0,0,0,4,0
gb,550322c744333,orange,0,0,0,0,0,0,0,0,0,0,0,0,0,0,4,0,0,0,0,0
gb,550322c744333,pink,0,4,0,0,0,0,0,0,0,0,0,0,0,4,4,0,0,0,0,0
gb,550322c744333,purple,0,4,0,0,0,0,0,0,0,0,0,0,0,0,0,0,0,0,0,0
gb,550322c744333,red,0,0,5,0,0,0,0,0,5,0,0,0,0,0,5,0,0,0,0,0
gb,550322c744333,turquoise,0,0,0,0,0,0,0,0,0,0,0,1,0,0,0,0,0,0,0,0
gb,550322c744333,white,0,0,0,0,0,0,0,0,0,0,0,0,0,0,0,0,0,0,0,0
gb,550322c744333,yellow,4,4,0,0,0,4,0,0,0,0,0,0,0,0,4,0,0,0,0,0
gb,5506945ca6f23,black,0,0,0,0,0,0,0,0,0,4,0,0,0,0,0,0,4,0,4,0
gb,5506945ca6f23,blue,0,0,0,0,0,0,0,0,0,0,0,0,4,0,4,4,0,0,0,0
gb,5506945ca6f23,brown,0,0,0,0,0,0,4,4,0,0,0,0,0,0,0,0,0,0,5,0
gb,5506945ca6f23,green,0,0,0,0,0,0,0,0,0,4,0,3,0,0,0,0,0,0,0,0
gb,5506945ca6f23,grey,0,0,0,0,0,0,0,0,0,0,0,0,0,0,0,0,0,0,2,0
gb,5506945ca6f23,orange,0,5,0,0,0,0,0,0,0,0,0,0,4,0,0,0,0,0,0,0
gb,5506945ca6f23,pink,4,0,0,0,0,5,0,0,0,0,0,0,0,4,0,0,0,0,0,0
gb,5506945ca6f23,purple,3,0,0,0,0,0,0,0,0,0,0,0,3,0,3,0,0,0,0,0
gb,5506945ca6f23,red,0,0,5,0,0,0,0,0,0,0,0,0,0,5,0,0,0,0,0,0
gb,5506945ca6f23,turquoise,0,0,0,0,0,0,0,0,0,0,0,0,0,0,3,5,0,0,0,0
gb,5506945ca6f23,white,0,0,0,0,0,5,0,0,0,0,0,0,5,0,0,0,0,0,0,0
gb,5506945ca6f23,yellow,4,0,0,0,0,0,0,0,0,0,0,0,5,0,4,4,0,0,0,0
gb,5506a6df8f105,black,0,0,0,0,4,0,4,0,0,0,0,0,0,0,0,0,0,0,0,0
gb,5506a6df8f105,blue,0,0,0,0,0,5,0,0,0,0,0,0,0,0,0,0,0,4,0,0
gb,5506a6df8f105,brown,0,0,0,0,0,0,3,0,0,0,0,0,0,0,0,0,0,0,0,0
gb,5506a6df8f105,green,0,0,0,0,0,5,0,0,0,0,0,0,0,4,0,0,0,0,0,0
gb,5506a6df8f105,grey,0,0,0,0,0,0,0,0,0,0,0,0,0,0,0,0,0,0,0,0
gb,5506a6df8f105,orange,0,2,0,0,0,0,0,0,0,0,0,4,0,0,0,0,0,0,0,0
gb,5506a6df8f105,pink,0,0,0,0,0,2,0,0,0,0,0,0,0,0,0,0,0,2,0,0
gb,5506a6df8f105,purple,3,3,0,0,0,0,0,0,0,0,0,0,0,0,0,0,0,0,0,0
gb,5506a6df8f105,red,0,0,4,0,0,0,0,0,0,0,0,0,0,2,0,0,0,0,0,0
gb,5506a6df8f105,turquoise,0,0,0,0,0,4,0,0,0,0,0,0,3,0,0,0,0,0,0,0
gb,5506a6df8f105,white,0,0,0,0,0,0,0,0,0,0,0,0,0,0,0,3,0,0,0,0
gb,5506a6df8f105,yellow,0,3,0,0,0,0,0,0,0,0,0,0,5,0,0,0,0,0,0,0
gb,5506ab2e8b99e,black,0,0,0,0,0,0,0,0,5,0,0,0,0,0,0,0,0,0,0,0
gb,5506ab2e8b99e,blue,0,0,0,0,0,0,0,0,0,0,0,4,0,0,0,0,0,0,0,0
gb,5506ab2e8b99e,brown,0,0,0,0,0,0,0,0,0,0,0,0,0,0,0,0,5,0,0,0
gb,5506ab2e8b99e,green,0,0,0,0,5,0,0,0,0,0,0,0,0,0,0,0,0,0,0,0
gb,5506ab2e8b99e,grey,0,0,0,0,0,0,4,0,0,0,0,0,0,0,0,0,0,0,3,0
gb,5506ab2e8b99e,orange,0,0,0,0,0,0,0,0,0,0,0,0,0,0,0,0,0,0,0,0
gb,5506ab2e8b99e,pink,0,0,0,4,0,0,0,0,0,0,0,0,0,4,0,0,0,0,0,0
gb,5506ab2e8b99e,purple,0,0,0,0,0,0,0,0,0,0,0,0,0,0,0,0,0,5,0,0
gb,5506ab2e8b99e,red,0,0,5,0,0,0,0,0,0,0,0,0,0,0,0,0,0,0,0,0
gb,5506ab2e8b99e,turquoise,0,5,0,0,0,0,0,0,0,0,0,0,0,0,0,0,0,0,0,0
gb,5506ab2e8b99e,white,0,0,0,0,0,0,5,0,0,0,0,0,0,0,0,0,0,0,0,0
gb,5506ab2e8b99e,yellow,0,0,0,0,0,0,0,0,0,0,0,0,4,0,0,0,0,0,0,0
gb,5506cbb248241,black,0,0,5,0,0,0,0,5,0,5,5,0,0,0,0,0,5,0,5,5
gb,5506cbb248241,blue,0,3,0,0,3,3,0,0,0,0,0,4,4,0,0,0,0,0,0,0
gb,5506cbb248241,brown,0,0,0,0,0,0,0,5,0,0,0,0,0,0,0,0,0,0,0,0
gb,5506cbb248241,green,0,0,0,0,0,0,0,0,0,0,0,4,5,5,5,0,0,0,0,0
gb,5506cbb248241,grey,0,0,0,0,0,0,4,0,0,0,0,0,0,0,0,0,4,0,0,4
gb,5506cbb248241,orange,5,0,0,0,0,0,0,0,4,0,0,0,5,5,0,0,0,0,0,1
gb,5506cbb248241,pink,4,0,0,0,0,4,0,0,0,0,0,0,5,4,4,5,0,3,0,0
gb,5506cbb248241,purple,0,0,0,0,0,3,0,0,0,0,0,3,3,0,3,5,0,0,0,0
gb,5506cbb248241,red,0,0,5,0,0,0,0,0,0,5,5,0,0,5,0,0,3,0,0,3
gb,5506cbb248241,turquoise,0,5,0,0,1,3,0,0,0,0,0,4,0,0,0,0,0,1,0,0
gb,5506cbb248241,white,0,0,5,0,0,0,5,0,2,0,0,0,0,0,0,0,0,5,5,0
gb,5506cbb248241,yellow,4,5,0,0,0,3,0,0,3,0,0,5,5,4,0,3,0,0,0,0
gb,55070a433a515,black,0,0,0,0,0,0,0,0,0,0,0,3,0,0,0,0,0,0,0,0
gb,55070a433a515,blue,3,0,0,0,0,3,0,0,0,0,0,0,0,0,0,0,0,0,0,0
gb,55070a433a515,brown,0,0,0,0,4,0,0,4,0,0,0,0,0,0,0,0,0,0,4,4
gb,55070a433a515,green,4,0,0,0,0,5,0,0,0,0,0,0,4,0,5,4,0,0,0,0
gb,55070a433a515,grey,0,0,0,0,0,0,0,0,0,0,0,0,0,0,0,0,0,0,0,0
gb,55070a433a515,orange,3,0,0,0,0,0,0,0,0,0,0,4,0,2,3,0,0,0,0,0
gb,55070a433a515,pink,4,4,0,0,0,0,0,0,0,0,0,0,4,4,4,0,0,0,0,0
gb,55070a433a515,purple,0,0,0,0,0,0,0,0,0,0,0,2,0,0,0,0,0,0,0,2
gb,55070a433a515,red,0,0,5,0,3,0,0,0,0,0,3,0,0,0,0,0,0,0,0,0
gb,55070a433a515,turquoise,0,0,0,0,0,0,0,0,0,0,0,3,0,0,0,0,0,0,0,0
gb,55070a433a515,white,0,0,0,0,0,5,0,0,0,0,0,3,0,0,3,0,0,0,0,0
gb,55070a433a515,yellow,0,0,0,0,0,4,0,0,0,0,0,3,4,0,4,0,0,0,0,0
gb,5507ec9db943f,black,0,0,0,0,4,0,0,0,0,3,5,0,0,0,0,0,3,0,0,3
gb,5507ec9db943f,blue,3,0,0,0,0,3,0,0,0,0,0,0,0,0,3,3,0,2,0,0
gb,5507ec9db943f,brown,0,0,0,3,2,0,3,0,0,0,0,0,0,0,0,0,2,0,0,0
gb,5507ec9db943f,green,4,0,0,0,0,4,0,0,0,0,0,4,4,0,4,5,0,5,0,0
gb,5507ec9db943f,grey,0,0,0,0,0,0,3,0,0,4,0,0,0,0,0,0,0,0,3,0
gb,5507ec9db943f,orange,2,4,0,3,0,0,0,0,0,0,0,4,4,0,4,4,0,0,0,0
gb,5507ec9db943f,pink,0,4,0,0,0,0,0,0,0,0,0,0,2,4,2,0,0,0,0,0
gb,5507ec9db943f,purple,0,0,0,2,0,0,2,1,1,2,1,0,0,1,0,2,2,2,1,2
gb,5507ec9db943f,red,0,0,4,2,2,0,0,0,3,0,0,0,0,3,0,4,1,0,0,0
gb,5507ec9db943f,turquoise,2,3,0,0,0,3,0,0,0,0,0,2,4,0,4,0,0,0,0,0
gb,5507ec9db943f,white,0,0,0,3,0,3,0,0,0,0,0,0,0,4,4,0,0,5,3,0
gb,5507ec9db943f,yellow,4,4,0,2,0,2,0,0,0,0,0,4,5,3,5,3,0,3,0,0
gb,5507f2903d3d8,black,0,0,2,0,3,0,0,3,0,0,3,0,0,0,0,0,0,0,0,0
gb,5507f2903d3d8,blue,4,0,0,0,0,0,1,0,0,0,0,0,0,0,0,4,0,0,1,0
gb,5507f2903d3d8,brown,0,0,3,0,3,0,0,0,0,0,3,0,0,0,0,0,0,0,0,0
gb,5507f2903d3d8,green,0,0,0,0,0,0,0,2,0,0,0,0,0,0,0,0,0,0,0,0
gb,5507f2903d3d8,grey,0,0,0,0,0,0,4,0,0,0,0,0,0,0,0,0,0,0,2,0
gb,5507f2903d3d8,orange,0,0,0,0,0,0,0,0,0,0,0,0,0,0,0,0,0,0,0,0
gb,5507f2903d3d8,pink,5,0,0,0,0,0,0,0,0,0,0,0,4,5,4,0,0,0,0,0
gb,5507f2903d3d8,purple,0,0,0,0,0,0,0,0,0,2,0,0,0,0,0,0,2,0,4,3
gb,5507f2903d3d8,red,0,2,3,0,0,0,0,0,0,0,0,0,2,3,0,0,0,0,0,0
gb,5507f2903d3d8,turquoise,0,0,0,0,0,0,0,0,0,0,0,0,2,0,2,0,0,0,0,0
gb,5507f2903d3d8,white,0,0,0,0,0,0,0,0,0,0,0,0,0,0,0,0,0,4,0,0
gb,5507f2903d3d8,yellow,0,5,0,0,0,0,0,0,0,0,0,0,5,0,5,0,0,0,0,0
gb,55080cd5a0c26,black,0,0,0,0,0,0,0,0,0,2,0,0,0,0,4,0,2,0,4,0
gb,55080cd5a0c26,blue,0,0,0,0,0,4,0,0,0,0,0,0,3,0,0,0,0,0,0,3
gb,55080cd5a0c26,brown,0,5,0,0,0,0,0,0,0,0,0,0,0,0,0,4,0,4,0,0
gb,55080cd5a0c26,green,0,0,0,0,0,3,0,0,3,4,0,0,0,0,0,0,0,0,0,0
gb,55080cd5a0c26,grey,0,0,0,0,3,0,0,0,0,0,0,0,0,0,0,0,0,0,0,0
gb,55080cd5a0c26,orange,0,0,0,0,0,5,0,0,0,0,0,0,4,0,0,0,0,0,0,0
gb,55080cd5a0c26,pink,0,0,0,0,0,0,0,3,0,3,0,0,5,4,5,0,0,0,0,0
gb,55080cd5a0c26,purple,0,0,0,0,0,0,0,0,0,0,0,0,0,5,0,0,0,3,3,0
gb,55080cd5a0c26,red,0,0,2,0,0,0,0,0,0,0,0,0,0,0,0,4,0,0,0,1
gb,55080cd5a0c26,turquoise,0,0,0,0,0,0,0,0,0,0,0,0,0,5,4,2,0,0,0,0
gb,55080cd5a0c26,white,0,0,0,4,0,0,0,0,4,0,0,0,4,0,0,0,0,0,0,0
gb,55080cd5a0c26,yellow,0,0,0,0,0,0,3,0,0,0,0,0,0,0,0,0,0,0,0,3
gb,5508621d59dcb,black,0,0,5,0,5,0,0,5,0,0,5,0,0,0,0,0,0,0,0,0
gb,5508621d59dcb,blue,0,0,0,0,0,0,0,0,0,0,0,0,0,0,0,0,0,0,4,0
gb,5508621d59dcb,brown,0,0,0,0,0,0,0,0,0,4,0,0,0,0,0,0,4,0,0,4
gb,5508621d59dcb,green,0,0,0,0,0,2,0,0,0,0,0,0,2,0,2,0,0,0,0,0
gb,5508621d59dcb,grey,0,0,0,0,0,0,0,0,0,0,0,0,0,0,0,0,0,0,0,0
gb,5508621d59dcb,orange,0,0,0,0,0,0,0,0,0,0,0,0,4,0,4,4,0,0,0,0
gb,5508621d59dcb,pink,0,0,0,0,0,0,0,0,0,0,0,0,0,4,0,0,0,0,0,0
gb,5508621d59dcb,purple,0,0,0,0,0,0,0,0,0,0,0,0,0,0,0,0,0,0,0,0
gb,5508621d59dcb,red,0,0,0,0,0,0,0,0,5,5,0,0,0,0,0,0,0,0,0,0
gb,5508621d59dcb,turquoise,0,0,0,0,0,3,0,0,0,0,0,0,0,0,0,0,0,0,0,0
gb,5508621d59dcb,white,0,0,0,0,0,0,0,0,0,0,0,0,0,0,0,0,0,0,0,0
gb,5508621d59dcb,yellow,0,0,0,0,0,0,0,0,0,0,0,0,0,0,3,0,0,0,0,0
gb,550999122a3ee,black,0,0,0,0,0,0,0,0,0,0,5,0,0,0,0,0,0,0,0,0
gb,550999122a3ee,blue,0,0,0,0,0,0,0,0,0,0,0,0,0,0,0,5,0,0,0,0
gb,550999122a3ee,brown,0,0,0,0,0,0,0,4,0,0,0,0,0,0,0,0,0,0,0,0
gb,550999122a3ee,green,5,4,0,0,0,0,0,0,0,0,0,0,0,0,0,0,0,0,0,0
gb,550999122a3ee,grey,0,0,0,0,0,0,0,0,0,0,0,0,0,0,0,0,0,0,0,0
gb,550999122a3ee,orange,0,0,0,0,0,0,0,0,0,0,0,0,5,0,0,0,0,0,0,0
gb,550999122a3ee,pink,5,0,0,0,0,0,0,0,0,0,0,0,0,5,5,0,0,0,0,0
gb,550999122a3ee,purple,4,0,0,0,0,0,0,0,0,0,0,4,0,0,0,0,0,0,0,0
gb,550999122a3ee,red,0,0,5,0,5,0,0,0,0,0,0,0,0,0,0,0,0,0,0,0
gb,550999122a3ee,turquoise,0,0,0,0,0,0,0,0,0,0,0,0,0,0,0,0,0,0,0,0
gb,550999122a3ee,white,0,0,0,0,0,0,0,0,0,0,0,0,0,0,0,0,0,0,0,0
gb,550999122a3ee,yellow,0,0,0,0,0,4,0,0,0,0,0,0,0,0,0,0,0,0,0,0
gb,550a02b2c1cf9,black,0,0,0,0,0,0,0,0,0,0,0,0,0,0,0,0,0,0,0,0
gb,550a02b2c1cf9,blue,0,0,0,0,0,5,0,0,0,0,0,0,0,0,0,0,0,0,0,0
gb,550a02b2c1cf9,brown,0,0,0,0,0,0,0,0,0,0,0,0,0,0,0,0,0,0,0,0
gb,550a02b2c1cf9,green,0,0,0,0,0,0,0,0,0,0,0,0,0,0,5,0,0,0,0,0
gb,550a02b2c1cf9,grey,0,0,0,0,0,0,0,0,0,0,0,0,0,0,0,0,0,0,0,0
gb,550a02b2c1cf9,orange,0,0,0,0,0,0,0,0,0,0,0,0,0,0,0,0,0,0,0,0
gb,550a02b2c1cf9,pink,0,0,0,0,0,0,0,0,0,0,0,0,0,5,0,0,0,0,0,0
gb,550a02b2c1cf9,purple,0,0,0,0,0,0,0,0,0,0,0,0,0,0,0,0,0,0,0,0
gb,550a02b2c1cf9,red,0,0,5,0,0,0,0,0,0,0,0,0,0,0,0,0,0,0,0,0
gb,550a02b2c1cf9,turquoise,0,0,0,0,0,0,0,0,0,0,0,0,0,0,5,0,0,0,0,0
gb,550a02b2c1cf9,white,0,0,0,0,0,0,0,0,0,0,0,0,0,0,0,0,0,0,0,0
gb,550a02b2c1cf9,yellow,0,0,0,0,0,0,0,0,0,0,0,0,5,0,0,0,0,0,0,0
gb,550abce598a0e,black,0,0,1,0,1,0,3,0,1,4,1,0,0,0,0,0,4,0,5,4
gb,550abce598a0e,blue,0,0,0,0,0,0,0,0,1,0,0,0,0,0,0,0,0,0,0,0
gb,550abce598a0e,brown,0,0,0,0,0,0,0,0,0,0,0,0,0,0,0,0,0,0,0,3
gb,550abce598a0e,green,0,0,0,0,0,4,0,0,0,0,0,0,0,0,3,0,0,0,0,0
gb,550abce598a0e,grey,0,0,0,0,0,0,2,0,0,0,0,0,0,0,0,0,0,0,2,0
gb,550abce598a0e,orange,0,0,1,0,0,0,0,0,0,0,0,0,0,0,0,0,0,0,0,0
gb,550abce598a0e,pink,0,0,0,1,0,0,0,0,0,0,0,0,0,3,1,0,0,0,0,0
gb,550abce598a0e,purple,0,2,0,0,0,0,0,0,0,0,0,0,0,0,0,0,0,0,0,0
gb,550abce598a0e,red,0,0,5,2,0,0,0,0,1,0,0,0,0,5,3,0,0,0,0,0
gb,550abce598a0e,turquoise,0,0,0,0,0,0,0,0,0,0,0,0,1,0,1,0,0,0,0,0
gb,550abce598a0e,white,0,0,0,0,0,0,0,0,0,0,0,0,0,0,0,0,0,0,0,0
gb,550abce598a0e,yellow,0,0,0,2,0,0,0,0,0,0,0,0,0,0,0,1,0,0,0,0
gb,550ad817169dd,black,0,0,0,5,0,0,0,0,5,0,0,0,0,0,0,0,0,0,5,0
gb,550ad817169dd,blue,0,0,0,0,0,0,0,0,0,0,0,0,0,0,0,0,0,0,0,0
gb,550ad817169dd,brown,0,0,0,0,0,0,0,0,0,0,0,0,0,0,0,0,0,0,0,0
gb,550ad817169dd,green,0,0,0,0,0,0,0,0,0,0,0,0,0,0,0,0,0,0,0,0
gb,550ad817169dd,grey,0,0,0,0,0,0,5,0,0,0,0,0,0,0,0,0,0,0,0,0
gb,550ad817169dd,orange,0,0,0,0,0,0,0,0,0,0,0,0,3,0,3,0,0,0,0,0
gb,550ad817169dd,pink,0,0,0,0,0,5,0,0,0,0,0,0,0,0,0,0,0,0,0,0
gb,550ad817169dd,purple,0,0,0,0,0,0,0,0,0,0,0,0,0,0,0,0,0,0,0,0
gb,550ad817169dd,red,0,0,5,0,0,0,0,0,0,0,0,0,0,5,0,0,0,0,0,0
gb,550ad817169dd,turquoise,0,0,0,0,0,0,0,0,0,0,0,0,0,0,5,0,0,0,0,0
gb,550ad817169dd,white,0,0,0,0,0,0,0,0,0,0,0,0,0,0,0,0,0,0,0,0
gb,550ad817169dd,yellow,0,0,0,0,0,0,0,0,0,0,0,0,5,0,0,0,0,0,0,0
gb,550c1c9c6818c,black,0,0,0,0,5,0,0,0,5,0,0,0,0,0,0,0,0,0,5,0
gb,550c1c9c6818c,blue,0,0,0,0,0,0,0,0,0,0,0,5,0,0,0,0,0,3,0,0
gb,550c1c9c6818c,brown,0,0,0,0,0,0,0,0,0,0,0,0,0,0,0,0,0,0,0,0
gb,550c1c9c6818c,green,0,0,0,0,0,0,0,0,0,0,0,0,0,0,0,0,0,5,0,0
gb,550c1c9c6818c,grey,0,0,0,0,0,0,0,0,0,0,0,0,0,0,0,0,0,0,0,0
gb,550c1c9c6818c,orange,0,0,0,0,0,0,0,0,0,0,0,0,0,0,0,0,0,0,0,0
gb,550c1c9c6818c,pink,5,0,0,0,0,0,0,0,0,0,0,0,0,5,5,0,0,0,0,0
gb,550c1c9c6818c,purple,0,0,0,0,0,0,0,0,0,0,0,0,0,0,0,0,5,0,0,0
gb,550c1c9c6818c,red,0,0,5,0,0,0,0,0,0,0,0,0,0,0,0,0,0,0,0,5
gb,550c1c9c6818c,turquoise,0,0,0,0,0,0,0,0,0,0,0,5,0,0,5,0,0,0,0,0
gb,550c1c9c6818c,white,0,0,0,5,0,0,0,0,0,0,0,0,0,0,0,0,0,0,0,0
gb,550c1c9c6818c,yellow,0,4,0,0,0,0,0,0,0,0,0,0,5,0,5,0,0,0,0,0
gb,550fdbacb14fa,black,0,0,5,0,4,0,0,4,5,0,5,0,0,0,0,0,0,0,5,0
gb,550fdbacb14fa,blue,0,0,0,5,0,4,0,0,0,0,0,0,4,0,4,0,0,4,0,0
gb,550fdbacb14fa,brown,0,0,0,0,0,4,3,0,0,0,0,0,0,0,0,0,3,0,4,0
gb,550fdbacb14fa,green,0,0,0,0,0,0,0,4,0,0,0,0,4,0,0,0,0,0,0,0
gb,550fdbacb14fa,grey,0,0,0,0,0,0,5,0,0,0,0,0,0,0,0,0,4,0,5,0
gb,550fdbacb14fa,orange,0,0,0,2,0,4,0,0,0,0,0,0,4,2,0,0,0,0,0,0
gb,550fdbacb14fa,pink,0,0,0,4,0,0,0,0,0,0,0,0,3,5,4,3,0,0,0,4
gb,550fdbacb14fa,purple,0,0,0,0,0,0,0,0,0,0,0,0,0,4,3,4,0,0,0,0
gb,550fdbacb14fa,red,0,0,5,0,0,0,0,0,3,0,4,0,4,5,0,5,0,0,0,4
gb,550fdbacb14fa,turquoise,0,0,0,3,0,5,0,0,0,0,0,0,2,0,0,0,0,4,0,0
gb,550fdbacb14fa,white,0,0,0,0,0,0,0,0,0,0,0,0,0,0,0,0,0,4,0,0
gb,550fdbacb14fa,yellow,0,3,0,0,0,0,0,0,0,0,0,0,0,0,0,0,0,0,0,0
gb,550fe240823e5,black,0,0,0,0,0,0,4,3,5,0,0,0,0,0,0,0,0,0,0,0
gb,550fe240823e5,blue,0,0,0,0,0,5,0,0,0,0,0,0,0,0,0,0,0,0,0,0
gb,550fe240823e5,brown,0,0,0,0,0,0,1,3,0,0,0,0,0,0,0,0,0,0,0,0
gb,550fe240823e5,green,0,0,0,0,0,0,0,0,0,4,0,0,0,0,0,0,0,0,0,0
gb,550fe240823e5,grey,0,0,0,0,0,0,0,0,3,0,0,0,0,0,0,0,3,0,5,0
gb,550fe240823e5,orange,0,3,0,3,0,0,0,0,0,0,0,4,0,0,0,0,0,0,0,0
gb,550fe240823e5,pink,0,0,0,0,0,2,0,0,0,0,0,0,5,4,3,4,0,0,0,0
gb,550fe240823e5,purple,4,0,0,0,0,0,0,0,0,0,0,0,0,0,0,0,0,0,0,0
gb,550fe240823e5,red,0,0,4,0,0,0,0,0,0,0,0,0,0,5,0,0,0,0,0,0
gb,550fe240823e5,turquoise,0,0,0,0,0,4,0,0,0,0,0,4,0,0,0,0,0,0,0,0
gb,550fe240823e5,white,0,0,0,2,0,4,0,0,0,0,0,0,0,0,4,0,0,0,2,0
gb,550fe240823e5,yellow,0,0,0,0,0,0,0,0,0,0,0,0,5,0,2,0,0,0,0,0
gb,55103d527c543,black,0,0,0,0,0,4,0,0,0,0,0,0,0,0,0,4,0,0,3,0
gb,55103d527c543,blue,0,0,0,0,0,5,0,0,0,0,0,4,0,0,0,0,0,4,0,0
gb,55103d527c543,brown,0,0,0,0,0,0,0,0,0,0,0,0,0,0,0,0,0,0,0,0
gb,55103d527c543,green,0,0,0,0,0,3,0,0,0,0,0,3,0,3,3,0,0,0,0,0
gb,55103d527c543,grey,0,0,0,3,0,3,0,0,0,0,0,0,0,0,0,0,0,0,0,0
gb,55103d527c543,orange,0,4,0,0,0,0,0,0,0,0,0,0,4,0,0,0,0,0,0,0
gb,55103d527c543,pink,0,0,0,0,0,3,0,0,0,0,0,0,0,4,4,4,0,0,0,0
gb,55103d527c543,purple,4,0,0,0,0,4,0,0,0,0,0,0,0,0,4,4,0,4,0,0
gb,55103d527c543,red,0,0,3,0,0,0,0,0,0,4,0,0,0,5,0,0,0,0,0,0
gb,55103d527c543,turquoise,0,4,0,0,0,0,0,0,0,0,0,0,0,0,4,0,0,0,0,0
gb,55103d527c543,white,0,0,0,0,0,3,0,0,0,0,0,0,0,0,0,0,0,0,0,0
gb,55103d527c543,yellow,0,4,0,0,0,0,0,0,0,0,0,0,4,0,0,0,0,0,0,0
gb,5510425395f6f,black,0,0,0,0,0,0,2,0,0,0,0,0,0,0,0,0,0,0,0,0
gb,5510425395f6f,blue,2,0,0,0,0,0,0,0,0,0,0,2,0,0,0,0,0,0,0,0
gb,5510425395f6f,brown,0,0,0,0,0,0,0,0,0,0,0,0,0,0,0,0,1,0,0,0
gb,5510425395f6f,green,1,0,0,4,0,0,0,0,0,0,0,0,1,0,0,0,0,0,0,0
gb,5510425395f6f,grey,0,0,0,0,0,0,3,0,0,0,0,0,0,0,0,0,3,0,4,0
gb,5510425395f6f,orange,0,4,0,4,0,0,0,0,0,0,0,0,3,3,3,0,0,0,0,0
gb,5510425395f6f,pink,0,0,0,0,0,1,0,0,0,0,0,0,1,4,1,0,0,0,0,0
gb,5510425395f6f,purple,0,0,0,0,0,0,0,0,0,0,0,0,0,4,3,0,0,0,0,0
gb,5510425395f6f,red,0,0,2,4,0,0,0,0,0,0,0,0,0,4,4,0,0,0,0,0
gb,5510425395f6f,turquoise,3,0,0,3,0,0,0,0,0,0,0,2,0,0,0,0,0,0,0,0
gb,5510425395f6f,white,0,0,0,0,0,4,0,0,0,0,0,0,1,0,1,3,0,0,0,0
gb,5510425395f6f,yellow,0,4,0,0,0,0,0,0,0,0,0,2,4,0,4,0,0,0,0,0
gb,551047c3da7db,black,0,0,5,0,0,0,0,0,0,0,5,0,0,0,0,0,0,0,0,0
gb,551047c3da7db,blue,0,0,0,0,0,0,0,0,0,0,0,4,0,0,3,0,0,0,0,0
gb,551047c3da7db,brown,0,0,0,0,4,0,0,0,5,0,0,0,0,0,0,0,0,0,0,0
gb,551047c3da7db,green,0,0,0,0,0,0,0,0,0,0,0,0,0,0,0,0,0,0,3,3
gb,551047c3da7db,grey,0,0,0,0,0,0,0,0,0,0,0,0,0,0,0,0,0,3,5,0
gb,551047c3da7db,orange,0,5,0,5,0,0,0,0,0,0,0,0,5,0,5,0,0,0,0,0
gb,551047c3da7db,pink,0,0,0,0,0,0,0,0,0,0,0,5,0,5,0,5,0,0,0,0
gb,551047c3da7db,purple,0,5,0,0,0,0,0,0,0,0,0,5,5,0,5,0,0,0,0,0
gb,551047c3da7db,red,0,0,5,0,0,0,0,0,0,5,0,0,0,0,0,0,5,0,0,0
gb,551047c3da7db,turquoise,0,5,0,0,0,5,0,0,0,0,0,5,0,0,0,0,0,0,0,0
gb,551047c3da7db,white,0,0,0,0,0,0,0,0,0,0,0,0,0,0,0,0,0,0,0,0
gb,551047c3da7db,yellow,0,5,0,0,0,0,0,0,0,0,0,5,5,0,0,0,0,0,0,0
gb,5514154240de1,black,0,0,0,0,0,0,0,0,0,0,0,0,0,0,0,0,0,0,4,0
gb,5514154240de1,blue,0,0,0,0,0,0,0,0,0,0,0,3,0,0,0,0,0,0,0,0
gb,5514154240de1,brown,0,0,0,0,0,0,3,0,0,0,0,0,0,0,0,0,0,0,0,0
gb,5514154240de1,green,0,0,0,0,0,0,0,0,0,0,0,5,0,0,0,0,0,0,0,0
gb,5514154240de1,grey,0,0,0,0,0,0,4,0,0,0,0,0,0,0,0,0,0,0,0,0
gb,5514154240de1,orange,0,4,0,0,0,0,0,0,0,0,0,0,0,0,0,0,0,0,0,0
gb,5514154240de1,pink,0,0,0,0,0,0,0,0,0,0,0,0,0,2,0,0,0,0,0,0
gb,5514154240de1,purple,3,0,0,0,0,0,0,0,0,0,0,0,0,0,0,0,0,0,0,0
gb,5514154240de1,red,0,0,5,0,0,0,0,0,0,0,0,0,0,0,0,0,0,0,0,0
gb,5514154240de1,turquoise,0,0,0,0,0,0,0,0,0,0,0,4,0,0,0,0,0,0,0,0
gb,5514154240de1,white,0,0,0,0,0,0,0,0,0,0,0,0,0,0,0,0,0,0,0,0
gb,5514154240de1,yellow,0,0,0,0,0,0,0,0,2,0,0,0,0,0,0,0,0,0,0,0
gb,5543997fc7b28,black,0,0,0,0,0,5,0,0,0,1,0,0,0,5,5,0,0,5,2,0
gb,5543997fc7b28,blue,0,0,0,0,0,0,0,0,0,0,0,4,0,0,0,5,0,4,5,0
gb,5543997fc7b28,brown,0,0,0,0,0,0,2,4,0,0,0,0,0,0,0,0,0,0,0,2
gb,5543997fc7b28,green,0,0,0,1,0,0,0,2,0,0,0,0,2,0,0,0,0,0,0,0
gb,5543997fc7b28,grey,0,0,0,0,0,0,4,0,4,4,0,0,0,0,0,0,5,0,0,4
gb,5543997fc7b28,orange,0,0,0,0,0,0,0,0,0,0,0,0,0,0,0,0,0,0,0,0
gb,5543997fc7b28,pink,0,2,0,0,0,0,0,0,0,0,0,0,3,5,3,0,0,0,0,0
gb,5543997fc7b28,purple,0,0,0,0,0,0,0,0,0,0,0,0,0,5,5,3,0,0,0,0
gb,5543997fc7b28,red,0,0,3,0,0,0,0,0,0,0,3,0,0,5,0,0,0,0,0,0
gb,5543997fc7b28,turquoise,0,0,0,0,0,3,0,0,0,0,0,3,0,0,0,0,0,3,0,0
gb,5543997fc7b28,white,0,0,0,0,0,0,0,0,0,0,0,0,0,0,0,0,0,4,0,0
gb,5543997fc7b28,yellow,0,0,0,0,0,0,0,0,0,0,0,0,0,0,0,0,0,0,0,0
gb,5544b77abc9cd,black,0,0,0,0,0,0,4,0,0,0,0,0,0,0,0,0,0,0,4,0
gb,5544b77abc9cd,blue,0,0,0,0,0,0,0,0,0,0,0,0,0,0,0,0,0,0,4,0
gb,5544b77abc9cd,brown,0,0,0,0,0,0,0,0,0,0,0,0,0,0,0,0,0,0,4,0
gb,5544b77abc9cd,green,0,0,0,0,0,5,0,0,0,0,0,0,0,0,0,0,0,0,0,0
gb,5544b77abc9cd,grey,0,0,0,0,0,3,4,0,0,0,0,0,0,0,0,0,0,0,4,0
gb,5544b77abc9cd,orange,0,4,0,0,0,0,0,0,0,0,0,0,0,0,4,0,0,0,0,0
gb,5544b77abc9cd,pink,4,0,0,0,0,0,0,0,0,0,0,0,4,5,0,0,0,0,0,0
gb,5544b77abc9cd,purple,0,0,0,0,0,0,0,0,0,0,0,0,0,0,5,5,0,0,0,0
gb,5544b77abc9cd,red,0,0,5,0,0,0,0,0,0,0,0,0,5,0,0,5,0,0,0,0
gb,5544b77abc9cd,turquoise,0,0,0,0,0,0,0,0,0,0,0,0,0,0,0,0,0,0,0,0
gb,5544b77abc9cd,white,0,0,0,0,0,0,0,0,0,0,0,0,0,0,0,0,0,0,0,0
gb,5544b77abc9cd,yellow,0,0,0,0,0,0,0,0,0,0,0,0,5,0,4,0,0,0,0,0
gb,554f81461987c,black,0,0,0,0,4,0,4,2,3,0,4,0,0,0,0,0,4,0,4,4
gb,554f81461987c,blue,0,0,0,0,0,3,0,0,0,0,0,0,0,0,0,4,3,0,5,0
gb,554f81461987c,brown,0,0,5,0,5,0,5,5,5,5,5,0,0,0,0,0,5,0,5,5
gb,554f81461987c,green,0,1,0,3,0,2,0,0,0,0,0,1,1,0,1,0,0,2,0,0
gb,554f81461987c,grey,0,0,0,0,0,0,3,2,3,3,0,0,0,0,0,0,3,0,4,3
gb,554f81461987c,orange,0,3,0,0,0,3,0,0,0,0,0,3,3,0,3,0,0,0,0,0
gb,554f81461987c,pink,4,3,3,3,0,4,0,0,0,0,0,3,4,4,4,0,0,3,0,3
gb,554f81461987c,purple,0,2,0,0,0,0,0,0,0,0,0,0,0,0,0,0,0,0,0,0
gb,554f81461987c,red,0,5,5,0,0,0,5,0,0,5,5,5,5,5,5,5,5,0,0,5
gb,554f81461987c,turquoise,0,3,0,0,0,4,0,0,0,0,0,3,3,0,4,0,0,0,0,0
gb,554f81461987c,white,0,0,0,0,0,4,0,0,0,0,0,0,4,0,3,0,0,4,0,0
gb,554f81461987c,yellow,0,3,0,0,0,3,0,0,0,0,0,3,0,0,0,0,0,3,0,0
gb,5550a5bb0afd3,black,0,0,0,0,0,0,0,0,4,0,0,0,0,0,0,0,0,0,0,0
gb,5550a5bb0afd3,blue,0,0,0,3,0,0,0,0,0,0,0,0,0,0,0,5,0,0,0,0
gb,5550a5bb0afd3,brown,0,0,0,0,0,4,0,0,0,0,0,0,0,0,0,0,0,0,0,0
gb,5550a5bb0afd3,green,0,0,0,0,0,5,0,0,0,5,0,0,0,0,0,0,0,0,0,0
gb,5550a5bb0afd3,grey,0,0,0,0,0,0,0,0,0,0,0,0,0,0,0,0,0,0,5,0
gb,5550a5bb0afd3,orange,0,5,0,0,0,0,0,0,0,0,0,0,0,0,0,0,0,0,0,0
gb,5550a5bb0afd3,pink,0,0,0,0,0,0,0,0,0,0,0,0,0,5,0,0,0,0,0,0
gb,5550a5bb0afd3,purple,0,0,0,0,0,0,0,0,0,0,0,0,0,0,0,0,0,0,0,0
gb,5550a5bb0afd3,red,0,0,5,0,0,0,0,0,0,0,3,0,0,0,0,0,0,0,0,0
gb,5550a5bb0afd3,turquoise,0,0,0,0,0,0,0,0,0,0,0,0,0,0,0,0,0,0,0,0
gb,5550a5bb0afd3,white,0,0,0,0,0,0,0,0,0,0,0,0,0,0,0,0,0,4,0,0
gb,5550a5bb0afd3,yellow,0,0,0,0,0,0,0,0,0,0,0,0,5,0,4,0,0,0,0,0
gb,555f07a6a91f0,black,0,0,5,0,5,0,3,5,5,2,5,0,0,0,0,0,4,0,1,3
gb,555f07a6a91f0,blue,0,0,0,4,0,4,0,0,0,2,0,3,0,3,0,4,2,0,5,0
gb,555f07a6a91f0,brown,0,0,0,0,0,0,2,4,0,1,0,0,0,0,0,0,2,0,0,2
gb,555f07a6a91f0,green,3,0,0,0,3,4,0,3,0,0,3,4,4,0,4,0,0,4,0,0
gb,555f07a6a91f0,grey,0,0,0,0,0,0,2,2,2,5,0,0,0,0,0,0,4,0,5,4
gb,555f07a6a91f0,orange,0,5,0,0,0,0,0,0,0,0,0,5,0,0,5,0,0,0,0,0
gb,555f07a6a91f0,pink,3,4,0,0,2,4,0,3,0,0,2,0,3,3,4,3,4,0,0,4
gb,555f07a6a91f0,purple,0,0,3,0,3,0,4,4,3,0,0,0,0,0,0,0,2,0,4,3
gb,555f07a6a91f0,red,0,0,5,0,4,0,0,2,2,0,5,5,5,5,5,0,2,0,0,4
gb,555f07a6a91f0,turquoise,0,2,0,2,0,2,0,0,0,0,0,2,0,0,0,3,2,3,0,2
gb,555f07a6a91f0,white,0,0,0,5,0,5,0,0,0,4,0,0,0,5,0,0,4,5,4,4
gb,555f07a6a91f0,yellow,0,4,4,3,5,0,0,5,3,2,4,0,4,0,4,4,2,0,0,2
gb,555f1181b5a93,black,0,0,0,0,0,0,0,0,0,0,0,0,0,0,0,0,0,0,0,0
gb,555f1181b5a93,blue,2,0,0,0,0,0,0,0,0,0,0,0,0,0,0,0,0,0,0,0
gb,555f1181b5a93,brown,0,0,0,0,0,3,0,0,0,0,0,0,0,0,0,0,0,0,0,0
gb,555f1181b5a93,green,0,0,0,0,0,2,0,0,0,0,0,0,0,0,0,0,0,0,0,0
gb,555f1181b5a93,grey,0,0,0,0,0,0,1,0,0,0,0,0,0,0,0,0,0,0,0,0
gb,555f1181b5a93,orange,0,4,0,0,0,0,0,0,0,0,0,0,0,0,0,0,0,0,0,0
gb,555f1181b5a93,pink,0,0,0,0,0,3,0,0,0,0,0,0,0,0,0,0,0,0,0,0
gb,555f1181b5a93,purple,0,0,0,0,0,0,0,0,0,2,0,0,0,0,0,0,0,0,0,0
gb,555f1181b5a93,red,0,0,3,0,0,0,0,0,0,0,0,0,0,0,0,0,0,0,0,0
gb,555f1181b5a93,turquoise,0,0,0,0,0,0,0,0,0,0,0,0,3,0,0,0,0,0,0,0
gb,555f1181b5a93,white,0,0,0,0,0,0,0,0,0,0,0,0,0,0,0,0,0,0,0,0
gb,555f1181b5a93,yellow,0,0,0,0,0,0,0,0,0,0,0,0,3,0,0,0,0,0,0,0
gb,5.56E+12,black,0,0,4,0,0,0,0,0,0,0,0,0,0,0,0,0,4,0,5,3
gb,5.56E+12,blue,0,0,0,0,0,3,3,0,0,2,0,0,0,0,0,0,0,0,0,0
gb,5.56E+12,brown,0,0,0,0,0,0,3,0,0,0,0,0,0,0,0,0,0,0,0,0
gb,5.56E+12,green,0,0,0,0,0,0,0,0,0,0,0,3,4,0,0,0,2,3,0,0
gb,5.56E+12,grey,0,0,2,0,0,0,4,0,4,0,0,0,0,0,0,0,0,0,4,0
gb,5.56E+12,orange,0,4,0,0,0,0,0,0,0,0,0,0,0,0,3,0,0,4,0,0
gb,5.56E+12,pink,0,3,0,0,0,0,0,0,0,0,0,0,0,4,5,3,0,0,0,0
gb,5.56E+12,purple,0,0,0,0,0,0,0,0,0,0,0,0,0,0,4,0,0,0,0,0
gb,5.56E+12,red,0,0,4,3,0,0,0,0,3,0,0,0,0,4,0,0,0,0,0,3
gb,5.56E+12,turquoise,0,0,0,0,0,0,0,0,0,0,0,0,4,0,0,0,0,0,0,0
gb,5.56E+12,white,0,0,0,0,0,0,0,0,0,0,0,0,0,0,0,0,0,0,0,0
gb,5.56E+12,yellow,0,4,0,0,0,4,0,0,0,0,0,0,0,0,0,0,0,3,0,0
gb,5560530f56a7c,black,0,0,0,0,0,0,4,0,4,0,4,0,0,0,0,0,3,0,4,0
gb,5560530f56a7c,blue,0,0,0,4,0,5,0,0,0,0,0,4,0,0,0,4,4,4,4,0
gb,5560530f56a7c,brown,0,0,0,0,2,0,3,2,0,0,0,3,0,0,0,2,2,2,2,0
gb,5560530f56a7c,green,3,4,2,0,0,4,0,3,0,2,0,4,4,0,0,0,0,2,0,2
gb,5560530f56a7c,grey,0,0,0,0,0,2,5,0,0,0,0,0,0,0,0,0,4,0,4,2
gb,5560530f56a7c,orange,3,4,0,0,0,0,0,0,0,0,0,0,4,0,3,0,0,2,0,0
gb,5560530f56a7c,pink,0,4,0,2,0,0,0,0,0,0,0,0,4,3,4,0,0,0,0,3
gb,5560530f56a7c,purple,4,4,0,4,0,4,0,0,0,0,0,4,4,4,4,0,0,4,0,0
gb,5560530f56a7c,red,0,0,5,0,0,4,0,0,0,0,4,0,3,5,4,0,0,0,0,0
gb,5560530f56a7c,turquoise,3,0,0,0,0,3,0,0,0,0,0,0,0,0,0,0,0,0,0,0
gb,5560530f56a7c,white,4,0,0,0,0,0,0,0,0,0,0,4,0,4,0,0,4,4,0,0
gb,5560530f56a7c,yellow,3,4,0,0,2,0,0,3,0,0,0,0,4,0,4,0,0,0,0,0
gb,55610fd594623,black,0,0,0,0,4,0,0,2,0,5,0,0,0,0,0,0,0,0,3,0
gb,55610fd594623,blue,0,0,0,3,0,0,0,0,0,0,0,5,0,0,0,0,0,0,2,0
gb,55610fd594623,brown,0,0,0,0,0,0,0,0,0,0,0,0,0,0,0,0,0,0,0,0
gb,55610fd594623,green,0,5,0,0,0,0,0,0,0,0,0,0,0,0,0,4,0,3,0,0
gb,55610fd594623,grey,0,0,0,0,0,0,0,0,0,0,0,0,0,0,0,0,0,0,0,0
gb,55610fd594623,orange,0,0,0,0,0,5,0,0,0,0,0,0,0,0,0,3,0,0,0,0
gb,55610fd594623,pink,0,0,0,3,0,0,0,0,0,0,0,0,0,3,2,0,0,0,0,0
gb,55610fd594623,purple,5,0,4,0,0,0,0,0,0,0,0,0,0,0,0,0,0,3,0,0
gb,55610fd594623,red,3,0,0,0,0,3,0,0,3,0,0,0,0,4,0,2,0,0,0,0
gb,55610fd594623,turquoise,0,0,0,0,0,0,0,0,0,0,0,4,0,0,0,0,0,0,0,0
gb,55610fd594623,white,0,0,0,0,0,0,0,0,5,0,0,0,0,0,0,0,4,0,0,3
gb,55610fd594623,yellow,0,0,0,0,0,2,0,0,0,0,0,0,0,0,0,0,0,0,0,4
gb,55623165348f3,black,0,0,0,0,0,0,0,0,3,0,0,0,0,0,0,0,0,0,5,4
gb,55623165348f3,blue,0,4,0,0,0,5,0,0,0,0,0,4,0,3,4,0,0,4,0,0
gb,55623165348f3,brown,0,0,0,0,0,0,0,3,0,0,0,2,0,0,0,0,0,0,0,2
gb,55623165348f3,green,0,4,0,0,0,4,0,0,0,0,0,3,0,0,0,0,0,0,0,0
gb,55623165348f3,grey,0,0,0,0,0,0,4,1,0,0,0,0,0,0,0,0,0,0,0,3
gb,55623165348f3,orange,0,0,4,0,0,0,0,0,0,0,0,0,4,0,0,0,0,0,0,0
gb,55623165348f3,pink,4,0,0,0,0,0,3,4,0,0,4,0,4,3,4,0,0,0,0,0
gb,55623165348f3,purple,0,0,0,0,0,3,0,0,0,0,0,0,4,0,0,0,0,4,0,0
gb,55623165348f3,red,0,0,3,4,0,0,0,0,0,0,0,0,0,4,4,3,3,0,0,0
gb,55623165348f3,turquoise,0,0,0,0,0,0,0,0,0,0,0,0,0,0,0,0,0,5,0,0
gb,55623165348f3,white,0,0,0,0,0,2,0,0,0,0,1,0,0,3,0,0,3,3,0,0
gb,55623165348f3,yellow,0,0,3,0,0,0,0,0,0,0,0,0,4,0,4,4,0,4,0,0
gb,5562cc5403dfe,black,0,0,0,0,0,0,4,0,0,3,0,5,0,0,0,0,3,5,0,0
gb,5562cc5403dfe,blue,0,0,4,0,4,0,0,0,0,0,0,0,0,0,0,0,0,0,0,0
gb,5562cc5403dfe,brown,5,0,0,0,0,0,0,0,0,3,0,5,0,0,0,0,0,0,4,0
gb,5562cc5403dfe,green,0,0,0,0,4,0,0,0,0,0,0,0,0,0,0,0,0,0,0,0
gb,5562cc5403dfe,grey,0,0,0,0,0,0,0,4,4,5,0,0,0,0,0,0,5,0,0,5
gb,5562cc5403dfe,orange,0,0,0,0,0,0,0,0,0,0,0,0,5,0,0,0,0,0,0,0
gb,5562cc5403dfe,pink,0,0,0,0,0,0,0,0,0,0,0,0,0,3,3,3,0,0,0,0
gb,5562cc5403dfe,purple,0,5,0,0,0,0,0,0,0,0,0,5,0,3,4,0,0,0,0,0
gb,5562cc5403dfe,red,5,4,0,0,0,0,0,0,0,0,0,0,0,5,5,0,0,0,0,0
gb,5562cc5403dfe,turquoise,0,0,0,0,0,0,0,0,0,0,0,0,0,0,0,0,0,0,0,0
gb,5562cc5403dfe,white,0,0,0,0,0,0,0,0,0,0,0,0,0,0,0,0,0,0,0,0
gb,5562cc5403dfe,yellow,0,0,0,0,0,0,0,5,0,0,0,0,0,0,0,0,0,0,0,0
gb,5562d1da334d2,black,0,0,0,0,3,0,0,0,0,0,0,0,0,0,0,0,0,0,0,0
gb,5562d1da334d2,blue,0,0,0,0,0,0,0,0,0,0,0,4,0,0,0,0,0,0,0,0
gb,5562d1da334d2,brown,0,0,0,0,0,0,0,0,0,0,0,0,0,0,0,0,0,0,0,0
gb,5562d1da334d2,green,0,0,0,0,0,0,0,0,0,0,0,0,0,0,4,0,0,0,0,0
gb,5562d1da334d2,grey,0,0,0,0,0,0,0,3,0,0,0,0,0,0,0,0,0,0,0,0
gb,5562d1da334d2,orange,0,0,0,0,0,0,0,0,0,0,0,4,0,0,0,0,0,0,0,0
gb,5562d1da334d2,pink,0,4,0,0,0,0,0,0,0,0,0,0,0,0,0,0,0,0,0,0
gb,5562d1da334d2,purple,0,0,0,0,0,0,0,0,0,0,0,0,0,0,5,0,0,0,0,0
gb,5562d1da334d2,red,0,0,0,0,0,0,0,0,0,0,0,0,0,0,0,4,0,0,0,0
gb,5562d1da334d2,turquoise,0,0,0,0,0,0,0,0,0,0,0,0,0,0,0,0,0,3,0,0
gb,5562d1da334d2,white,0,0,0,4,0,0,0,0,0,0,0,0,0,0,0,0,0,0,0,0
gb,5562d1da334d2,yellow,0,0,0,0,0,0,0,0,0,0,0,0,4,0,0,0,0,0,0,0
gb,5562d2a08a074,black,0,0,0,0,0,0,5,0,4,3,0,0,0,0,0,0,0,0,0,4
gb,5562d2a08a074,blue,0,0,0,0,0,5,0,0,0,0,0,4,0,0,0,0,0,0,0,0
gb,5562d2a08a074,brown,0,0,0,0,0,0,3,0,0,0,0,0,0,0,0,0,0,0,3,0
gb,5562d2a08a074,green,4,0,0,4,0,4,0,0,0,0,0,0,0,3,0,0,0,0,0,0
gb,5562d2a08a074,grey,0,0,0,0,0,0,2,0,0,0,0,0,0,0,0,0,3,0,0,3
gb,5562d2a08a074,orange,0,5,0,3,0,0,0,0,0,0,0,0,0,0,0,0,0,0,0,0
gb,5562d2a08a074,pink,4,0,0,0,0,0,0,0,0,0,0,0,0,5,0,0,0,0,0,0
gb,5562d2a08a074,purple,0,0,0,0,0,0,0,0,0,3,0,0,0,0,0,5,0,0,0,0
gb,5562d2a08a074,red,0,0,5,0,3,0,0,0,0,0,4,0,0,4,0,0,0,0,0,0
gb,5562d2a08a074,turquoise,0,0,0,0,0,0,0,0,0,0,0,0,0,0,3,4,0,0,0,0
gb,5562d2a08a074,white,0,0,0,0,0,4,0,0,0,0,0,0,0,0,0,0,0,0,0,0
gb,5562d2a08a074,yellow,0,4,0,0,0,0,0,0,0,0,0,4,5,0,0,0,0,0,0,0
gb,5562d873231e1,black,0,0,0,0,4,0,0,0,0,3,4,0,0,0,0,0,0,0,3,0
gb,5562d873231e1,blue,3,0,0,0,0,0,0,0,0,0,0,0,0,0,0,4,0,0,0,0
gb,5562d873231e1,brown,0,0,0,4,0,3,0,0,0,0,0,4,0,0,0,0,0,0,0,0
gb,5562d873231e1,green,0,0,0,0,0,3,0,0,0,0,0,0,0,0,0,0,0,0,0,0
gb,5562d873231e1,grey,0,0,0,0,0,0,4,0,4,3,0,0,0,0,0,0,3,0,0,5
gb,5562d873231e1,orange,0,3,0,0,0,0,0,0,0,0,0,0,4,0,0,0,0,0,0,0
gb,5562d873231e1,pink,0,3,0,0,0,0,0,0,0,0,0,0,0,5,5,0,0,0,0,0
gb,5562d873231e1,purple,0,4,0,0,0,0,0,0,0,0,0,5,0,0,4,0,0,0,0,0
gb,5562d873231e1,red,0,0,5,0,0,0,0,0,0,0,0,0,0,5,0,0,0,0,0,0
gb,5562d873231e1,turquoise,0,0,0,0,5,0,0,0,0,0,0,0,0,0,0,0,0,0,0,0
gb,5562d873231e1,white,0,0,3,0,0,0,0,0,0,0,0,0,0,0,0,0,0,0,0,0
gb,5562d873231e1,yellow,0,0,0,0,0,0,0,0,0,0,0,0,4,0,4,0,0,0,0,0
gb,5562de7186116,black,0,0,0,0,0,0,0,0,0,0,0,0,0,0,0,0,0,0,5,0
gb,5562de7186116,blue,5,0,0,0,0,0,0,0,0,0,0,0,0,0,0,0,0,0,0,0
gb,5562de7186116,brown,0,0,0,0,0,0,0,0,0,0,0,0,0,0,0,0,0,0,0,5
gb,5562de7186116,green,0,0,0,0,0,0,0,0,0,0,0,5,0,0,0,0,0,0,0,0
gb,5562de7186116,grey,0,0,0,0,0,0,5,0,0,0,0,0,0,0,0,0,0,0,0,0
gb,5562de7186116,orange,0,5,0,0,0,0,0,0,0,0,0,0,0,0,0,0,0,0,0,0
gb,5562de7186116,pink,0,0,0,0,0,5,0,0,0,0,0,0,0,0,0,0,0,0,0,0
gb,5562de7186116,purple,0,0,0,0,0,0,0,0,0,5,0,0,0,0,0,0,0,0,0,0
gb,5562de7186116,red,5,0,0,0,0,0,0,0,0,0,0,0,0,0,0,0,0,0,0,0
gb,5562de7186116,turquoise,0,5,0,0,0,0,0,0,0,0,0,0,0,0,0,0,0,0,0,0
gb,5562de7186116,white,0,0,0,0,0,0,0,0,0,0,0,0,0,5,0,0,0,0,0,0
gb,5562de7186116,yellow,0,0,0,0,0,0,0,0,0,0,0,0,0,0,0,0,0,5,0,0
gb,5562e06d9c59d,black,0,0,0,0,0,0,0,0,0,0,0,0,0,0,0,0,0,0,5,0
gb,5562e06d9c59d,blue,0,0,0,0,0,0,0,0,0,0,0,0,5,0,0,0,0,0,0,0
gb,5562e06d9c59d,brown,0,0,0,0,0,0,4,0,0,0,0,0,0,0,0,0,0,0,0,0
gb,5562e06d9c59d,green,0,0,0,0,0,5,0,0,0,0,0,0,0,0,0,0,0,0,0,0
gb,5562e06d9c59d,grey,0,0,0,0,0,0,5,0,0,0,0,0,0,0,0,0,0,0,0,0
gb,5562e06d9c59d,orange,0,0,0,0,0,0,0,0,0,0,0,0,0,0,0,0,4,0,0,0
gb,5562e06d9c59d,pink,0,0,0,0,4,0,0,0,0,0,0,0,0,0,0,0,0,0,0,0
gb,5562e06d9c59d,purple,0,0,0,0,0,0,0,0,0,0,0,0,0,0,0,2,0,0,0,0
gb,5562e06d9c59d,red,0,0,0,0,0,0,0,0,0,0,0,0,5,0,0,0,0,0,0,0
gb,5562e06d9c59d,turquoise,0,0,0,0,0,0,0,0,0,0,0,0,5,0,0,0,0,0,0,0
gb,5562e06d9c59d,white,0,0,0,0,0,0,0,0,0,0,0,0,0,0,0,0,0,0,0,0
gb,5562e06d9c59d,yellow,0,0,0,0,0,0,0,0,0,0,0,0,0,0,4,0,0,0,0,0
gb,5562e7a536d46,black,0,0,0,0,0,0,0,0,5,0,0,0,0,0,0,0,0,0,0,0
gb,5562e7a536d46,blue,0,0,0,0,0,0,0,0,0,0,0,0,0,0,0,0,0,0,0,0
gb,5562e7a536d46,brown,0,0,0,0,0,0,0,3,0,0,0,0,0,0,0,0,0,0,0,0
gb,5562e7a536d46,green,0,0,0,0,0,0,0,0,0,0,0,0,0,0,0,0,0,0,0,0
gb,5562e7a536d46,grey,0,0,0,0,0,0,0,0,0,0,0,0,0,0,0,0,0,0,3,0
gb,5562e7a536d46,orange,0,3,0,0,0,0,0,0,0,0,0,0,0,0,0,0,0,0,0,0
gb,5562e7a536d46,pink,0,4,0,0,0,0,0,0,0,0,0,0,0,0,0,0,0,0,0,0
gb,5562e7a536d46,purple,0,0,0,0,0,0,0,0,0,0,0,0,0,0,0,4,0,0,0,0
gb,5562e7a536d46,red,0,0,4,0,0,0,0,0,0,0,0,0,0,0,0,0,0,0,0,0
gb,5562e7a536d46,turquoise,0,0,0,0,0,0,0,0,0,0,0,0,0,0,5,0,0,0,0,0
gb,5562e7a536d46,white,0,0,0,4,0,0,0,0,0,0,0,0,0,0,0,0,0,0,0,0
gb,5562e7a536d46,yellow,0,4,0,0,0,0,0,0,0,0,0,0,0,0,0,0,0,0,0,0
gb,5562eb297a924,black,0,0,0,0,2,0,0,3,5,4,5,0,0,0,0,0,0,0,4,3
gb,5562eb297a924,blue,0,0,0,0,0,0,5,0,0,0,0,4,0,0,0,0,0,4,0,0
gb,5562eb297a924,brown,0,0,0,0,0,0,0,4,0,0,0,0,0,0,0,0,0,0,0,0
gb,5562eb297a924,green,0,0,0,4,0,0,0,0,0,0,0,4,0,0,3,0,0,0,0,0
gb,5562eb297a924,grey,0,0,0,0,0,0,5,0,0,0,0,0,0,0,0,0,0,0,5,5
gb,5562eb297a924,orange,4,0,0,4,0,5,0,0,0,0,0,4,5,3,5,0,0,4,0,0
gb,5562eb297a924,pink,3,0,0,5,0,5,0,0,0,0,0,0,0,4,5,0,0,0,0,0
gb,5562eb297a924,purple,3,0,0,0,0,0,0,0,0,0,0,0,0,0,3,0,0,0,0,0
gb,5562eb297a924,red,4,0,5,0,0,0,0,0,0,0,5,0,0,5,4,0,0,0,0,0
gb,5562eb297a924,turquoise,0,0,0,0,0,0,0,0,0,0,0,0,3,0,3,0,0,2,0,0
gb,5562eb297a924,white,5,0,5,4,0,4,0,0,0,0,4,5,3,4,4,0,3,5,4,0
gb,5562eb297a924,yellow,0,0,0,4,0,4,0,0,0,0,0,4,0,0,0,0,0,0,0,0
gb,5562eb7a5152b,black,0,0,5,0,0,0,0,0,5,0,0,0,0,0,0,0,0,0,3,0
gb,5562eb7a5152b,blue,0,0,0,0,0,4,0,0,0,0,0,0,0,0,0,0,0,4,0,0
gb,5562eb7a5152b,brown,0,0,0,0,0,4,0,0,0,0,0,0,0,0,0,0,0,0,0,0
gb,5562eb7a5152b,green,0,0,0,0,0,0,0,0,0,0,0,0,0,0,0,0,0,0,0,3
gb,5562eb7a5152b,grey,0,0,0,0,0,0,4,0,0,0,0,0,0,0,0,0,0,0,0,0
gb,5562eb7a5152b,orange,0,0,0,0,0,0,0,0,0,0,0,0,5,0,4,0,0,0,0,0
gb,5562eb7a5152b,pink,0,3,0,0,0,0,0,0,0,0,0,0,0,0,0,0,0,3,0,0
gb,5562eb7a5152b,purple,0,0,0,0,0,0,0,0,0,0,0,0,0,0,0,0,0,0,3,3
gb,5562eb7a5152b,red,0,0,2,0,0,0,0,0,0,0,0,0,4,4,0,0,0,0,0,0
gb,5562eb7a5152b,turquoise,0,0,0,0,0,0,0,0,0,0,0,0,0,0,4,0,0,0,0,0
gb,5562eb7a5152b,white,0,0,0,0,0,4,0,0,0,0,0,0,4,0,0,0,0,0,0,0
gb,5562eb7a5152b,yellow,0,0,0,0,0,0,0,0,0,0,0,0,5,4,0,0,0,0,0,0
gb,5562ef44c2f6e,black,0,0,0,0,0,0,0,0,0,0,0,0,0,0,0,4,0,0,5,0
gb,5562ef44c2f6e,blue,0,0,0,0,0,4,0,0,0,0,0,0,0,0,0,4,0,0,0,0
gb,5562ef44c2f6e,brown,0,0,0,0,0,0,0,0,0,0,0,0,0,0,0,0,0,0,0,0
gb,5562ef44c2f6e,green,0,0,0,0,0,5,0,0,0,0,0,0,0,0,0,0,0,0,0,0
gb,5562ef44c2f6e,grey,0,0,0,0,0,0,0,0,0,0,0,0,0,0,0,0,0,0,0,0
gb,5562ef44c2f6e,orange,0,0,0,0,0,0,0,0,0,0,0,0,0,0,5,0,0,0,0,0
gb,5562ef44c2f6e,pink,0,4,0,0,0,0,0,0,0,0,0,0,0,0,4,0,0,0,0,0
gb,5562ef44c2f6e,purple,0,0,0,0,0,0,0,0,0,0,0,0,0,0,0,0,4,0,4,0
gb,5562ef44c2f6e,red,0,0,0,0,0,0,0,0,0,0,0,0,0,0,0,0,0,0,0,0
gb,5562ef44c2f6e,turquoise,0,0,0,0,0,0,0,0,0,0,0,0,0,0,0,0,0,0,0,0
gb,5562ef44c2f6e,white,0,0,0,4,0,0,0,0,0,0,0,0,0,0,0,0,4,0,0,0
gb,5562ef44c2f6e,yellow,0,0,0,0,0,0,0,0,0,0,0,0,4,0,0,0,0,0,0,0
gb,5562f7a2e5da3,black,0,0,0,0,0,0,0,0,0,0,0,0,0,0,0,0,0,0,0,0
gb,5562f7a2e5da3,blue,0,0,0,0,0,0,0,0,0,0,0,0,0,0,4,0,0,0,0,0
gb,5562f7a2e5da3,brown,0,0,0,0,0,3,0,0,0,0,0,0,0,0,0,0,0,0,0,0
gb,5562f7a2e5da3,green,0,0,0,0,0,0,0,0,0,0,0,0,0,0,4,0,0,0,0,0
gb,5562f7a2e5da3,grey,0,0,0,0,0,0,0,0,0,0,0,0,0,0,0,0,0,0,3,0
gb,5562f7a2e5da3,orange,0,4,0,0,0,0,0,0,0,0,0,0,0,0,0,0,0,0,0,0
gb,5562f7a2e5da3,pink,0,0,0,0,4,0,0,0,0,0,0,0,0,0,0,0,0,0,0,0
gb,5562f7a2e5da3,purple,0,0,0,3,0,0,0,0,0,0,0,0,0,0,0,0,0,0,0,0
gb,5562f7a2e5da3,red,0,0,0,0,0,0,0,0,0,0,0,0,0,3,0,0,0,0,0,0
gb,5562f7a2e5da3,turquoise,0,0,0,0,0,0,0,0,0,0,0,0,0,0,0,0,0,0,0,0
gb,5562f7a2e5da3,white,0,0,0,0,0,0,0,0,0,0,0,0,0,0,0,0,0,3,0,0
gb,5562f7a2e5da3,yellow,0,0,0,0,0,0,0,0,0,0,0,0,2,0,0,0,0,0,0,0
gb,5563046ddf06e,black,0,0,0,0,0,0,0,0,0,5,0,0,0,0,0,0,2,0,4,4
gb,5563046ddf06e,blue,0,0,0,0,0,0,0,0,0,0,0,0,0,0,0,0,0,0,0,0
gb,5563046ddf06e,brown,0,0,0,0,4,0,0,4,0,0,0,0,0,0,0,0,0,0,0,0
gb,5563046ddf06e,green,0,0,0,0,0,0,0,0,0,0,0,0,0,0,0,0,0,4,0,0
gb,5563046ddf06e,grey,0,0,0,0,0,0,4,0,0,3,0,0,0,0,0,0,3,0,0,4
gb,5563046ddf06e,orange,0,0,0,0,0,0,0,0,0,0,0,0,5,0,0,0,0,0,0,0
gb,5563046ddf06e,pink,0,0,0,0,0,0,0,0,0,0,0,0,0,0,0,0,0,0,0,0
gb,5563046ddf06e,purple,0,0,0,0,0,0,0,0,0,0,0,0,4,0,4,4,0,0,0,0
gb,5563046ddf06e,red,0,0,5,0,0,0,0,0,0,0,0,0,0,5,0,0,0,0,0,0
gb,5563046ddf06e,turquoise,0,0,0,0,0,0,0,0,0,0,0,0,0,0,0,0,0,0,0,0
gb,5563046ddf06e,white,0,0,0,4,0,0,0,0,0,0,0,0,0,0,0,0,0,0,0,0
gb,5563046ddf06e,yellow,4,0,0,0,0,3,0,0,0,0,0,0,4,0,4,0,0,0,0,0
gb,556317082d963,black,0,0,0,0,0,0,0,5,0,0,0,0,0,0,0,0,0,0,0,0
gb,556317082d963,blue,0,0,0,0,0,4,0,0,0,0,0,0,0,0,0,0,0,0,0,0
gb,556317082d963,brown,0,0,0,0,0,0,0,0,0,0,0,0,0,0,0,0,4,0,0,0
gb,556317082d963,green,0,0,0,0,0,0,0,0,0,0,0,0,0,0,5,0,0,0,0,0
gb,556317082d963,grey,0,0,0,0,0,0,0,0,0,0,0,0,0,0,0,0,0,0,0,0
gb,556317082d963,orange,0,0,0,0,4,0,0,0,0,0,0,0,0,0,0,0,0,0,0,0
gb,556317082d963,pink,0,5,0,0,0,0,0,0,0,0,0,0,0,0,0,0,0,0,0,0
gb,556317082d963,purple,0,5,0,0,0,0,0,0,0,0,0,0,0,0,0,0,0,0,0,0
gb,556317082d963,red,0,0,0,0,0,0,0,0,0,0,5,0,0,0,0,0,0,0,0,0
gb,556317082d963,turquoise,0,0,0,0,0,0,0,0,0,0,0,0,0,5,0,0,0,0,0,0
gb,556317082d963,white,0,0,0,0,0,0,0,0,0,0,0,0,0,0,0,0,0,0,0,0
gb,556317082d963,yellow,0,0,0,0,0,0,0,0,0,4,0,0,0,0,0,0,0,0,0,0
gb,556323b773210,black,0,0,0,0,0,0,0,0,0,0,0,4,0,0,0,0,0,0,3,0
gb,556323b773210,blue,0,0,0,0,0,4,0,0,0,0,0,0,3,0,5,0,0,0,0,0
gb,556323b773210,brown,0,0,0,0,0,0,3,0,0,0,0,0,0,0,0,0,0,0,0,0
gb,556323b773210,green,0,0,0,3,0,0,0,0,0,0,0,0,0,0,0,0,0,4,0,0
gb,556323b773210,grey,0,0,0,0,0,0,0,0,0,0,0,0,0,0,0,0,0,0,3,0
gb,556323b773210,orange,0,3,0,0,0,0,0,0,0,0,0,0,4,0,0,0,0,0,0,0
gb,556323b773210,pink,4,0,0,0,0,0,0,0,0,0,0,0,0,0,3,0,0,0,0,0
gb,556323b773210,purple,0,0,0,5,0,0,0,0,0,0,0,0,0,3,0,0,0,0,0,0
gb,556323b773210,red,0,0,0,0,0,0,0,0,0,0,3,0,0,4,0,0,0,0,0,0
gb,556323b773210,turquoise,0,0,0,0,0,0,0,0,0,0,0,0,0,0,3,0,0,0,0,0
gb,556323b773210,white,0,0,0,5,0,0,0,0,0,0,0,0,0,3,0,4,0,0,0,0
gb,556323b773210,yellow,0,0,0,0,0,0,0,0,0,0,0,4,5,0,0,0,0,0,0,0
gb,5563288851fa7,black,0,0,0,0,0,0,0,0,0,0,0,0,0,0,0,0,0,0,4,0
gb,5563288851fa7,blue,0,5,0,0,0,0,0,0,0,0,0,0,0,0,0,5,0,0,0,0
gb,5563288851fa7,brown,0,0,0,0,0,0,0,0,0,0,0,0,0,0,0,0,0,0,0,0
gb,5563288851fa7,green,5,0,0,0,0,5,0,0,0,0,0,0,0,0,0,0,0,0,0,0
gb,5563288851fa7,grey,0,0,0,0,0,0,0,0,0,0,0,0,0,0,0,0,4,0,4,0
gb,5563288851fa7,orange,0,0,0,0,0,0,0,0,0,0,0,0,0,0,0,0,0,0,0,0
gb,5563288851fa7,pink,0,0,0,3,0,0,0,0,0,0,0,0,0,0,0,0,0,0,0,0
gb,5563288851fa7,purple,0,0,0,0,0,5,0,0,0,0,0,0,0,0,4,0,0,0,0,0
gb,5563288851fa7,red,0,0,4,0,5,0,0,0,0,0,5,0,0,0,0,0,0,0,0,0
gb,5563288851fa7,turquoise,0,0,0,0,0,0,0,0,0,0,0,0,0,0,0,0,0,0,0,0
gb,5563288851fa7,white,0,0,5,0,0,0,0,0,0,0,0,0,0,0,0,0,0,0,0,0
gb,5563288851fa7,yellow,0,0,0,0,0,5,0,0,0,0,0,0,4,0,5,0,0,0,0,0
gb,556334ffab490,black,0,0,0,0,0,0,3,0,0,0,3,0,0,0,0,0,0,0,5,0
gb,556334ffab490,blue,2,0,0,0,0,0,0,0,0,0,0,0,0,0,0,5,0,0,0,0
gb,556334ffab490,brown,0,0,0,0,0,0,0,5,0,0,0,0,0,0,0,0,0,0,0,0
gb,556334ffab490,green,0,0,0,0,0,4,0,0,0,0,0,3,0,0,0,0,0,0,0,0
gb,556334ffab490,grey,0,0,0,0,0,0,0,0,0,0,0,0,0,0,0,0,0,0,0,0
gb,556334ffab490,orange,0,5,0,0,0,0,0,0,0,0,0,4,0,0,0,0,0,0,0,0
gb,556334ffab490,pink,0,0,0,0,0,0,0,0,0,0,0,0,4,0,0,0,0,0,0,0
gb,556334ffab490,purple,0,0,0,2,0,0,0,0,0,0,0,0,0,0,0,3,0,0,0,0
gb,556334ffab490,red,0,0,4,0,0,0,0,0,3,0,0,0,0,4,0,0,0,0,0,0
gb,556334ffab490,turquoise,0,0,0,0,0,4,0,0,0,0,0,0,0,0,3,0,0,0,0,0
gb,556334ffab490,white,0,0,0,4,0,0,0,0,0,0,0,0,3,0,3,0,0,0,0,0
gb,556334ffab490,yellow,0,0,0,3,0,4,0,0,0,0,0,0,4,0,0,0,0,2,0,0
gb,556335384b8ab,black,0,0,0,0,0,0,4,0,0,0,0,0,0,0,0,0,4,0,0,4
gb,556335384b8ab,blue,0,0,0,0,2,3,0,0,0,0,0,0,0,0,0,0,0,2,0,0
gb,556335384b8ab,brown,0,0,0,0,0,0,0,4,0,0,0,0,0,0,0,0,0,0,0,0
gb,556335384b8ab,green,0,0,0,0,0,2,0,3,0,0,0,0,0,0,0,0,0,0,0,0
gb,556335384b8ab,grey,0,0,0,0,0,0,2,0,0,0,0,0,0,0,0,0,2,0,2,0
gb,556335384b8ab,orange,0,2,0,0,2,0,0,0,0,0,0,0,0,0,0,0,0,0,0,0
gb,556335384b8ab,pink,0,2,0,3,0,0,0,0,0,0,0,0,0,5,0,0,0,0,0,0
gb,556335384b8ab,purple,3,0,0,3,0,0,0,0,0,0,0,0,0,0,0,0,0,0,0,0
gb,556335384b8ab,red,0,0,5,0,0,0,0,0,0,0,0,0,0,4,2,0,0,0,0,0
gb,556335384b8ab,turquoise,0,3,0,0,0,0,0,0,0,0,0,3,0,0,0,0,0,0,0,0
gb,556335384b8ab,white,0,0,0,0,0,4,0,0,0,0,0,0,0,0,0,0,0,0,0,0
gb,556335384b8ab,yellow,0,0,0,0,0,0,0,0,0,0,0,0,5,0,0,5,0,0,0,0
gb,55633f9f9aeba,black,0,0,0,0,0,5,0,0,0,0,0,0,0,0,0,0,0,0,0,0
gb,55633f9f9aeba,blue,0,0,0,0,0,0,0,0,0,0,0,0,0,0,5,0,0,0,0,0
gb,55633f9f9aeba,brown,0,0,0,0,0,0,0,0,0,0,0,0,0,0,0,0,0,0,0,0
gb,55633f9f9aeba,green,0,5,0,0,0,0,0,0,0,0,0,0,0,0,0,0,0,0,0,0
gb,55633f9f9aeba,grey,0,0,0,0,0,0,0,0,0,0,0,0,0,0,0,0,0,0,5,0
gb,55633f9f9aeba,orange,0,0,0,0,0,0,0,0,0,0,0,5,0,0,0,0,0,0,0,0
gb,55633f9f9aeba,pink,0,0,0,0,0,0,0,0,0,0,0,0,0,0,0,5,0,0,0,0
gb,55633f9f9aeba,purple,0,0,0,0,0,0,0,0,0,0,0,0,0,0,0,3,0,0,0,0
gb,55633f9f9aeba,red,0,0,0,0,0,0,0,0,0,0,0,0,0,5,0,0,0,0,0,0
gb,55633f9f9aeba,turquoise,0,0,0,0,0,0,0,0,0,0,0,0,0,0,5,0,0,0,0,0
gb,55633f9f9aeba,white,0,0,0,0,0,0,0,0,0,0,0,0,0,0,0,0,5,0,0,0
gb,55633f9f9aeba,yellow,0,0,0,0,3,0,0,0,0,0,0,0,0,0,0,0,0,0,0,0
gb,556370c6e6b9c,black,0,0,0,0,0,0,2,0,0,1,0,0,0,0,0,0,3,0,0,0
gb,556370c6e6b9c,blue,4,0,0,0,0,0,0,0,0,0,0,0,4,0,3,0,0,0,0,0
gb,556370c6e6b9c,brown,0,0,0,0,0,0,0,3,0,0,2,0,0,0,0,0,0,0,0,0
gb,556370c6e6b9c,green,0,0,0,0,0,0,0,0,0,0,0,0,4,0,0,3,0,4,0,0
gb,556370c6e6b9c,grey,0,0,0,0,0,0,0,0,0,2,0,0,0,0,0,0,3,0,0,1
gb,556370c6e6b9c,orange,0,3,0,0,0,0,0,0,0,0,0,0,0,0,0,0,0,0,0,0
gb,556370c6e6b9c,pink,0,0,0,0,0,3,0,0,0,0,0,0,4,0,0,0,0,0,0,0
gb,556370c6e6b9c,purple,0,0,0,0,0,3,0,0,0,0,0,0,0,0,4,0,0,2,0,0
gb,556370c6e6b9c,red,3,0,0,0,0,4,0,0,0,0,0,0,0,0,5,0,0,0,0,0
gb,556370c6e6b9c,turquoise,0,0,0,0,0,0,2,0,0,0,0,0,0,0,0,0,1,0,0,0
gb,556370c6e6b9c,white,0,0,0,3,0,0,0,0,0,0,0,0,0,0,0,0,0,0,0,0
gb,556370c6e6b9c,yellow,0,3,0,0,0,0,0,0,0,0,0,0,0,0,2,0,0,0,0,0
gb,55637b9e0c42d,black,0,0,5,0,0,0,0,0,3,5,5,0,0,0,0,0,5,0,3,0
gb,55637b9e0c42d,blue,0,0,0,0,0,5,0,0,0,0,0,4,4,5,5,0,0,5,0,0
gb,55637b9e0c42d,brown,0,0,0,4,0,4,0,0,0,0,0,3,4,0,0,0,0,0,0,0
gb,55637b9e0c42d,green,3,2,0,0,0,5,0,0,0,0,0,4,4,0,4,0,0,4,0,0
gb,55637b9e0c42d,grey,0,0,0,0,0,0,0,0,4,0,0,0,0,0,0,0,0,0,0,0
gb,55637b9e0c42d,orange,2,0,0,0,0,0,0,4,0,0,0,0,0,4,4,0,0,0,0,0
gb,55637b9e0c42d,pink,0,0,0,4,0,4,0,0,0,3,0,0,5,0,4,0,3,0,0,0
gb,55637b9e0c42d,purple,5,0,2,0,0,0,0,0,0,0,2,0,0,0,4,5,3,0,0,3
gb,55637b9e0c42d,red,0,0,5,0,0,0,0,0,0,0,0,0,0,4,4,0,0,0,0,0
gb,55637b9e0c42d,turquoise,4,0,0,0,0,5,0,0,0,0,0,0,0,0,4,0,0,0,0,0
gb,55637b9e0c42d,white,0,0,5,0,3,0,0,0,4,0,0,0,0,0,0,0,0,0,0,0
gb,55637b9e0c42d,yellow,0,0,0,0,5,0,0,3,0,5,0,0,0,0,0,0,5,0,0,5
gb,5563815135b07,black,5,0,0,0,0,0,0,0,0,0,0,0,0,0,0,0,0,0,0,0
gb,5563815135b07,blue,0,0,0,0,0,4,0,0,0,0,0,0,4,0,4,0,0,0,0,0
gb,5563815135b07,brown,0,0,0,0,0,0,3,0,0,0,0,0,0,0,0,0,0,0,0,3
gb,5563815135b07,green,0,0,3,0,0,0,0,4,0,4,0,0,0,0,0,0,0,0,0,0
gb,5563815135b07,grey,0,0,0,0,0,0,5,0,4,0,0,0,0,0,0,0,0,0,5,0
gb,5563815135b07,orange,0,4,0,0,0,0,0,0,0,0,0,0,0,0,0,0,0,0,0,0
gb,5563815135b07,pink,0,4,0,0,0,0,0,0,0,0,0,0,0,0,4,0,0,0,0,0
gb,5563815135b07,purple,5,0,0,0,0,0,0,0,0,0,0,0,0,0,0,5,0,0,0,0
gb,5563815135b07,red,0,0,5,0,0,0,0,0,0,0,0,0,0,5,0,0,0,0,0,0
gb,5563815135b07,turquoise,0,0,0,0,0,0,0,0,0,0,0,0,0,0,0,0,0,0,5,0
gb,5563815135b07,white,0,0,0,0,0,0,0,0,0,0,0,0,4,0,0,0,0,5,0,0
gb,5563815135b07,yellow,0,0,0,0,0,5,0,0,0,0,0,0,0,0,0,0,0,5,0,0
gb,5563977dd5114,black,0,0,0,0,0,0,4,0,0,0,0,0,0,0,0,0,0,0,4,3
gb,5563977dd5114,blue,0,0,0,4,0,4,0,0,0,0,0,0,0,0,0,0,0,0,0,0
gb,5563977dd5114,brown,0,0,0,0,0,2,0,0,0,0,0,0,0,0,0,0,0,0,0,0
gb,5563977dd5114,green,0,0,0,0,2,0,0,2,0,2,2,0,0,0,0,0,2,3,0,0
gb,5563977dd5114,grey,0,0,0,0,0,0,0,0,0,0,0,0,0,0,0,0,0,0,0,0
gb,5563977dd5114,orange,3,0,5,3,0,0,0,0,4,0,4,4,4,0,2,4,0,0,0,3
gb,5563977dd5114,pink,0,5,0,2,0,0,0,0,0,0,0,5,4,3,5,2,0,0,0,0
gb,5563977dd5114,purple,2,5,0,2,0,4,0,0,0,0,0,4,4,4,4,4,0,4,0,0
gb,5563977dd5114,red,0,0,4,0,0,0,0,0,5,1,4,0,3,0,3,0,2,3,0,3
gb,5563977dd5114,turquoise,3,0,0,4,0,5,0,0,0,0,0,4,0,0,4,4,0,0,0,0
gb,5563977dd5114,white,0,0,0,4,0,4,0,0,0,0,0,0,0,5,4,2,0,5,0,0
gb,5563977dd5114,yellow,0,0,0,4,0,0,0,0,0,0,0,3,5,0,4,0,0,0,0,0
gb,55640bf9f1140,black,0,0,0,0,0,0,0,0,0,0,0,0,0,0,0,0,0,0,0,0
gb,55640bf9f1140,blue,0,0,0,0,0,0,0,0,0,0,0,4,0,0,0,0,0,0,0,0
gb,55640bf9f1140,brown,0,0,0,0,0,4,0,0,0,0,0,0,0,0,0,0,0,0,0,0
gb,55640bf9f1140,green,0,0,0,0,0,0,0,0,0,0,0,0,0,0,0,0,0,4,0,0
gb,55640bf9f1140,grey,0,0,0,0,0,0,0,0,0,0,0,0,0,0,0,0,4,0,0,0
gb,55640bf9f1140,orange,0,0,0,0,0,0,0,0,0,0,0,0,0,0,0,4,0,0,0,0
gb,55640bf9f1140,pink,0,3,0,0,0,0,0,0,0,0,0,0,0,0,0,0,0,0,0,0
gb,55640bf9f1140,purple,0,0,0,0,0,0,0,0,0,0,0,0,0,0,0,0,4,0,0,0
gb,55640bf9f1140,red,0,0,0,0,0,4,0,0,0,0,0,0,0,4,0,0,0,0,0,0
gb,55640bf9f1140,turquoise,0,0,0,0,0,0,0,0,0,0,0,0,0,0,0,0,0,0,0,0
gb,55640bf9f1140,white,0,0,0,0,0,0,4,0,0,0,0,0,0,0,0,0,0,0,0,0
gb,55640bf9f1140,yellow,4,0,0,0,0,0,0,0,0,0,0,0,0,0,0,0,0,0,0,0
gb,556491f6b786b,black,0,0,0,0,5,0,0,0,0,0,5,0,0,0,0,0,0,0,5,0
gb,556491f6b786b,blue,0,0,0,0,0,0,0,0,0,0,0,0,0,0,0,0,0,0,0,0
gb,556491f6b786b,brown,0,0,0,0,0,0,0,0,0,0,0,0,0,0,0,0,0,0,0,0
gb,556491f6b786b,green,0,0,0,0,0,0,0,0,0,0,0,0,0,0,0,0,0,0,0,0
gb,556491f6b786b,grey,0,0,0,0,0,0,4,0,0,0,0,0,0,0,0,0,0,0,0,0
gb,556491f6b786b,orange,0,0,0,0,0,0,0,0,0,0,0,0,3,0,0,0,0,0,0,0
gb,556491f6b786b,pink,0,0,0,0,0,0,0,0,0,0,0,0,0,5,0,0,0,0,0,0
gb,556491f6b786b,purple,0,0,0,0,0,0,0,0,0,0,0,0,0,0,0,0,0,0,0,0
gb,556491f6b786b,red,0,0,5,0,0,0,0,0,0,0,0,0,0,0,0,0,0,0,0,0
gb,556491f6b786b,turquoise,0,0,0,0,0,0,0,0,0,0,0,0,0,0,0,0,0,0,0,0
gb,556491f6b786b,white,0,0,0,0,0,0,0,0,0,0,0,0,0,0,0,0,0,5,0,0
gb,556491f6b786b,yellow,0,0,0,0,4,0,0,0,0,0,0,0,0,0,0,0,0,0,0,0
gb,5586d73446ef2,black,0,0,0,0,0,0,0,0,0,0,0,0,0,0,0,0,0,0,0,0
gb,5586d73446ef2,blue,0,0,0,0,0,4,2,0,0,0,0,0,0,0,0,0,0,0,0,0
gb,5586d73446ef2,brown,0,0,0,0,2,0,0,3,0,5,0,0,0,0,0,0,0,0,0,0
gb,5586d73446ef2,green,0,4,0,0,0,0,0,0,0,0,0,0,0,0,5,4,0,0,0,2
gb,5586d73446ef2,grey,0,0,0,0,0,0,4,0,0,0,0,0,0,0,0,0,0,0,3,0
gb,5586d73446ef2,orange,0,0,0,0,3,0,0,0,0,3,0,0,1,0,0,0,0,0,0,4
gb,5586d73446ef2,pink,0,0,0,0,0,0,0,0,4,0,0,0,4,0,0,0,0,4,0,0
gb,5586d73446ef2,purple,0,3,0,0,0,0,0,0,0,0,0,0,0,0,0,0,0,0,0,0
gb,5586d73446ef2,red,4,5,3,0,0,0,0,0,0,0,5,0,0,0,0,0,0,0,0,0
gb,5586d73446ef2,turquoise,0,0,0,0,0,0,0,0,0,0,0,0,0,0,4,4,1,0,0,2
gb,5586d73446ef2,white,0,0,0,0,0,3,2,0,0,0,0,0,0,5,0,0,0,0,0,0
gb,5586d73446ef2,yellow,0,0,0,0,0,0,0,0,0,0,0,5,0,0,0,0,0,0,0,0
gb,558bd13708d41,black,0,0,0,0,0,0,0,0,5,0,0,0,0,0,0,0,0,0,0,5
gb,558bd13708d41,blue,0,0,0,0,0,0,0,0,0,0,0,0,0,0,4,4,3,4,0,3
gb,558bd13708d41,brown,0,0,0,4,0,0,0,0,0,4,0,0,0,0,0,0,4,0,0,0
gb,558bd13708d41,green,0,0,0,0,0,0,0,0,0,0,0,4,0,0,4,0,0,4,0,0
gb,558bd13708d41,grey,0,0,0,0,0,0,0,0,0,0,0,0,0,0,0,0,0,0,0,0
gb,558bd13708d41,orange,0,4,0,0,0,0,0,0,0,0,0,0,0,0,0,0,0,0,0,0
gb,558bd13708d41,pink,0,4,0,0,0,0,0,0,0,0,0,0,3,3,0,0,0,0,0,0
gb,558bd13708d41,purple,4,0,0,0,0,0,0,0,0,0,0,0,0,0,0,4,4,0,0,0
gb,558bd13708d41,red,0,0,4,0,0,0,0,0,4,0,0,0,0,5,0,3,0,0,0,0
gb,558bd13708d41,turquoise,0,0,0,0,0,0,0,0,0,0,0,0,0,0,0,0,0,4,0,0
gb,558bd13708d41,white,0,0,0,0,0,0,0,0,0,0,0,0,0,0,0,0,0,5,0,0
gb,558bd13708d41,yellow,0,4,0,0,0,4,0,0,0,0,0,0,5,0,0,0,0,4,0,0
gb,55a38b29b4451,black,0,0,4,0,3,0,4,4,3,2,4,0,0,0,0,0,0,0,3,0
gb,55a38b29b4451,blue,0,0,0,3,0,4,0,0,0,0,0,1,0,0,0,0,0,3,0,0
gb,55a38b29b4451,brown,0,0,0,0,0,0,0,3,0,0,0,0,0,0,0,0,0,0,0,1
gb,55a38b29b4451,green,0,0,0,0,0,0,0,0,0,0,0,0,0,0,3,0,0,0,0,0
gb,55a38b29b4451,grey,0,0,0,0,0,0,0,0,0,2,0,0,0,0,0,0,3,0,2,3
gb,55a38b29b4451,orange,3,0,2,0,0,0,0,0,0,0,0,0,4,2,4,3,0,0,0,0
gb,55a38b29b4451,pink,4,0,0,0,0,0,0,0,0,0,0,2,3,4,0,0,0,0,0,0
gb,55a38b29b4451,purple,3,2,0,4,0,0,0,0,0,0,0,3,3,0,3,0,0,0,0,0
gb,55a38b29b4451,red,3,0,0,2,0,0,0,0,0,0,0,0,3,4,3,0,0,0,0,0
gb,55a38b29b4451,turquoise,0,0,0,0,0,4,0,0,0,0,0,2,0,0,3,0,0,0,0,0
gb,55a38b29b4451,white,0,0,0,3,0,4,0,0,0,0,0,0,0,0,0,0,0,3,0,0
gb,55a38b29b4451,yellow,0,3,0,0,0,0,0,0,0,0,0,4,4,0,4,0,0,0,0,0
gb,55b7f32deaa3f,black,3,0,2,0,0,0,0,0,0,0,0,5,0,0,0,4,0,0,0,0
gb,55b7f32deaa3f,blue,2,3,0,2,0,5,0,0,0,0,4,4,5,4,5,0,1,2,3,1
gb,55b7f32deaa3f,brown,0,0,0,0,0,0,0,3,0,0,0,4,0,0,4,4,0,0,0,3
gb,55b7f32deaa3f,green,0,0,0,0,0,4,0,0,0,0,0,0,0,0,4,0,0,0,4,0
gb,55b7f32deaa3f,grey,0,0,0,4,0,4,3,0,0,0,0,3,0,0,0,0,3,3,3,3
gb,55b7f32deaa3f,orange,4,4,0,0,3,3,0,0,0,0,0,0,3,2,0,0,0,0,0,3
gb,55b7f32deaa3f,pink,1,4,0,0,0,2,0,0,0,0,0,2,4,4,2,0,0,2,2,0
gb,55b7f32deaa3f,purple,2,0,3,0,0,0,0,0,0,0,3,0,0,0,4,3,0,0,0,0
gb,55b7f32deaa3f,red,4,4,4,0,0,0,0,0,0,0,3,0,5,3,4,5,0,0,0,0
gb,55b7f32deaa3f,turquoise,0,4,0,0,0,0,0,0,0,0,0,0,3,0,5,0,0,0,0,0
gb,55b7f32deaa3f,white,0,0,0,3,0,5,0,0,4,0,2,0,4,5,5,0,0,3,3,0
gb,55b7f32deaa3f,yellow,0,3,0,3,2,2,0,2,0,0,0,0,0,0,2,0,0,2,0,0
gb,561b88eba40a2,black,0,0,0,0,0,0,0,0,4,0,0,0,0,0,0,0,0,0,0,0
gb,561b88eba40a2,blue,0,0,0,0,0,3,0,0,0,0,0,0,0,0,0,0,0,0,0,0
gb,561b88eba40a2,brown,0,0,0,0,0,0,0,0,0,0,0,0,0,0,0,0,0,0,0,0
gb,561b88eba40a2,green,0,0,0,0,0,4,0,0,0,0,0,4,0,0,0,0,0,4,0,0
gb,561b88eba40a2,grey,0,0,0,0,0,0,0,0,0,0,0,0,0,0,0,0,0,0,0,0
gb,561b88eba40a2,orange,0,5,0,0,0,4,0,0,0,0,0,4,5,4,0,0,0,4,0,0
gb,561b88eba40a2,pink,0,4,0,3,0,0,0,0,0,0,0,0,4,0,0,0,0,0,0,0
gb,561b88eba40a2,purple,0,4,0,0,0,0,0,0,0,0,0,0,0,0,3,0,0,0,0,0
gb,561b88eba40a2,red,0,0,0,0,0,0,0,0,0,0,0,0,0,0,0,4,0,0,0,4
gb,561b88eba40a2,turquoise,0,4,0,0,0,0,0,0,0,0,0,3,4,0,0,4,0,0,0,0
gb,561b88eba40a2,white,0,0,0,0,0,4,0,0,0,0,0,0,0,0,0,0,0,0,0,0
gb,561b88eba40a2,yellow,0,5,0,0,0,0,0,0,0,0,0,0,5,0,0,0,0,5,0,0
gb,5620e4e9456b6,black,0,0,0,0,0,0,0,3,0,0,0,0,0,0,0,0,0,0,0,0
gb,5620e4e9456b6,blue,0,0,0,0,0,5,0,0,0,0,0,0,0,0,0,0,0,3,0,0
gb,5620e4e9456b6,brown,0,0,0,0,1,0,0,0,0,0,0,0,0,0,0,0,0,0,0,0
gb,5620e4e9456b6,green,0,0,0,3,0,2,0,0,0,0,0,0,0,0,0,0,0,0,0,0
gb,5620e4e9456b6,grey,0,0,0,3,0,3,0,0,0,0,0,0,0,0,0,3,0,0,0,0
gb,5620e4e9456b6,orange,0,0,0,0,0,0,0,0,0,0,0,3,0,0,4,0,0,0,0,0
gb,5620e4e9456b6,pink,0,0,0,0,0,0,0,0,0,0,0,0,0,0,4,0,0,0,0,0
gb,5620e4e9456b6,purple,0,0,0,0,0,0,0,0,0,0,0,2,0,0,0,4,0,0,0,0
gb,5620e4e9456b6,red,4,0,0,0,0,0,0,0,0,0,0,3,0,0,0,3,0,0,0,0
gb,5620e4e9456b6,turquoise,0,0,0,0,0,4,0,0,0,0,0,0,0,0,0,0,0,0,0,0
gb,5620e4e9456b6,white,4,0,0,5,0,4,0,0,0,0,0,0,0,0,0,0,0,0,0,0
gb,5620e4e9456b6,yellow,0,4,0,0,0,0,0,0,0,0,0,4,4,0,0,0,0,0,0,0
gb,5620f5a03f81d,black,0,0,0,0,1,0,3,1,1,3,1,0,0,0,0,0,0,0,1,0
gb,5620f5a03f81d,blue,0,3,0,0,0,0,1,0,0,1,0,0,0,0,0,0,1,0,2,0
gb,5620f5a03f81d,brown,0,0,0,0,0,0,2,2,0,0,0,0,0,0,0,0,0,0,0,1
gb,5620f5a03f81d,green,0,0,0,0,0,0,0,1,1,0,0,0,0,0,0,0,0,0,0,0
gb,5620f5a03f81d,grey,0,0,0,0,0,1,0,0,0,0,0,0,0,0,0,0,0,0,0,0
gb,5620f5a03f81d,orange,2,0,0,0,0,0,0,0,0,0,0,2,0,2,1,0,0,0,0,0
gb,5620f5a03f81d,pink,2,3,0,1,0,3,0,0,1,2,0,0,2,4,4,0,0,1,0,2
gb,5620f5a03f81d,purple,0,0,1,0,0,0,0,1,1,3,1,2,0,0,2,0,0,0,0,2
gb,5620f5a03f81d,red,1,0,1,0,1,0,0,1,1,2,1,0,3,0,3,0,0,0,0,2
gb,5620f5a03f81d,turquoise,0,0,1,0,0,2,0,0,0,0,0,0,0,0,2,1,0,0,0,0
gb,5620f5a03f81d,white,0,0,0,3,0,2,0,0,0,0,0,0,0,0,0,0,0,0,0,0
gb,5620f5a03f81d,yellow,1,3,0,1,0,2,0,0,0,0,0,4,3,2,1,0,0,1,0,0
gb,5624d25b19b4f,black,0,0,0,0,0,0,0,0,0,0,0,0,0,0,0,0,0,0,0,0
gb,5624d25b19b4f,blue,2,0,0,4,0,0,0,0,0,0,0,2,0,0,0,0,0,3,0,0
gb,5624d25b19b4f,brown,0,0,0,0,0,2,0,0,0,2,0,0,0,0,0,0,0,0,0,0
gb,5624d25b19b4f,green,0,0,0,0,0,3,0,0,0,0,0,0,0,0,0,0,0,4,0,0
gb,5624d25b19b4f,grey,0,0,0,0,0,0,2,0,0,0,0,0,0,0,0,0,2,0,0,2
gb,5624d25b19b4f,orange,0,0,0,0,0,0,0,0,0,0,0,2,4,0,3,0,0,0,0,0
gb,5624d25b19b4f,pink,3,0,0,0,0,0,0,0,0,0,0,3,4,0,0,0,0,0,0,0
gb,5624d25b19b4f,purple,0,0,0,0,0,0,0,0,0,0,0,3,0,0,4,5,0,0,0,0
gb,5624d25b19b4f,red,0,0,0,0,0,0,0,0,0,0,2,0,0,5,4,0,0,0,0,0
gb,5624d25b19b4f,turquoise,0,0,0,0,0,3,0,0,0,0,0,3,0,0,0,0,0,3,0,0
gb,5624d25b19b4f,white,0,0,0,0,0,3,0,0,0,0,0,0,0,0,0,0,0,4,0,0
gb,5624d25b19b4f,yellow,0,0,0,0,0,0,0,0,0,0,0,0,0,0,0,0,0,0,0,0
gb,564a509dbbf51,black,0,0,0,0,0,0,3,0,3,4,0,0,0,0,0,0,3,0,5,0
gb,564a509dbbf51,blue,0,0,0,0,0,4,0,0,0,0,0,0,2,0,0,0,0,0,0,0
gb,564a509dbbf51,brown,0,0,0,3,0,3,0,0,0,0,0,0,0,0,0,0,0,0,0,0
gb,564a509dbbf51,green,0,0,0,2,0,0,0,0,0,0,0,0,0,0,3,0,0,3,0,0
gb,564a509dbbf51,grey,0,0,0,0,0,0,0,0,0,0,0,0,0,0,0,0,3,0,0,4
gb,564a509dbbf51,orange,3,0,0,0,0,3,0,0,0,0,0,0,0,0,3,0,0,0,0,0
gb,564a509dbbf51,pink,0,4,0,0,0,0,0,0,0,0,0,0,4,3,3,4,0,0,0,0
gb,564a509dbbf51,purple,2,0,0,2,0,0,3,0,0,0,0,0,0,0,0,0,3,1,3,0
gb,564a509dbbf51,red,3,0,4,0,2,0,0,0,2,0,3,0,0,0,4,0,0,0,0,0
gb,564a509dbbf51,turquoise,3,3,0,0,0,4,0,0,0,0,0,3,0,0,0,0,0,0,0,0
gb,564a509dbbf51,white,0,0,0,0,0,3,0,0,0,0,0,0,0,0,0,0,0,2,3,0
gb,564a509dbbf51,yellow,0,3,0,0,0,0,0,0,0,0,0,3,4,0,0,0,0,0,0,0
gb,564a513692b25,black,0,0,5,0,0,0,0,0,0,0,0,0,0,0,0,0,0,0,0,0
gb,564a513692b25,blue,0,0,0,0,0,0,0,0,0,0,0,0,0,0,0,0,0,0,0,0
gb,564a513692b25,brown,0,0,0,0,0,0,0,0,0,0,0,0,0,0,0,0,0,0,0,0
gb,564a513692b25,green,0,0,0,0,0,0,0,0,0,0,0,0,0,0,0,0,0,0,0,0
gb,564a513692b25,grey,0,0,0,0,0,0,5,0,0,0,0,0,0,0,0,0,0,0,0,0
gb,564a513692b25,orange,0,0,0,0,0,0,0,0,0,0,0,0,0,0,0,0,0,0,0,0
gb,564a513692b25,pink,0,0,0,0,0,4,0,0,0,0,0,0,4,4,0,0,0,0,0,0
gb,564a513692b25,purple,0,0,0,0,0,0,0,0,0,0,0,0,0,0,3,0,0,0,0,0
gb,564a513692b25,red,0,0,5,0,0,0,0,0,0,0,0,0,0,0,0,0,0,0,0,0
gb,564a513692b25,turquoise,0,0,0,0,0,0,0,0,0,0,0,0,0,0,4,0,0,0,0,0
gb,564a513692b25,white,0,0,0,0,0,0,0,0,0,0,0,0,0,0,0,0,0,0,0,0
gb,564a513692b25,yellow,0,0,0,0,0,0,0,0,0,0,0,0,5,0,0,0,0,0,0,0
gb,564a5659e2c88,black,0,0,0,0,0,0,0,0,4,4,0,0,0,0,0,0,0,0,5,0
gb,564a5659e2c88,blue,0,0,0,0,0,5,0,0,0,0,0,0,0,0,0,0,0,5,5,0
gb,564a5659e2c88,brown,0,0,0,0,0,0,0,3,0,0,0,0,0,0,0,0,0,0,0,0
gb,564a5659e2c88,green,0,0,0,0,0,4,0,0,0,0,0,0,0,0,4,0,0,0,0,0
gb,564a5659e2c88,grey,0,0,0,0,0,0,0,0,0,0,0,0,0,0,0,0,0,0,0,0
gb,564a5659e2c88,orange,0,0,0,0,0,0,0,0,0,0,0,0,4,0,4,0,0,0,0,0
gb,564a5659e2c88,pink,0,0,0,4,0,0,0,0,0,0,0,0,0,0,0,0,0,0,0,0
gb,564a5659e2c88,purple,3,0,0,0,0,0,0,0,0,0,0,0,0,0,0,3,0,0,0,0
gb,564a5659e2c88,red,0,0,0,0,0,0,0,0,0,0,0,0,0,5,4,0,0,0,0,0
gb,564a5659e2c88,turquoise,0,0,0,0,0,4,0,0,0,0,0,0,0,0,0,0,0,0,0,0
gb,564a5659e2c88,white,0,0,0,0,0,0,0,0,0,0,0,0,0,0,0,0,0,0,0,0
gb,564a5659e2c88,yellow,0,5,0,0,0,0,0,0,0,0,0,5,0,0,0,0,0,3,0,0
gb,564a5bfe2bf9a,black,0,0,0,0,0,0,0,0,2,4,0,0,0,0,0,0,0,0,4,0
gb,564a5bfe2bf9a,blue,0,0,0,0,0,3,0,0,0,0,0,0,0,0,0,0,0,0,0,0
gb,564a5bfe2bf9a,brown,0,0,0,0,0,0,3,3,0,0,0,0,0,0,0,0,0,0,0,0
gb,564a5bfe2bf9a,green,3,0,0,0,0,0,0,0,0,0,0,3,0,0,0,0,0,0,0,0
gb,564a5bfe2bf9a,grey,0,0,0,0,0,0,4,0,0,0,0,0,0,0,0,0,3,0,0,0
gb,564a5bfe2bf9a,orange,0,3,0,0,0,0,0,0,0,0,0,0,4,0,0,0,0,0,0,0
gb,564a5bfe2bf9a,pink,0,0,0,0,0,0,0,0,0,0,0,0,0,4,4,0,0,0,0,0
gb,564a5bfe2bf9a,purple,0,0,0,0,0,0,0,0,0,0,0,0,0,0,0,4,0,0,0,0
gb,564a5bfe2bf9a,red,0,0,5,0,0,0,0,0,0,0,0,0,0,0,3,0,0,0,0,3
gb,564a5bfe2bf9a,turquoise,0,0,0,0,0,3,0,0,0,0,0,3,0,0,0,0,0,0,0,0
gb,564a5bfe2bf9a,white,3,0,0,0,0,0,0,0,0,0,0,0,0,0,0,2,0,0,0,0
gb,564a5bfe2bf9a,yellow,0,0,0,0,0,4,0,0,0,0,0,4,5,0,0,0,0,0,0,0
gb,564a5ced7d8eb,black,0,0,0,0,0,0,0,0,5,3,0,0,0,0,0,0,3,0,0,0
gb,564a5ced7d8eb,blue,0,0,0,0,0,0,0,0,0,0,0,0,0,0,0,0,0,0,5,0
gb,564a5ced7d8eb,brown,0,0,0,0,0,0,0,5,0,0,0,0,0,0,0,0,0,0,0,0
gb,564a5ced7d8eb,green,0,0,0,0,0,0,0,0,0,0,0,0,0,0,0,0,0,0,0,0
gb,564a5ced7d8eb,grey,0,0,0,0,0,0,0,0,0,0,0,0,0,0,5,0,0,0,0,0
gb,564a5ced7d8eb,orange,0,0,0,0,0,0,0,0,0,0,0,0,0,0,0,0,0,0,0,0
gb,564a5ced7d8eb,pink,0,0,0,0,0,0,0,0,0,0,0,0,0,2,3,5,0,0,0,0
gb,564a5ced7d8eb,purple,0,0,0,0,0,3,0,0,0,0,0,0,0,0,4,0,0,0,0,0
gb,564a5ced7d8eb,red,0,0,5,0,0,0,0,0,0,0,0,0,0,4,0,0,0,0,0,0
gb,564a5ced7d8eb,turquoise,0,0,0,0,0,0,0,0,0,0,0,0,0,0,0,0,0,0,0,0
gb,564a5ced7d8eb,white,0,0,0,0,0,0,0,0,0,0,0,0,0,0,0,0,0,0,0,0
gb,564a5ced7d8eb,yellow,0,0,0,0,0,0,0,0,0,0,0,0,0,5,0,0,0,0,0,0
gb,564a6fc696d94,black,3,0,0,0,0,0,0,0,0,0,0,3,0,0,3,0,0,0,2,0
gb,564a6fc696d94,blue,0,0,0,4,0,3,0,0,0,0,0,0,0,0,0,0,0,0,3,0
gb,564a6fc696d94,brown,0,0,0,0,0,3,0,0,0,0,0,0,0,0,0,0,0,0,0,0
gb,564a6fc696d94,green,0,0,0,0,0,3,0,0,0,0,0,0,0,0,0,0,0,0,0,0
gb,564a6fc696d94,grey,0,0,0,0,0,0,3,0,0,0,0,0,0,0,0,0,0,0,0,0
gb,564a6fc696d94,orange,0,0,0,0,0,0,0,0,0,0,0,0,0,0,0,0,0,0,0,0
gb,564a6fc696d94,pink,0,3,0,0,0,0,0,0,0,0,0,0,3,2,3,0,0,0,0,0
gb,564a6fc696d94,purple,0,0,0,0,0,0,0,0,0,0,0,0,0,0,0,0,0,0,0,0
gb,564a6fc696d94,red,0,0,5,0,0,0,0,0,0,0,0,0,0,3,2,0,0,0,0,0
gb,564a6fc696d94,turquoise,0,0,0,2,0,3,0,0,0,0,0,0,0,0,4,0,0,0,0,0
gb,564a6fc696d94,white,0,0,0,0,0,0,0,0,0,0,0,0,0,0,0,0,0,0,0,0
gb,564a6fc696d94,yellow,0,0,0,0,0,0,0,0,0,0,0,0,2,0,0,0,0,0,0,0
gb,564ad5b08f53f,black,0,0,0,0,5,0,0,0,0,0,5,0,0,0,0,0,0,0,0,0
gb,564ad5b08f53f,blue,0,0,0,0,0,0,0,0,0,0,0,0,0,0,0,5,0,0,0,0
gb,564ad5b08f53f,brown,0,0,0,0,0,0,3,0,0,0,0,0,0,0,0,0,0,0,0,0
gb,564ad5b08f53f,green,0,0,0,0,0,5,0,0,0,0,0,0,0,0,0,0,0,0,0,0
gb,564ad5b08f53f,grey,0,0,0,0,0,0,5,0,0,0,0,0,0,0,0,0,0,0,0,0
gb,564ad5b08f53f,orange,0,0,0,0,0,0,0,0,0,0,0,0,0,0,2,0,0,0,0,0
gb,564ad5b08f53f,pink,0,0,0,0,0,0,0,0,0,0,0,0,0,0,3,0,0,0,0,0
gb,564ad5b08f53f,purple,0,0,0,0,0,0,0,0,0,0,0,0,0,0,0,0,0,0,5,0
gb,564ad5b08f53f,red,0,0,5,0,5,0,0,0,0,0,5,0,0,0,0,0,0,0,0,0
gb,564ad5b08f53f,turquoise,0,0,0,0,0,0,0,0,0,0,0,0,5,0,0,0,0,0,0,0
gb,564ad5b08f53f,white,0,0,0,0,0,0,0,0,0,0,0,5,0,0,0,0,0,0,0,0
gb,564ad5b08f53f,yellow,0,0,0,0,0,0,0,0,0,0,0,0,5,0,0,0,0,0,0,0
gb,564ae83a687f1,black,0,0,3,0,4,0,0,4,5,0,5,0,0,0,0,0,0,0,0,0
gb,564ae83a687f1,blue,0,0,0,0,0,0,0,0,0,0,0,0,0,0,0,0,0,0,0,0
gb,564ae83a687f1,brown,0,0,0,0,0,0,0,0,0,0,0,0,0,0,0,0,0,0,0,0
gb,564ae83a687f1,green,0,0,0,0,0,0,0,0,0,0,0,0,4,0,0,0,0,0,0,0
gb,564ae83a687f1,grey,0,0,0,0,0,0,0,0,0,0,0,0,0,0,0,0,2,0,4,0
gb,564ae83a687f1,orange,0,0,0,0,0,0,0,0,0,0,0,0,3,0,0,0,0,0,0,0
gb,564ae83a687f1,pink,0,0,0,0,0,3,0,0,0,0,0,0,5,0,4,0,0,0,0,0
gb,564ae83a687f1,purple,4,0,0,0,0,4,0,0,0,0,0,0,0,0,0,0,0,0,0,0
gb,564ae83a687f1,red,0,0,0,0,0,0,0,0,5,0,0,0,0,5,5,0,0,0,0,0
gb,564ae83a687f1,turquoise,0,0,0,0,0,5,0,0,0,0,0,0,5,0,5,0,0,0,0,0
gb,564ae83a687f1,white,0,0,0,0,0,0,0,0,0,0,0,0,0,0,0,0,0,0,5,0
gb,564ae83a687f1,yellow,3,0,0,0,0,0,0,0,0,0,0,0,5,0,4,0,0,0,0,0
gb,564b390a392b0,black,0,0,0,0,0,0,0,0,0,0,0,0,0,0,0,0,0,0,0,0
gb,564b390a392b0,blue,0,0,0,0,0,0,0,0,0,0,0,0,0,0,0,0,0,0,4,0
gb,564b390a392b0,brown,0,0,0,0,0,0,0,0,0,0,0,0,0,0,0,0,0,0,0,0
gb,564b390a392b0,green,0,0,0,0,0,0,0,0,0,0,0,0,0,0,0,0,0,0,0,0
gb,564b390a392b0,grey,0,0,0,0,0,0,0,0,0,0,0,0,0,0,0,0,0,0,0,0
gb,564b390a392b0,orange,0,0,0,0,0,0,0,0,0,0,0,0,0,0,0,0,0,0,0,0
gb,564b390a392b0,pink,0,0,0,0,0,3,0,0,0,0,0,0,0,0,0,0,0,0,0,0
gb,564b390a392b0,purple,0,0,0,0,0,0,0,0,0,0,0,0,0,0,0,0,0,0,0,0
gb,564b390a392b0,red,0,0,5,0,0,0,0,0,0,0,0,0,0,0,0,0,0,0,0,0
gb,564b390a392b0,turquoise,0,0,0,0,0,0,0,0,0,0,0,0,0,0,0,0,0,0,0,0
gb,564b390a392b0,white,0,0,0,0,0,0,0,0,0,0,0,0,0,0,0,0,0,0,0,0
gb,564b390a392b0,yellow,0,0,0,0,0,0,0,0,0,0,0,0,0,0,0,0,0,0,0,0
gb,564b8135ce656,black,0,0,0,3,0,0,0,0,0,0,0,0,0,0,0,0,0,0,5,0
gb,564b8135ce656,blue,4,0,0,0,0,0,0,0,0,0,0,0,0,0,0,0,4,0,0,0
gb,564b8135ce656,brown,0,0,0,0,0,0,3,3,0,0,0,0,0,0,0,0,0,0,0,0
gb,564b8135ce656,green,0,0,0,0,0,4,0,0,0,0,0,0,4,0,4,0,0,0,0,0
gb,564b8135ce656,grey,0,0,0,0,0,0,5,0,0,0,0,0,0,0,0,0,0,0,0,5
gb,564b8135ce656,orange,0,0,0,0,0,0,0,0,0,0,0,0,0,0,0,0,0,0,0,0
gb,564b8135ce656,pink,0,0,0,0,0,4,0,0,0,0,0,0,0,4,0,5,0,0,0,3
gb,564b8135ce656,purple,0,0,0,3,0,0,0,0,0,0,0,0,0,0,0,0,0,0,0,0
gb,564b8135ce656,red,0,0,4,0,0,0,0,0,0,0,0,0,4,3,3,0,0,0,0,0
gb,564b8135ce656,turquoise,0,2,0,3,0,0,0,0,0,0,0,0,2,0,0,3,0,0,0,0
gb,564b8135ce656,white,0,0,0,0,0,3,0,0,0,0,0,0,0,0,0,0,0,0,0,0
gb,564b8135ce656,yellow,0,0,0,0,4,0,0,4,0,0,4,0,0,0,0,0,0,0,0,0
gb,564bb7aff1118,black,0,0,4,0,0,0,0,0,0,0,0,0,0,0,0,0,0,0,4,0
gb,564bb7aff1118,blue,0,0,0,0,0,0,0,0,0,0,0,0,4,0,5,0,0,5,0,0
gb,564bb7aff1118,brown,0,0,0,0,0,4,0,0,0,0,0,0,0,0,0,0,0,0,0,0
gb,564bb7aff1118,green,4,0,0,0,0,5,0,0,0,0,0,0,4,3,5,0,0,0,0,0
gb,564bb7aff1118,grey,0,0,0,0,0,0,0,0,0,0,0,0,0,0,0,0,0,0,0,0
gb,564bb7aff1118,orange,0,0,0,0,0,0,0,0,0,0,0,0,0,0,0,0,0,0,0,0
gb,564bb7aff1118,pink,0,0,0,0,0,0,0,0,0,0,0,0,0,0,0,0,0,0,0,0
gb,564bb7aff1118,purple,0,0,0,0,0,0,0,0,0,0,0,3,0,0,0,0,0,0,0,0
gb,564bb7aff1118,red,0,0,3,0,0,0,0,0,0,0,0,0,0,0,0,0,0,0,0,0
gb,564bb7aff1118,turquoise,0,0,0,0,0,3,0,0,0,0,0,0,0,0,0,0,0,3,0,0
gb,564bb7aff1118,white,0,0,0,4,0,0,0,0,0,0,0,0,0,0,0,0,0,0,4,0
gb,564bb7aff1118,yellow,0,0,0,0,0,0,0,0,0,0,0,0,3,0,0,0,0,0,0,0
gb,564cd55ab90e9,black,0,0,5,0,0,0,3,0,3,4,4,0,0,4,0,4,0,0,0,0
gb,564cd55ab90e9,blue,3,0,0,0,0,0,4,0,0,0,0,4,0,0,0,4,0,0,4,0
gb,564cd55ab90e9,brown,0,0,0,0,0,3,4,0,0,0,0,0,0,0,0,0,0,0,4,0
gb,564cd55ab90e9,green,0,0,0,3,0,4,0,0,0,3,0,0,0,0,0,0,0,0,0,0
gb,564cd55ab90e9,grey,0,0,0,0,0,0,4,0,0,0,0,4,0,0,0,0,0,2,5,0
gb,564cd55ab90e9,orange,0,0,3,4,3,0,0,0,0,0,0,0,4,0,0,0,0,0,0,0
gb,564cd55ab90e9,pink,0,0,3,0,0,4,0,3,0,4,0,0,4,0,4,0,0,0,0,0
gb,564cd55ab90e9,purple,4,0,0,0,0,0,3,0,0,0,0,0,0,0,4,4,0,0,0,0
gb,564cd55ab90e9,red,0,0,5,0,0,0,0,0,3,0,0,0,0,3,5,0,0,0,0,0
gb,564cd55ab90e9,turquoise,0,4,0,0,0,5,0,0,0,0,0,0,4,0,3,0,0,3,4,0
gb,564cd55ab90e9,white,0,0,0,5,0,0,0,0,0,0,0,0,5,4,0,0,4,0,0,3
gb,564cd55ab90e9,yellow,0,0,0,0,0,0,0,0,4,0,0,0,5,4,0,0,4,0,0,0
gb,564f914aa0356,black,0,0,0,0,0,0,3,0,0,3,0,0,0,0,0,0,0,0,4,0
gb,564f914aa0356,blue,0,0,0,0,0,0,0,0,0,0,0,0,0,0,0,0,0,0,0,0
gb,564f914aa0356,brown,0,0,0,0,0,0,0,0,0,0,0,0,0,0,0,0,0,0,0,0
gb,564f914aa0356,green,0,0,0,0,0,0,0,3,0,0,0,0,0,0,0,0,0,0,0,0
gb,564f914aa0356,grey,0,0,0,0,0,0,0,0,0,0,0,0,0,0,0,0,0,0,0,0
gb,564f914aa0356,orange,0,0,0,3,0,0,0,0,0,0,0,0,3,0,0,0,0,0,0,0
gb,564f914aa0356,pink,0,0,0,0,0,0,0,0,0,0,0,0,0,0,0,3,0,0,0,0
gb,564f914aa0356,purple,0,0,0,0,0,4,0,0,0,0,0,0,4,0,4,0,0,0,0,0
gb,564f914aa0356,red,0,0,3,0,0,0,0,0,3,0,0,0,0,0,0,0,0,0,0,0
gb,564f914aa0356,turquoise,0,0,0,0,0,3,0,0,0,0,0,0,4,0,3,0,0,0,0,0
gb,564f914aa0356,white,0,0,0,3,0,0,0,0,0,0,0,0,0,0,0,0,0,3,0,0
gb,564f914aa0356,yellow,0,3,0,0,0,0,0,0,0,0,0,0,4,0,0,0,0,0,0,0
gb,5652084d22a03,black,0,0,5,0,5,0,5,4,4,3,5,0,0,0,0,0,3,0,4,4
gb,5652084d22a03,blue,4,0,0,0,0,0,0,0,0,0,0,0,0,0,0,4,0,0,3,0
gb,5652084d22a03,brown,0,0,0,0,0,4,0,0,0,0,0,0,0,0,0,0,0,0,0,0
gb,5652084d22a03,green,0,0,0,0,3,0,0,3,0,3,0,0,0,0,0,0,0,0,0,4
gb,5652084d22a03,grey,0,0,0,0,0,0,5,0,0,0,0,0,0,0,0,0,0,0,3,0
gb,5652084d22a03,orange,0,4,0,0,0,0,0,0,0,0,0,0,4,3,3,0,0,0,0,0
gb,5652084d22a03,pink,0,0,0,5,3,0,0,0,0,0,0,0,0,0,0,0,0,0,0,0
gb,5652084d22a03,purple,0,0,0,0,0,0,0,3,0,0,0,0,0,0,0,4,0,0,0,0
gb,5652084d22a03,red,0,0,5,0,4,0,0,3,3,0,5,0,0,5,4,4,0,0,0,0
gb,5652084d22a03,turquoise,0,0,0,0,0,4,0,0,0,0,0,0,0,0,0,4,0,0,0,0
gb,5652084d22a03,white,0,0,0,0,0,4,0,0,0,0,0,0,0,0,3,0,0,0,0,0
gb,5652084d22a03,yellow,0,5,0,0,0,0,0,0,0,0,0,0,5,3,5,0,0,0,0,0
gb,5698cdbd04a5d,black,0,0,0,0,4,0,2,0,0,0,0,0,0,0,0,0,0,0,3,0
gb,5698cdbd04a5d,blue,0,0,0,0,0,0,2,0,0,2,0,0,0,0,0,0,3,0,5,1
gb,5698cdbd04a5d,brown,0,0,0,0,0,0,0,0,0,0,0,0,0,0,0,0,0,0,0,0
gb,5698cdbd04a5d,green,0,0,0,0,0,0,0,0,0,0,0,0,0,0,0,0,0,0,0,0
gb,5698cdbd04a5d,grey,0,0,0,0,0,0,0,0,0,0,0,0,0,0,0,0,0,0,0,0
gb,5698cdbd04a5d,orange,3,0,0,0,0,5,0,0,0,0,0,0,0,0,4,4,0,0,0,0
gb,5698cdbd04a5d,pink,0,2,0,0,0,0,0,0,0,0,0,0,2,4,0,0,0,0,0,0
gb,5698cdbd04a5d,purple,1,0,0,3,0,0,0,0,0,0,0,0,0,0,0,0,0,0,0,0
gb,5698cdbd04a5d,red,0,0,4,0,0,0,0,0,0,0,0,0,0,4,0,0,0,0,0,0
gb,5698cdbd04a5d,turquoise,0,0,0,0,0,0,0,0,0,0,0,0,0,0,0,0,0,0,0,0
gb,5698cdbd04a5d,white,0,0,0,2,0,2,0,0,0,0,0,0,0,0,0,0,0,0,0,0
gb,5698cdbd04a5d,yellow,0,0,0,0,0,4,0,0,0,0,0,0,4,0,4,0,0,0,0,0
gb,56b308ff4576f,black,0,0,0,0,0,0,0,0,0,0,3,0,0,0,0,0,0,0,0,0
gb,56b308ff4576f,blue,0,0,0,0,0,0,0,0,0,0,0,0,0,0,0,0,0,0,0,0
gb,56b308ff4576f,brown,0,0,0,0,0,0,0,0,0,0,0,0,0,0,0,0,0,0,0,0
gb,56b308ff4576f,green,0,0,0,0,0,5,0,0,0,0,0,0,0,0,0,0,0,0,0,0
gb,56b308ff4576f,grey,0,0,0,0,0,0,0,0,0,0,0,0,0,0,0,0,0,0,0,0
gb,56b308ff4576f,orange,0,0,0,0,0,0,0,0,0,0,2,0,0,0,0,0,0,0,0,0
gb,56b308ff4576f,pink,0,0,0,0,0,0,0,0,0,0,0,0,0,3,0,0,0,0,0,0
gb,56b308ff4576f,purple,0,0,0,0,0,0,0,0,0,0,0,4,0,0,4,0,0,0,0,0
gb,56b308ff4576f,red,0,0,4,0,0,0,0,0,0,0,0,0,0,0,0,0,0,0,0,0
gb,56b308ff4576f,turquoise,0,0,0,0,0,0,0,0,0,0,0,4,0,0,4,0,0,0,0,0
gb,56b308ff4576f,white,0,0,0,0,0,0,0,0,0,0,0,0,0,0,3,0,0,0,0,0
gb,56b308ff4576f,yellow,0,0,0,0,0,0,0,0,0,0,0,0,0,0,0,0,0,0,0,0
gr,55397e4c0b610,black,0,5,0,0,0,0,0,0,4,0,0,0,0,0,0,0,0,0,0,0
gr,55397e4c0b610,blue,0,0,0,0,0,0,0,0,0,0,0,2,0,0,0,0,0,0,0,0
gr,55397e4c0b610,brown,0,0,0,3,0,0,0,3,0,0,0,0,0,0,0,0,0,0,0,0
gr,55397e4c0b610,green,0,0,0,3,0,0,0,0,0,0,0,0,0,0,0,0,0,0,0,0
gr,55397e4c0b610,grey,0,0,0,0,0,4,0,0,0,0,0,0,0,0,0,0,0,0,4,0
gr,55397e4c0b610,orange,3,0,0,0,0,4,0,0,0,0,0,5,0,0,0,0,0,0,0,0
gr,55397e4c0b610,pink,0,0,0,0,0,0,3,0,0,0,0,0,0,0,0,0,0,0,0,0
gr,55397e4c0b610,purple,0,0,0,5,0,0,0,0,0,0,0,5,0,4,0,0,0,0,0,0
gr,55397e4c0b610,red,0,0,4,0,0,5,0,0,0,0,0,0,0,3,0,0,0,0,0,4
gr,55397e4c0b610,turquoise,0,0,0,0,0,0,0,0,0,0,0,0,0,0,4,0,0,0,0,0
gr,55397e4c0b610,white,0,0,0,0,0,0,0,0,0,0,0,0,0,0,0,5,0,0,0,0
gr,55397e4c0b610,yellow,0,0,0,0,0,0,0,0,0,0,0,5,0,0,0,0,0,0,0,0
gr,5564292d37300,black,3,0,0,0,0,3,3,0,3,0,3,4,0,0,0,3,0,0,0,0
gr,5564292d37300,blue,3,0,0,0,0,0,0,0,0,0,0,4,0,0,0,4,0,0,0,0
gr,5564292d37300,brown,0,0,0,3,0,0,3,0,3,0,0,0,0,0,0,0,3,0,3,0
gr,5564292d37300,green,0,0,0,0,0,3,0,0,0,0,0,5,0,0,0,4,0,0,0,0
gr,5564292d37300,grey,2,0,0,0,3,0,0,0,2,0,0,4,0,0,0,0,2,0,0,0
gr,5564292d37300,orange,0,4,0,0,0,0,0,0,0,0,0,4,0,0,0,0,0,0,0,0
gr,5564292d37300,pink,0,0,0,3,0,0,0,0,0,0,0,4,3,3,0,0,3,3,0,0
gr,5564292d37300,purple,0,0,0,0,0,0,0,0,0,3,0,0,0,0,0,3,3,0,3,0
gr,5564292d37300,red,3,0,4,0,0,4,0,0,3,3,0,3,0,0,0,0,0,0,0,3
gr,5564292d37300,turquoise,0,0,0,3,0,0,0,0,0,0,0,0,0,3,0,0,0,2,0,0
gr,5564292d37300,white,4,0,0,0,0,3,0,0,4,0,0,3,4,4,0,0,0,4,0,0
gr,5564292d37300,yellow,0,4,0,0,0,0,0,0,0,0,0,4,3,0,0,0,0,0,0,3
gr,55d0ba81d940a,black,0,0,0,0,0,0,0,0,0,0,0,0,0,0,0,0,0,0,5,0
gr,55d0ba81d940a,blue,3,3,0,0,0,0,0,0,0,0,0,0,3,3,3,4,0,4,0,0
gr,55d0ba81d940a,brown,0,0,0,0,0,0,0,0,0,0,0,0,0,0,0,0,0,0,0,0
gr,55d0ba81d940a,green,0,0,0,0,0,2,0,0,0,0,0,0,0,0,0,0,0,3,0,0
gr,55d0ba81d940a,grey,0,0,0,0,3,0,2,0,0,0,0,0,0,0,0,0,0,0,4,0
gr,55d0ba81d940a,orange,0,4,0,0,0,2,0,0,0,0,0,4,4,0,4,0,0,0,0,0
gr,55d0ba81d940a,pink,0,0,0,0,0,0,0,0,0,0,0,0,0,4,3,0,0,2,0,0
gr,55d0ba81d940a,purple,0,0,0,0,0,0,0,0,0,0,0,0,0,0,0,0,0,0,4,0
gr,55d0ba81d940a,red,0,5,4,0,0,0,0,0,0,0,4,0,4,3,2,0,0,0,0,2
gr,55d0ba81d940a,turquoise,0,0,0,0,0,4,0,0,0,0,0,0,3,3,3,0,0,3,0,0
gr,55d0ba81d940a,white,0,0,0,0,0,5,0,0,0,0,0,0,0,5,5,5,0,5,0,0
gr,55d0ba81d940a,yellow,3,3,0,0,0,0,0,0,0,0,0,4,4,0,4,3,0,0,0,0
gr,55f034a466b9e,black,0,0,5,0,3,0,0,0,5,5,5,0,0,3,0,0,5,0,5,0
gr,55f034a466b9e,blue,0,0,0,0,0,4,0,0,0,0,0,0,0,0,0,0,0,0,0,0
gr,55f034a466b9e,brown,0,0,0,4,5,0,4,0,0,0,0,0,0,0,0,0,5,0,5,0
gr,55f034a466b9e,green,0,0,0,0,0,0,0,5,0,0,0,0,0,0,0,0,3,4,0,0
gr,55f034a466b9e,grey,0,0,0,0,0,0,5,3,4,0,3,0,0,0,0,0,0,0,0,0
gr,55f034a466b9e,orange,0,0,4,0,0,0,0,3,0,0,0,4,3,0,0,0,0,0,0,0
gr,55f034a466b9e,pink,0,0,0,0,0,0,0,0,0,3,0,0,0,4,4,0,0,0,0,0
gr,55f034a466b9e,purple,0,0,0,0,2,0,4,0,4,0,0,0,0,0,0,0,0,0,5,0
gr,55f034a466b9e,red,0,5,5,0,0,5,0,0,0,0,0,0,0,5,4,0,0,0,0,5
gr,55f034a466b9e,turquoise,0,0,0,0,0,4,0,0,0,0,0,0,0,0,4,0,3,0,0,0
gr,55f034a466b9e,white,4,0,0,0,5,0,0,0,0,0,0,4,5,0,0,0,4,5,0,0
gr,55f034a466b9e,yellow,0,4,0,0,0,0,0,5,0,0,0,0,5,0,0,0,0,0,0,0
gr,55f035d40b01d,black,0,0,4,0,0,0,5,3,5,5,4,0,0,0,0,0,0,0,5,4
gr,55f035d40b01d,blue,0,0,4,0,0,0,0,0,3,0,0,0,0,0,0,0,0,0,0,0
gr,55f035d40b01d,brown,0,0,0,0,0,0,0,0,0,0,0,0,0,0,0,0,0,0,4,0
gr,55f035d40b01d,green,3,3,0,0,0,3,0,0,0,0,0,5,3,0,3,3,0,3,0,0
gr,55f035d40b01d,grey,0,0,0,0,5,0,5,0,0,0,0,0,0,0,0,0,0,0,0,0
gr,55f035d40b01d,orange,0,0,5,0,0,0,5,5,5,0,3,0,0,0,0,0,0,0,0,0
gr,55f035d40b01d,pink,5,5,0,4,0,5,0,0,0,0,0,0,5,3,5,0,0,4,0,0
gr,55f035d40b01d,purple,5,5,0,5,0,5,0,0,0,0,0,5,5,5,5,5,0,0,3,0
gr,55f035d40b01d,red,0,5,5,0,0,3,0,0,5,0,5,5,5,4,5,0,5,0,0,0
gr,55f035d40b01d,turquoise,4,3,0,0,0,4,0,0,0,0,0,5,5,0,4,0,0,0,0,0
gr,55f035d40b01d,white,5,0,0,5,0,5,0,0,0,0,0,5,5,5,5,5,0,5,0,0
gr,55f035d40b01d,yellow,0,0,5,0,0,0,4,5,4,3,5,0,0,0,0,0,0,0,0,5
gr,55f03734e1568,black,0,4,2,2,0,0,3,0,3,3,2,0,0,0,0,0,0,0,5,0
gr,55f03734e1568,blue,0,0,0,0,0,0,0,0,0,0,0,4,0,0,0,5,0,2,2,0
gr,55f03734e1568,brown,0,0,0,0,3,0,3,0,0,0,0,3,0,0,0,0,0,0,0,0
gr,55f03734e1568,green,0,4,0,0,0,3,0,5,3,0,0,0,0,0,3,0,0,5,0,0
gr,55f03734e1568,grey,0,0,0,0,0,0,4,0,0,1,0,0,0,0,0,0,1,0,5,0
gr,55f03734e1568,orange,4,5,2,0,0,3,0,0,0,0,0,4,5,2,5,0,0,1,0,1
gr,55f03734e1568,pink,0,3,0,4,0,0,0,0,0,0,0,3,3,5,3,0,0,4,0,0
gr,55f03734e1568,purple,0,0,0,0,0,0,0,0,0,0,0,3,0,0,0,0,0,4,0,0
gr,55f03734e1568,red,4,5,5,0,0,4,0,0,0,3,3,0,5,5,3,0,0,0,0,3
gr,55f03734e1568,turquoise,0,0,0,0,0,0,0,0,0,0,0,0,4,0,0,5,0,1,0,0
gr,55f03734e1568,white,5,0,0,0,0,0,0,0,0,0,0,0,5,0,0,5,0,5,0,0
gr,55f03734e1568,yellow,3,3,0,0,0,3,0,0,0,0,0,0,5,0,3,0,0,0,0,0
gr,55f037c175aee,black,0,0,0,0,0,0,0,0,0,0,5,0,0,0,0,0,0,0,0,0
gr,55f037c175aee,blue,0,0,5,0,0,0,0,0,5,0,5,0,0,0,0,0,0,0,0,0
gr,55f037c175aee,brown,0,0,0,0,0,0,0,5,0,0,0,0,0,0,0,0,0,0,0,0
gr,55f037c175aee,green,0,0,0,0,0,0,0,0,0,0,0,0,0,0,0,0,0,0,0,0
gr,55f037c175aee,grey,0,0,0,0,5,0,5,0,0,0,0,0,0,0,0,0,0,0,0,0
gr,55f037c175aee,orange,0,0,0,0,0,0,0,0,0,0,0,0,5,0,0,0,0,0,0,0
gr,55f037c175aee,pink,0,0,0,0,0,0,0,0,0,0,0,0,0,4,0,0,0,0,0,0
gr,55f037c175aee,purple,0,5,0,0,0,0,0,0,0,0,0,0,0,0,5,0,0,0,0,0
gr,55f037c175aee,red,5,0,0,0,0,0,0,0,0,5,0,0,5,5,0,0,0,0,0,5
gr,55f037c175aee,turquoise,0,0,0,0,0,0,0,0,0,0,0,0,0,0,0,0,0,0,0,0
gr,55f037c175aee,white,0,0,0,0,0,0,0,0,0,0,0,0,0,0,0,0,5,5,0,0
gr,55f037c175aee,yellow,0,0,0,5,0,0,0,0,0,0,0,0,5,0,0,0,0,0,0,0
gr,55f03ae83f849,black,0,0,0,0,0,0,0,0,4,0,0,5,0,0,0,0,0,0,2,0
gr,55f03ae83f849,blue,5,5,0,0,0,5,0,0,0,0,0,5,5,5,5,5,0,5,0,0
gr,55f03ae83f849,brown,0,0,0,0,0,0,2,0,0,0,0,0,0,0,0,0,0,0,2,0
gr,55f03ae83f849,green,5,4,0,0,0,5,0,0,0,0,0,5,4,3,5,5,0,4,0,0
gr,55f03ae83f849,grey,0,0,0,0,0,0,0,0,0,0,0,0,0,0,0,0,0,0,0,0
gr,55f03ae83f849,orange,0,0,0,0,3,0,0,0,0,0,0,0,3,0,0,0,0,0,0,0
gr,55f03ae83f849,pink,0,0,0,0,0,0,0,0,0,0,0,0,4,3,0,0,0,3,0,0
gr,55f03ae83f849,purple,0,0,0,0,0,0,2,0,0,0,0,0,0,0,3,0,0,0,2,0
gr,55f03ae83f849,red,5,0,0,0,0,5,0,0,0,0,0,5,5,5,5,0,0,0,0,0
gr,55f03ae83f849,turquoise,5,5,0,0,0,5,0,0,0,0,0,5,5,5,5,5,0,5,0,0
gr,55f03ae83f849,white,0,0,0,0,0,5,0,0,0,0,0,0,0,0,5,0,0,0,0,0
gr,55f03ae83f849,yellow,0,4,0,0,0,0,0,0,0,0,0,0,4,0,0,0,0,0,0,0
gr,55f03f1ac2308,black,0,0,0,0,0,0,0,0,0,0,0,0,0,0,0,0,0,0,0,0
gr,55f03f1ac2308,blue,0,0,0,0,0,5,0,0,0,0,0,0,0,0,0,0,0,0,0,0
gr,55f03f1ac2308,brown,0,0,0,4,0,0,0,0,0,0,0,0,0,0,0,0,0,0,0,0
gr,55f03f1ac2308,green,0,0,0,0,0,0,0,0,0,0,0,5,0,0,0,0,0,0,0,0
gr,55f03f1ac2308,grey,0,0,0,0,0,0,0,0,0,4,0,0,0,0,0,0,0,0,0,0
gr,55f03f1ac2308,orange,0,0,0,0,0,0,0,0,0,0,0,0,0,0,0,4,0,0,0,0
gr,55f03f1ac2308,pink,0,0,0,0,0,0,0,0,0,0,0,0,0,0,4,0,0,0,0,0
gr,55f03f1ac2308,purple,0,0,0,0,0,0,0,0,0,0,0,0,0,0,0,4,0,0,4,0
gr,55f03f1ac2308,red,0,0,0,0,0,0,0,0,0,0,0,0,0,5,0,0,0,0,0,0
gr,55f03f1ac2308,turquoise,0,0,0,0,0,0,0,0,0,0,0,0,0,0,0,0,0,5,0,0
gr,55f03f1ac2308,white,0,0,0,0,0,0,0,0,0,0,0,0,0,0,0,0,0,0,0,0
gr,55f03f1ac2308,yellow,4,0,0,0,0,0,0,0,0,0,0,0,0,0,0,0,0,0,0,0
gr,55f0403617e34,black,0,0,0,0,0,0,0,0,0,0,0,0,0,0,0,0,0,0,5,0
gr,55f0403617e34,blue,0,0,0,0,0,4,0,0,0,0,0,3,0,0,0,4,0,5,0,0
gr,55f0403617e34,brown,0,0,0,4,0,0,0,0,0,0,0,0,0,0,0,0,0,0,0,0
gr,55f0403617e34,green,0,0,0,0,0,0,0,5,0,0,0,0,0,0,0,0,0,0,0,0
gr,55f0403617e34,grey,0,0,0,0,4,0,4,0,0,0,0,0,0,0,0,0,0,0,4,0
gr,55f0403617e34,orange,0,0,0,0,0,0,0,0,0,0,0,0,0,0,0,4,0,0,0,0
gr,55f0403617e34,pink,0,0,0,0,0,4,0,0,0,0,0,4,0,5,4,0,0,0,0,0
gr,55f0403617e34,purple,0,0,0,0,0,0,2,0,0,0,0,0,0,0,0,0,2,0,3,0
gr,55f0403617e34,red,0,4,4,0,0,0,0,0,0,0,2,0,5,5,0,3,0,0,0,0
gr,55f0403617e34,turquoise,0,4,0,0,0,0,0,0,0,0,0,4,3,0,0,0,0,4,0,0
gr,55f0403617e34,white,4,0,0,0,0,0,0,0,0,0,0,0,4,0,0,0,0,5,0,0
gr,55f0403617e34,yellow,0,0,0,0,4,0,0,0,0,2,5,0,0,0,0,0,0,0,0,0
gr,55f0414f07f4b,black,0,0,0,0,0,0,0,0,5,0,0,0,0,0,0,0,0,0,0,0
gr,55f0414f07f4b,blue,0,0,0,0,0,0,0,0,0,0,0,0,0,0,0,0,0,5,0,0
gr,55f0414f07f4b,brown,0,0,0,0,0,0,1,0,0,0,0,0,0,0,0,0,0,0,0,0
gr,55f0414f07f4b,green,0,0,0,0,0,0,0,0,0,0,0,0,0,0,0,4,0,0,0,0
gr,55f0414f07f4b,grey,0,0,0,0,3,0,0,0,0,0,0,0,0,0,0,0,0,0,0,0
gr,55f0414f07f4b,orange,0,5,0,0,0,0,0,0,0,0,0,0,0,0,0,0,0,0,0,0
gr,55f0414f07f4b,pink,0,0,0,0,0,0,0,0,0,0,0,0,0,0,5,0,0,0,0,0
gr,55f0414f07f4b,purple,0,0,0,0,0,0,0,0,0,0,0,0,0,0,0,0,0,0,5,0
gr,55f0414f07f4b,red,0,0,0,0,0,0,0,0,0,0,0,0,0,5,0,0,0,0,0,3
gr,55f0414f07f4b,turquoise,0,0,0,0,0,0,0,0,0,0,0,0,0,0,0,0,0,5,0,0
gr,55f0414f07f4b,white,0,0,0,0,0,5,0,0,0,2,0,0,0,0,0,0,0,4,0,0
gr,55f0414f07f4b,yellow,0,0,5,0,0,0,0,0,0,0,5,0,0,0,0,0,0,0,0,0
gr,55f044f2379f1,black,0,0,5,0,5,0,3,0,4,4,0,0,0,0,0,0,0,0,0,2
gr,55f044f2379f1,blue,0,0,0,0,1,0,0,0,0,0,0,0,0,0,0,0,3,4,5,0
gr,55f044f2379f1,brown,0,0,4,0,5,0,0,5,3,4,0,0,0,0,0,0,0,0,3,0
gr,55f044f2379f1,green,0,3,0,0,0,0,0,0,0,2,0,4,3,0,0,3,3,0,0,0
gr,55f044f2379f1,grey,0,0,2,0,0,0,5,0,5,5,0,0,0,0,0,0,0,0,5,5
gr,55f044f2379f1,orange,4,5,0,4,0,3,0,0,0,0,0,5,4,3,3,4,0,0,0,0
gr,55f044f2379f1,pink,0,0,0,0,0,0,0,0,0,0,0,0,0,0,4,0,0,0,0,3
gr,55f044f2379f1,purple,0,0,3,0,2,0,2,0,3,4,2,0,0,0,0,0,4,0,5,4
gr,55f044f2379f1,red,5,5,0,0,0,0,0,0,0,0,0,4,5,4,0,5,0,0,0,0
gr,55f044f2379f1,turquoise,4,0,0,0,2,4,0,0,0,0,0,4,0,0,4,0,3,0,0,2
gr,55f044f2379f1,white,5,0,0,0,0,3,0,0,0,0,0,3,5,4,3,5,0,5,0,0
gr,55f044f2379f1,yellow,0,0,4,0,5,0,0,3,4,4,4,0,0,0,0,0,0,0,0,4
gr,55f04551755ea,black,0,0,0,0,0,0,5,0,0,0,0,0,0,0,0,0,0,0,5,0
gr,55f04551755ea,blue,0,0,0,0,0,0,0,0,0,3,0,0,0,0,0,0,0,0,3,0
gr,55f04551755ea,brown,0,0,0,0,0,0,0,3,0,0,0,0,0,0,0,0,0,0,0,0
gr,55f04551755ea,green,0,0,0,0,4,0,0,0,0,0,0,0,0,0,0,0,0,0,0,0
gr,55f04551755ea,grey,0,0,0,0,0,0,0,0,0,5,0,0,0,0,0,0,0,0,5,0
gr,55f04551755ea,orange,0,0,0,0,0,0,0,0,0,0,0,0,4,0,0,0,0,0,0,0
gr,55f04551755ea,pink,0,0,0,0,0,0,0,0,0,0,0,0,0,3,0,0,0,0,0,2
gr,55f04551755ea,purple,0,0,0,0,0,0,0,0,0,0,0,0,0,0,0,0,0,0,5,0
gr,55f04551755ea,red,0,0,4,0,0,0,0,0,0,0,0,0,0,5,0,0,0,0,0,0
gr,55f04551755ea,turquoise,0,0,0,0,0,0,0,0,0,0,0,0,0,0,0,3,0,0,2,0
gr,55f04551755ea,white,0,0,0,0,0,0,0,0,0,0,0,0,0,0,0,0,0,0,0,0
gr,55f04551755ea,yellow,0,3,0,0,0,0,0,0,0,0,0,0,5,0,3,0,0,0,0,0
gr,55f0488b44625,black,0,0,0,0,0,0,0,0,0,5,0,0,0,0,0,0,0,0,0,0
gr,55f0488b44625,blue,0,0,0,0,0,0,0,0,0,0,0,0,5,0,0,0,0,0,0,0
gr,55f0488b44625,brown,0,0,0,0,5,0,0,0,0,0,0,0,0,0,0,0,0,0,0,0
gr,55f0488b44625,green,0,0,0,0,0,0,0,0,0,0,0,0,0,0,0,0,0,5,0,0
gr,55f0488b44625,grey,0,0,0,0,0,0,5,0,0,0,0,0,0,0,0,0,0,0,0,0
gr,55f0488b44625,orange,0,5,0,0,0,0,0,0,0,0,0,0,0,0,0,0,0,0,0,0
gr,55f0488b44625,pink,0,0,0,0,0,0,0,0,0,0,0,5,0,0,0,0,0,0,0,0
gr,55f0488b44625,purple,0,0,0,0,0,0,0,0,0,0,0,0,0,0,0,0,5,0,0,0
gr,55f0488b44625,red,0,0,5,0,0,0,0,0,0,0,0,0,0,0,0,0,0,0,0,0
gr,55f0488b44625,turquoise,0,0,0,0,0,0,0,0,0,0,0,0,0,0,5,0,0,0,0,0
gr,55f0488b44625,white,0,0,0,0,0,0,0,0,0,0,0,0,0,5,0,0,0,0,0,0
gr,55f0488b44625,yellow,0,0,0,0,0,0,0,0,5,0,0,0,0,0,0,0,0,0,0,0
gr,55f04ac554941,black,1,1,5,2,1,1,5,3,5,5,4,1,1,1,1,1,4,1,5,4
gr,55f04ac554941,blue,5,4,1,4,1,3,1,2,1,1,1,4,3,2,3,5,1,4,1,1
gr,55f04ac554941,brown,1,1,1,1,2,1,1,2,1,1,1,1,1,1,2,1,1,1,3,1
gr,55f04ac554941,green,3,4,1,2,1,4,1,4,1,1,1,4,3,3,4,4,1,2,1,3
gr,55f04ac554941,grey,1,1,3,1,1,1,4,3,5,3,1,1,1,1,1,1,3,1,4,3
gr,55f04ac554941,orange,2,2,2,2,1,3,1,3,1,2,2,2,3,2,3,2,2,2,2,2
gr,55f04ac554941,pink,4,3,1,1,1,4,1,1,1,1,1,3,4,3,4,3,1,3,1,1
gr,55f04ac554941,purple,3,3,3,3,3,3,3,3,3,4,4,4,3,2,3,3,4,2,4,4
gr,55f04ac554941,red,3,5,5,4,2,3,1,2,1,1,3,5,5,5,4,4,1,3,1,1
gr,55f04ac554941,turquoise,5,3,1,3,1,5,1,1,1,1,1,4,4,5,4,3,1,5,1,1
gr,55f04ac554941,white,2,2,2,3,1,3,1,1,1,3,2,3,3,2,3,2,3,4,4,2
gr,55f04ac554941,yellow,2,2,3,1,3,2,1,4,2,1,3,3,2,2,2,3,1,1,1,1
gr,55f051e5e128e,black,0,0,5,0,4,0,3,0,3,4,5,0,0,0,0,0,0,0,5,3
gr,55f051e5e128e,blue,0,0,0,0,0,0,0,0,0,0,0,4,0,0,0,4,0,0,2,0
gr,55f051e5e128e,brown,0,0,0,0,0,0,0,2,0,0,0,0,0,0,0,0,0,0,3,3
gr,55f051e5e128e,green,0,0,0,0,0,0,0,0,0,0,0,0,0,0,0,0,0,4,0,0
gr,55f051e5e128e,grey,0,0,0,0,0,0,4,0,0,4,0,0,0,0,0,0,0,0,5,0
gr,55f051e5e128e,orange,5,0,0,0,0,0,0,0,0,0,0,0,0,0,0,5,0,0,0,0
gr,55f051e5e128e,pink,0,0,0,0,0,0,0,0,0,0,0,0,4,5,4,0,0,4,0,0
gr,55f051e5e128e,purple,0,0,0,0,0,0,0,0,4,0,0,0,0,0,0,0,0,0,5,0
gr,55f051e5e128e,red,5,0,0,0,0,0,0,0,0,0,0,0,0,0,0,4,0,0,0,0
gr,55f051e5e128e,turquoise,0,0,0,0,0,0,0,0,0,0,0,5,0,0,0,0,0,4,0,0
gr,55f051e5e128e,white,0,0,0,0,0,5,0,0,0,0,0,0,0,0,0,0,0,5,0,0
gr,55f051e5e128e,yellow,0,0,5,0,4,0,0,0,0,0,5,0,0,0,0,0,0,0,0,0
gr,55f05306a7f63,black,0,0,0,0,0,0,0,0,0,0,0,0,0,0,0,0,0,0,5,0
gr,55f05306a7f63,blue,0,0,0,0,0,0,0,2,0,0,0,0,0,0,0,0,0,0,0,0
gr,55f05306a7f63,brown,0,0,0,0,0,0,0,0,0,0,0,0,0,0,0,0,0,0,0,0
gr,55f05306a7f63,green,0,0,0,0,0,0,0,0,0,0,0,0,5,0,0,0,0,0,0,0
gr,55f05306a7f63,grey,0,0,0,0,5,0,0,0,0,0,0,0,0,0,0,0,0,0,5,0
gr,55f05306a7f63,orange,0,0,0,0,0,0,0,0,0,0,0,3,0,0,4,0,0,0,0,0
gr,55f05306a7f63,pink,0,0,0,0,0,3,0,0,0,0,0,0,0,5,0,0,0,0,0,0
gr,55f05306a7f63,purple,5,0,0,0,0,0,0,0,0,0,0,0,0,0,0,0,0,0,0,0
gr,55f05306a7f63,red,5,5,0,0,0,0,0,0,0,0,0,0,0,5,0,5,0,0,0,0
gr,55f05306a7f63,turquoise,0,0,0,0,0,0,0,0,0,0,0,0,0,0,3,0,0,0,0,0
gr,55f05306a7f63,white,0,0,0,0,0,0,0,0,0,0,0,0,0,0,0,0,0,0,0,0
gr,55f05306a7f63,yellow,0,0,0,0,0,0,0,0,0,0,0,0,5,0,5,0,0,0,0,0
gr,55f05314758c0,black,0,0,5,0,0,0,0,0,5,4,5,0,0,0,0,0,0,0,0,0
gr,55f05314758c0,blue,0,0,0,0,0,3,0,0,0,0,0,0,3,0,0,0,0,0,0,0
gr,55f05314758c0,brown,0,0,0,0,0,0,0,0,0,0,0,0,0,0,0,0,0,0,3,0
gr,55f05314758c0,green,0,0,0,0,0,4,0,0,0,0,0,5,0,0,0,0,0,3,0,0
gr,55f05314758c0,grey,0,0,0,0,0,0,0,0,0,0,0,0,0,0,0,0,0,0,4,0
gr,55f05314758c0,orange,0,0,0,0,0,0,0,0,0,0,0,0,0,0,5,0,0,0,0,0
gr,55f05314758c0,pink,0,4,0,0,0,0,0,0,0,0,0,0,4,0,4,0,0,0,0,0
gr,55f05314758c0,purple,0,0,0,0,0,0,0,0,0,0,0,0,0,0,0,4,0,0,2,0
gr,55f05314758c0,red,0,0,0,0,0,4,0,0,0,0,0,4,0,5,0,0,0,0,0,0
gr,55f05314758c0,turquoise,0,0,0,0,0,0,0,0,0,0,0,5,0,0,0,0,0,3,0,0
gr,55f05314758c0,white,5,0,0,0,0,5,0,0,0,0,0,0,0,0,0,5,0,0,0,0
gr,55f05314758c0,yellow,0,0,0,0,0,0,0,0,0,3,0,0,0,0,0,0,5,0,0,0
gr,55f054b603e3f,black,0,0,4,0,4,0,3,0,5,4,5,0,0,0,0,0,0,0,5,0
gr,55f054b603e3f,blue,0,0,0,0,0,0,4,0,4,3,0,0,0,0,0,0,0,0,5,4
gr,55f054b603e3f,brown,0,0,0,0,0,0,0,0,0,0,0,0,0,0,0,0,0,0,0,0
gr,55f054b603e3f,green,0,1,0,0,0,3,0,0,0,0,0,3,3,0,4,0,0,3,0,0
gr,55f054b603e3f,grey,0,0,1,0,0,0,5,0,0,2,2,0,0,0,0,0,0,0,4,0
gr,55f054b603e3f,orange,0,4,1,0,0,3,0,0,0,0,0,3,1,0,2,5,0,0,0,0
gr,55f054b603e3f,pink,0,4,0,0,0,3,0,0,0,0,0,3,4,4,4,0,0,1,0,0
gr,55f054b603e3f,purple,0,2,0,0,0,0,0,0,0,0,0,0,0,0,4,0,0,0,0,0
gr,55f054b603e3f,red,0,0,3,0,0,4,0,0,0,2,2,4,0,5,4,0,0,0,0,0
gr,55f054b603e3f,turquoise,0,3,0,4,0,3,2,0,0,1,0,0,4,2,5,0,0,5,3,0
gr,55f054b603e3f,white,0,3,0,5,0,0,0,0,0,0,0,0,3,0,4,0,5,5,0,0
gr,55f054b603e3f,yellow,0,3,0,0,0,0,0,0,0,0,2,2,0,0,0,2,0,0,0,0
gr,55f0580a83d36,black,0,0,0,0,0,0,4,0,5,0,3,0,0,0,0,0,0,0,5,2
gr,55f0580a83d36,blue,0,0,0,0,0,4,0,0,0,0,0,4,0,0,5,0,0,0,0,0
gr,55f0580a83d36,brown,0,0,0,0,0,0,0,3,0,0,0,0,0,0,0,0,0,0,0,4
gr,55f0580a83d36,green,0,0,5,0,0,0,0,4,0,0,0,0,0,0,0,0,0,0,0,0
gr,55f0580a83d36,grey,0,0,0,0,0,0,0,0,0,5,0,0,0,0,0,0,0,0,0,4
gr,55f0580a83d36,orange,0,0,0,0,0,0,0,0,0,0,0,0,0,0,0,0,3,0,0,0
gr,55f0580a83d36,pink,0,3,0,0,0,0,0,0,0,0,0,4,5,5,4,0,0,0,0,0
gr,55f0580a83d36,purple,0,0,0,0,0,0,0,0,0,0,0,0,0,0,0,0,0,0,4,0
gr,55f0580a83d36,red,5,5,0,0,0,0,0,0,0,0,0,4,2,3,4,0,0,0,0,0
gr,55f0580a83d36,turquoise,0,0,0,0,0,5,0,0,0,0,0,0,5,0,0,5,0,4,0,0
gr,55f0580a83d36,white,4,0,0,5,0,4,0,0,0,0,0,0,5,5,0,5,0,0,0,0
gr,55f0580a83d36,yellow,0,0,0,0,4,0,0,0,0,3,0,0,0,0,0,0,0,0,0,0
gr,55f059e7c6f0b,black,1,1,4,3,0,0,5,4,5,0,5,1,0,0,0,0,3,0,5,0
gr,55f059e7c6f0b,blue,5,3,1,2,0,4,1,0,2,1,0,4,2,4,4,5,1,3,3,1
gr,55f059e7c6f0b,brown,0,1,1,2,3,0,3,4,0,0,0,0,0,0,0,0,0,0,4,0
gr,55f059e7c6f0b,green,5,5,1,0,0,3,0,0,0,0,0,3,4,3,5,3,2,3,0,0
gr,55f059e7c6f0b,grey,0,0,4,2,0,0,4,3,5,0,0,0,0,0,0,0,0,1,5,0
gr,55f059e7c6f0b,orange,4,3,0,4,0,0,0,0,2,2,0,4,3,4,4,0,2,4,0,3
gr,55f059e7c6f0b,pink,4,5,0,4,0,0,0,0,0,3,0,4,4,4,3,0,0,3,0,4
gr,55f059e7c6f0b,purple,3,2,1,3,4,0,2,0,3,0,4,2,2,1,1,0,3,3,1,3
gr,55f059e7c6f0b,red,4,4,3,0,4,4,3,2,3,3,3,4,3,5,4,2,0,2,0,4
gr,55f059e7c6f0b,turquoise,4,3,0,3,0,4,0,0,0,2,0,4,4,4,5,5,3,4,3,4
gr,55f059e7c6f0b,white,5,4,0,5,0,0,0,0,2,2,0,3,4,4,4,5,4,5,0,4
gr,55f059e7c6f0b,yellow,3,3,3,0,0,0,0,0,0,0,0,2,2,4,3,0,3,4,0,3
gr,55f05a8101a2a,black,0,0,0,0,5,0,0,0,0,0,0,0,0,0,0,0,0,0,0,0
gr,55f05a8101a2a,blue,5,0,0,0,0,0,0,0,0,0,0,0,0,0,0,0,0,0,0,0
gr,55f05a8101a2a,brown,0,0,0,0,0,0,0,5,0,0,0,0,0,0,0,0,0,0,0,0
gr,55f05a8101a2a,green,0,0,0,0,3,0,0,0,0,0,0,0,0,0,0,0,0,0,0,0
gr,55f05a8101a2a,grey,0,0,0,0,0,0,0,0,0,5,0,0,0,0,0,0,0,0,0,0
gr,55f05a8101a2a,orange,0,0,0,0,0,0,0,0,0,0,0,0,5,0,0,0,0,0,0,0
gr,55f05a8101a2a,pink,0,0,0,0,0,0,0,0,0,0,0,0,0,0,5,0,0,0,0,0
gr,55f05a8101a2a,purple,0,0,0,0,0,0,0,0,5,0,0,0,0,0,0,0,0,0,0,0
gr,55f05a8101a2a,red,0,0,0,0,0,0,0,0,0,0,0,0,0,5,0,0,0,0,0,0
gr,55f05a8101a2a,turquoise,0,0,0,0,0,0,0,0,0,0,0,0,0,0,5,0,0,0,0,0
gr,55f05a8101a2a,white,0,0,0,0,0,0,0,0,0,0,0,0,0,0,0,3,0,0,0,0
gr,55f05a8101a2a,yellow,0,0,0,0,0,0,0,0,0,0,5,0,0,0,0,0,0,0,0,0
gr,55f05fca45ca8,black,0,0,0,0,0,0,5,0,0,5,0,0,0,0,0,0,0,0,5,0
gr,55f05fca45ca8,blue,0,0,0,0,0,0,0,0,0,0,0,0,0,0,0,4,0,5,0,0
gr,55f05fca45ca8,brown,0,0,0,0,3,0,0,0,0,0,0,0,0,0,0,0,0,0,5,0
gr,55f05fca45ca8,green,0,0,0,0,0,5,0,0,0,0,0,4,4,0,0,0,0,4,0,0
gr,55f05fca45ca8,grey,0,0,0,0,0,0,0,0,0,0,0,0,0,0,0,0,0,0,0,0
gr,55f05fca45ca8,orange,0,5,0,0,0,0,0,0,0,0,0,0,5,0,5,0,0,0,0,0
gr,55f05fca45ca8,pink,0,4,0,0,0,0,0,0,0,0,0,0,3,4,0,0,0,0,0,4
gr,55f05fca45ca8,purple,0,0,0,0,0,4,2,0,0,0,0,4,0,0,0,0,0,0,0,0
gr,55f05fca45ca8,red,0,4,3,0,0,0,0,0,3,0,3,4,5,5,0,0,0,0,0,5
gr,55f05fca45ca8,turquoise,0,0,0,0,0,0,0,0,0,0,0,0,0,0,0,0,0,0,0,0
gr,55f05fca45ca8,white,0,0,0,5,0,4,0,0,0,0,0,4,0,0,0,0,0,4,0,0
gr,55f05fca45ca8,yellow,0,0,0,0,4,0,0,0,0,4,0,0,0,0,0,0,0,0,0,0
gr,55f065da7d297,black,1,0,2,0,3,0,5,0,5,5,1,0,0,0,0,0,0,0,5,1
gr,55f065da7d297,blue,5,2,0,2,0,4,2,0,4,0,0,4,3,0,2,5,1,1,1,0
gr,55f065da7d297,brown,0,0,0,0,0,0,0,0,0,0,0,0,0,0,0,0,0,0,0,0
gr,55f065da7d297,green,4,0,5,0,0,0,0,2,4,0,0,3,0,0,0,5,2,0,0,0
gr,55f065da7d297,grey,0,0,1,0,0,0,3,0,4,4,2,0,0,0,0,0,0,2,4,0
gr,55f065da7d297,orange,2,5,1,3,5,4,5,3,4,1,0,5,4,0,3,3,1,1,3,2
gr,55f065da7d297,pink,3,4,0,0,0,0,0,0,0,0,0,0,0,0,0,0,0,0,0,4
gr,55f065da7d297,purple,0,0,0,1,0,0,0,0,0,0,0,2,0,0,0,0,0,0,0,0
gr,55f065da7d297,red,3,2,5,4,0,4,0,0,0,4,1,3,5,5,5,2,2,1,1,0
gr,55f065da7d297,turquoise,5,0,0,0,0,0,0,0,0,0,0,0,0,0,0,0,3,0,0,0
gr,55f065da7d297,white,0,0,0,0,0,0,0,0,0,0,0,0,2,0,0,0,5,0,3,0
gr,55f065da7d297,yellow,0,0,0,0,3,1,2,5,0,3,5,2,2,0,4,5,0,0,0,0
gr,55f066ab2fa09,black,0,0,0,0,0,0,4,0,0,4,5,0,0,0,0,0,0,0,5,3
gr,55f066ab2fa09,blue,0,0,0,0,0,0,0,0,4,0,0,0,0,0,0,5,0,0,0,0
gr,55f066ab2fa09,brown,0,0,0,0,0,0,0,0,0,0,0,0,0,0,0,0,5,0,0,0
gr,55f066ab2fa09,green,0,0,0,0,0,2,0,0,0,0,0,2,0,0,4,0,0,0,0,0
gr,55f066ab2fa09,grey,0,0,0,0,4,0,4,0,0,2,0,0,0,0,0,0,0,0,3,0
gr,55f066ab2fa09,orange,0,4,0,0,0,0,0,0,0,0,0,0,4,0,2,0,0,0,0,0
gr,55f066ab2fa09,pink,0,0,0,0,0,0,0,0,0,0,0,0,2,5,5,0,0,0,0,0
gr,55f066ab2fa09,purple,0,0,0,0,0,0,4,0,0,0,0,0,0,0,0,0,3,0,5,0
gr,55f066ab2fa09,red,0,2,0,0,0,0,0,0,0,0,0,0,0,5,3,0,0,0,0,0
gr,55f066ab2fa09,turquoise,3,0,0,0,0,5,0,0,0,0,0,0,0,0,0,5,0,5,0,0
gr,55f066ab2fa09,white,0,0,0,5,0,0,0,0,0,0,0,0,4,0,0,0,0,3,0,0
gr,55f066ab2fa09,yellow,0,0,0,0,0,0,0,0,0,0,0,5,4,0,0,0,0,0,0,0
gr,55f066c40f5f5,black,4,0,0,0,0,0,0,0,0,2,0,5,0,0,0,0,0,0,0,0
gr,55f066c40f5f5,blue,0,0,0,0,0,4,0,0,0,0,0,0,0,0,0,4,0,0,0,0
gr,55f066c40f5f5,brown,0,0,0,0,4,0,0,3,0,0,0,0,0,0,0,0,0,0,0,0
gr,55f066c40f5f5,green,0,5,0,0,0,4,0,0,0,0,0,4,5,0,4,0,0,0,0,0
gr,55f066c40f5f5,grey,0,0,1,0,0,0,0,0,3,0,0,0,0,0,0,0,0,0,5,0
gr,55f066c40f5f5,orange,0,0,2,0,3,0,0,0,0,0,2,0,0,0,0,0,0,0,0,0
gr,55f066c40f5f5,pink,0,3,0,0,0,0,0,0,0,0,0,0,0,3,3,0,0,0,0,0
gr,55f066c40f5f5,purple,0,0,0,0,0,0,0,0,0,3,0,0,0,0,0,0,3,0,3,0
gr,55f066c40f5f5,red,0,0,0,0,0,0,0,0,0,0,0,4,0,5,4,0,0,0,0,0
gr,55f066c40f5f5,turquoise,3,0,0,0,0,0,0,0,0,0,0,3,0,0,0,0,0,3,0,0
gr,55f066c40f5f5,white,0,0,0,5,0,0,0,0,0,0,0,0,0,0,0,0,0,5,0,0
gr,55f066c40f5f5,yellow,0,0,0,0,0,0,2,4,0,0,2,0,0,0,0,0,0,0,0,0
gr,55f06b53e99b4,black,0,0,0,0,0,0,5,0,0,5,0,0,0,0,0,0,0,0,0,0
gr,55f06b53e99b4,blue,0,0,0,3,0,0,0,0,4,0,0,0,0,0,0,0,0,4,5,0
gr,55f06b53e99b4,brown,0,0,0,0,0,0,0,5,0,0,0,0,0,0,0,0,0,0,0,0
gr,55f06b53e99b4,green,0,0,0,0,0,5,0,0,0,0,0,5,0,0,3,0,0,5,0,0
gr,55f06b53e99b4,grey,0,0,0,0,0,0,5,0,5,0,5,0,0,0,0,0,0,0,0,0
gr,55f06b53e99b4,orange,0,0,0,0,0,5,0,0,0,0,0,5,5,0,5,0,0,5,0,0
gr,55f06b53e99b4,pink,0,0,0,0,0,0,0,0,0,4,0,0,3,4,0,0,0,0,0,0
gr,55f06b53e99b4,purple,0,0,0,0,3,0,3,0,4,3,0,0,0,0,0,0,0,0,5,0
gr,55f06b53e99b4,red,0,4,5,0,0,0,0,0,0,0,0,0,0,0,0,5,0,0,0,0
gr,55f06b53e99b4,turquoise,5,0,0,0,0,0,0,0,0,0,0,0,0,4,5,0,0,5,0,0
gr,55f06b53e99b4,white,5,0,0,0,0,0,0,0,0,0,0,0,0,0,0,0,0,0,0,0
gr,55f06b53e99b4,yellow,0,0,3,0,0,0,0,0,0,0,0,0,0,0,0,0,0,5,0,0
gr,55f06e1812246,black,0,0,0,0,0,0,4,0,5,5,0,0,0,0,0,0,3,0,5,0
gr,55f06e1812246,blue,0,0,0,0,0,5,0,0,5,0,0,0,0,0,0,0,0,0,5,0
gr,55f06e1812246,brown,0,0,0,0,0,0,5,0,0,0,0,0,0,0,0,0,5,0,0,0
gr,55f06e1812246,green,0,3,0,0,0,0,0,5,2,5,0,0,0,0,0,0,2,0,0,2
gr,55f06e1812246,grey,0,0,0,0,0,0,0,0,0,0,0,0,0,0,0,0,0,0,0,0
gr,55f06e1812246,orange,0,0,0,0,0,0,0,0,0,0,0,4,0,0,0,0,0,0,0,0
gr,55f06e1812246,pink,0,0,0,0,0,0,0,0,0,0,0,3,0,0,0,0,0,0,0,5
gr,55f06e1812246,purple,0,5,0,0,0,0,0,0,5,0,0,0,0,0,0,0,0,0,0,5
gr,55f06e1812246,red,0,4,0,0,0,0,0,0,0,2,0,3,1,1,5,0,0,0,0,1
gr,55f06e1812246,turquoise,0,0,0,0,0,5,0,0,0,0,0,0,0,0,0,0,0,5,0,0
gr,55f06e1812246,white,5,0,0,0,0,0,0,0,0,0,0,0,5,0,0,0,0,5,0,0
gr,55f06e1812246,yellow,0,5,0,0,5,0,0,4,0,3,4,0,0,0,0,0,0,0,0,0
gr,55f08da0a5feb,black,0,0,0,0,0,0,5,0,0,0,0,0,0,0,0,0,0,0,0,0
gr,55f08da0a5feb,blue,0,0,0,0,0,0,0,0,0,0,0,0,0,0,0,0,0,4,0,0
gr,55f08da0a5feb,brown,0,0,0,0,0,0,0,0,0,0,0,0,0,0,0,0,0,0,0,4
gr,55f08da0a5feb,green,0,0,0,0,4,0,0,0,0,0,0,0,0,0,0,0,0,0,0,0
gr,55f08da0a5feb,grey,0,0,0,0,0,0,4,0,0,0,0,0,0,0,0,0,0,0,0,0
gr,55f08da0a5feb,orange,0,0,0,0,0,0,0,0,0,0,0,0,0,0,4,0,0,0,0,0
gr,55f08da0a5feb,pink,0,0,0,0,0,0,0,0,0,0,0,0,0,0,4,0,0,0,0,0
gr,55f08da0a5feb,purple,0,0,0,0,0,0,0,0,0,0,0,0,0,0,0,0,0,0,4,0
gr,55f08da0a5feb,red,0,0,0,0,0,0,0,0,0,0,0,0,0,4,0,0,0,0,0,0
gr,55f08da0a5feb,turquoise,0,0,0,0,0,0,0,0,0,0,0,0,0,0,0,0,0,4,0,0
gr,55f08da0a5feb,white,0,0,0,0,0,0,0,0,0,0,0,0,0,0,0,0,0,3,0,0
gr,55f08da0a5feb,yellow,0,0,0,0,0,0,0,0,0,0,4,0,0,0,0,0,0,0,0,0
gr,55f08f43a7423,black,0,0,0,0,0,0,0,0,5,3,0,0,0,0,0,0,0,0,5,3
gr,55f08f43a7423,blue,5,5,0,0,0,0,0,0,0,0,0,5,5,0,0,0,0,0,0,0
gr,55f08f43a7423,brown,0,0,0,0,3,0,0,0,0,0,0,0,0,0,0,0,0,0,0,0
gr,55f08f43a7423,green,0,0,0,0,0,5,0,0,0,0,0,5,4,0,4,0,0,0,0,0
gr,55f08f43a7423,grey,0,0,0,0,0,0,0,0,0,3,0,0,0,0,0,0,0,0,0,0
gr,55f08f43a7423,orange,0,0,0,0,3,0,0,0,0,0,0,0,2,0,0,0,0,0,0,0
gr,55f08f43a7423,pink,0,0,0,4,0,2,0,0,0,0,0,0,3,5,0,2,0,0,0,0
gr,55f08f43a7423,purple,0,0,0,0,0,0,0,0,0,0,0,5,0,0,0,0,0,0,0,0
gr,55f08f43a7423,red,0,0,3,0,0,0,0,0,0,0,0,0,0,4,0,0,0,0,0,0
gr,55f08f43a7423,turquoise,0,0,0,3,0,0,0,0,0,0,0,0,3,0,4,0,0,5,0,0
gr,55f08f43a7423,white,0,0,0,5,0,0,0,0,0,0,0,0,5,5,0,5,0,5,0,0
gr,55f08f43a7423,yellow,0,0,0,3,0,0,3,4,0,0,0,3,4,0,4,0,0,0,0,2
gr,55f0929acbc66,black,0,0,0,0,0,0,0,0,0,0,0,0,0,0,0,0,0,0,0,0
gr,55f0929acbc66,blue,0,0,0,0,0,0,0,0,0,0,0,0,0,0,5,5,0,0,0,0
gr,55f0929acbc66,brown,0,0,0,0,0,0,0,0,0,0,0,0,0,0,0,0,0,0,0,0
gr,55f0929acbc66,green,0,5,0,0,0,0,0,0,0,0,0,0,0,0,0,0,0,0,0,0
gr,55f0929acbc66,grey,0,0,0,0,5,0,0,0,0,0,0,0,0,0,0,0,0,0,0,0
gr,55f0929acbc66,orange,0,0,0,0,0,0,0,0,0,0,0,0,5,0,5,0,0,0,0,0
gr,55f0929acbc66,pink,0,0,0,0,0,0,0,0,0,0,0,0,4,3,0,0,0,0,0,0
gr,55f0929acbc66,purple,0,0,0,0,0,0,0,0,0,0,0,0,5,0,0,0,0,0,0,0
gr,55f0929acbc66,red,0,0,0,0,0,0,0,0,0,0,0,0,0,5,0,0,0,0,0,0
gr,55f0929acbc66,turquoise,0,0,0,0,0,5,0,0,0,0,0,0,0,0,5,0,0,0,0,0
gr,55f0929acbc66,white,0,0,0,0,0,0,0,0,0,0,0,0,0,0,0,0,0,0,0,0
gr,55f0929acbc66,yellow,0,0,0,0,0,0,0,0,0,0,0,0,4,0,0,0,0,0,0,0
gr,55f0a6a1b3e57,black,0,0,5,0,0,0,5,0,0,0,5,0,0,0,0,0,0,0,0,0
gr,55f0a6a1b3e57,blue,0,0,0,0,0,0,0,0,0,0,0,4,0,0,0,0,0,0,0,0
gr,55f0a6a1b3e57,brown,0,0,0,0,0,0,0,0,0,0,0,0,0,0,0,0,0,0,0,0
gr,55f0a6a1b3e57,green,0,0,0,0,0,0,0,5,0,0,0,0,0,0,0,0,0,0,0,0
gr,55f0a6a1b3e57,grey,0,0,0,0,0,0,3,2,4,3,0,0,0,0,0,0,0,0,0,0
gr,55f0a6a1b3e57,orange,0,4,0,0,0,0,0,0,0,0,0,0,4,0,4,0,0,0,0,0
gr,55f0a6a1b3e57,pink,0,0,0,0,0,0,0,0,0,0,0,0,0,3,0,0,0,0,0,2
gr,55f0a6a1b3e57,purple,0,0,0,0,0,0,0,0,0,2,0,0,0,0,0,0,0,0,0,0
gr,55f0a6a1b3e57,red,0,0,2,0,0,0,0,0,0,0,1,3,0,5,4,0,0,0,0,0
gr,55f0a6a1b3e57,turquoise,0,0,0,0,0,0,0,0,0,0,0,0,0,0,0,0,0,2,0,0
gr,55f0a6a1b3e57,white,0,0,0,0,0,4,0,0,0,0,0,0,0,0,0,0,0,4,0,0
gr,55f0a6a1b3e57,yellow,0,4,0,2,0,0,0,0,0,0,0,0,4,0,0,4,0,0,0,0
gr,55f0b29689071,black,0,0,3,0,0,0,0,0,0,0,4,0,0,0,0,0,0,0,4,0
gr,55f0b29689071,blue,0,0,0,0,0,0,0,0,0,0,0,0,0,0,0,0,0,4,0,0
gr,55f0b29689071,brown,0,0,0,0,0,0,3,0,0,3,0,0,0,0,0,0,0,0,0,0
gr,55f0b29689071,green,0,0,0,0,0,0,0,0,3,0,0,4,0,0,0,0,0,0,0,0
gr,55f0b29689071,grey,0,0,0,0,0,0,0,0,0,4,0,0,0,0,0,0,0,0,0,4
gr,55f0b29689071,orange,0,0,0,0,0,0,0,0,0,0,0,5,4,0,0,0,0,0,0,0
gr,55f0b29689071,pink,0,0,0,0,0,0,0,0,0,0,0,0,5,5,0,0,0,0,0,4
gr,55f0b29689071,purple,0,0,0,0,0,4,0,0,0,0,0,0,0,0,5,0,0,0,0,0
gr,55f0b29689071,red,4,0,0,0,0,0,0,0,0,0,0,0,0,0,0,4,0,0,0,0
gr,55f0b29689071,turquoise,0,0,0,0,0,0,0,0,0,0,0,0,0,0,5,0,0,0,0,0
gr,55f0b29689071,white,0,0,0,0,0,0,0,0,0,0,0,0,4,0,0,0,0,0,0,2
gr,55f0b29689071,yellow,0,4,0,0,0,0,0,0,0,0,0,4,4,0,0,0,0,0,0,0
gr,55f0badcccae4,black,0,0,0,0,5,0,0,5,5,5,5,0,0,0,0,0,0,0,5,0
gr,55f0badcccae4,blue,0,0,0,0,0,5,0,0,0,0,0,5,0,0,0,0,5,0,0,0
gr,55f0badcccae4,brown,0,0,5,0,0,0,0,0,0,0,0,0,0,0,0,0,0,0,0,0
gr,55f0badcccae4,green,5,0,0,0,0,0,0,0,0,0,0,5,5,0,5,5,0,5,0,0
gr,55f0badcccae4,grey,0,0,0,0,0,0,0,3,0,0,0,0,0,0,0,0,0,0,0,3
gr,55f0badcccae4,orange,0,5,0,0,0,0,0,0,0,0,0,5,5,0,5,0,0,0,0,0
gr,55f0badcccae4,pink,2,3,0,0,0,5,0,0,0,0,0,0,4,5,5,0,0,3,0,1
gr,55f0badcccae4,purple,0,0,0,0,0,0,4,0,3,0,0,0,0,0,0,0,0,0,5,0
gr,55f0badcccae4,red,0,0,5,0,0,0,0,0,0,0,0,0,0,0,0,0,0,0,0,0
gr,55f0badcccae4,turquoise,2,3,0,0,0,4,0,0,0,0,0,0,4,0,5,5,0,0,0,0
gr,55f0badcccae4,white,0,0,0,0,0,0,0,0,0,0,0,0,0,0,0,0,0,0,0,0
gr,55f0badcccae4,yellow,0,0,0,0,0,0,0,0,0,0,5,0,0,0,0,0,0,0,3,5
gr,55f1294b73dba,black,0,0,0,0,4,0,2,0,0,0,0,0,0,0,0,0,0,0,0,0
gr,55f1294b73dba,blue,0,0,0,0,0,0,0,0,0,0,0,0,0,0,3,0,0,3,0,0
gr,55f1294b73dba,brown,0,0,0,0,0,0,0,0,0,0,0,0,0,0,0,0,0,0,0,0
gr,55f1294b73dba,green,0,0,0,0,0,0,0,0,0,0,0,3,0,0,0,0,0,0,0,0
gr,55f1294b73dba,grey,0,0,0,0,3,0,0,0,0,0,0,0,0,0,0,0,0,0,5,0
gr,55f1294b73dba,orange,0,4,0,0,0,0,0,0,0,0,0,0,4,0,0,0,0,0,0,0
gr,55f1294b73dba,pink,0,0,0,0,0,0,0,0,0,0,0,0,2,0,0,0,0,0,0,0
gr,55f1294b73dba,purple,0,0,0,0,0,0,0,0,0,0,0,0,0,0,0,0,0,0,5,0
gr,55f1294b73dba,red,5,5,0,0,0,0,0,0,0,0,0,0,0,5,0,0,0,0,0,0
gr,55f1294b73dba,turquoise,0,0,0,0,0,0,0,0,0,0,0,0,0,0,0,0,0,5,0,0
gr,55f1294b73dba,white,0,0,0,0,0,0,0,0,0,0,0,0,0,0,0,0,0,5,1,0
gr,55f1294b73dba,yellow,4,0,0,0,0,0,0,0,0,0,0,5,0,0,0,0,0,0,0,0
gr,55f1376298209,black,0,0,0,0,0,0,0,0,0,0,0,0,0,0,0,0,0,0,4,0
gr,55f1376298209,blue,0,0,0,0,0,0,0,0,0,0,0,0,0,0,4,0,0,0,0,0
gr,55f1376298209,brown,0,0,0,0,0,0,0,0,0,4,0,0,0,0,0,0,0,0,0,0
gr,55f1376298209,green,0,0,0,0,0,0,0,0,0,0,0,0,4,0,0,0,0,0,0,0
gr,55f1376298209,grey,0,0,0,0,0,0,4,0,0,0,0,0,0,0,0,0,0,0,0,0
gr,55f1376298209,orange,0,4,0,0,0,0,0,0,0,0,0,0,0,0,0,0,0,0,0,0
gr,55f1376298209,pink,0,0,0,0,0,0,0,0,0,0,0,0,0,0,0,0,0,4,0,0
gr,55f1376298209,purple,0,0,0,0,0,0,0,0,0,0,0,4,0,0,0,0,0,0,0,0
gr,55f1376298209,red,0,4,0,0,0,0,0,0,0,0,0,0,0,0,0,0,0,0,0,0
gr,55f1376298209,turquoise,0,0,0,0,0,0,0,0,0,0,0,0,0,0,0,0,0,0,0,0
gr,55f1376298209,white,0,0,0,0,0,0,0,0,0,0,0,0,0,0,0,4,0,0,0,0
gr,55f1376298209,yellow,0,0,0,0,0,0,0,0,0,0,3,0,0,0,0,0,0,0,0,3
gr,55f13c2e71b7b,black,0,0,5,0,0,0,0,0,5,0,0,0,0,0,0,0,0,0,0,0
gr,55f13c2e71b7b,blue,0,0,0,0,0,0,0,0,0,0,0,0,0,0,0,0,0,0,0,0
gr,55f13c2e71b7b,brown,0,0,0,0,0,0,0,0,0,0,0,0,0,0,0,0,0,0,0,0
gr,55f13c2e71b7b,green,0,5,0,0,0,0,0,0,0,0,0,0,0,0,0,0,0,0,0,0
gr,55f13c2e71b7b,grey,0,0,0,0,0,0,5,0,0,0,0,0,0,0,0,0,0,0,0,0
gr,55f13c2e71b7b,orange,5,5,0,0,0,0,0,0,0,0,0,0,0,0,0,0,0,0,0,0
gr,55f13c2e71b7b,pink,0,0,0,0,0,0,0,0,0,0,0,0,0,0,5,0,0,0,0,0
gr,55f13c2e71b7b,purple,0,0,0,0,0,0,0,0,0,0,0,0,0,0,0,0,0,0,0,0
gr,55f13c2e71b7b,red,0,0,0,0,0,0,0,0,0,0,0,0,0,5,0,0,0,0,0,0
gr,55f13c2e71b7b,turquoise,5,0,0,0,0,0,0,0,0,0,0,0,5,0,0,0,0,0,0,0
gr,55f13c2e71b7b,white,0,5,0,0,0,0,0,0,0,0,0,0,5,0,0,0,0,0,0,0
gr,55f13c2e71b7b,yellow,0,0,0,0,0,0,0,0,0,0,0,0,0,0,0,0,0,0,0,0
gr,55f15339c63d9,black,0,0,0,0,0,0,5,0,0,0,0,0,0,0,0,0,0,0,0,0
gr,55f15339c63d9,blue,0,0,0,0,0,0,0,0,0,0,0,5,0,0,0,5,0,0,0,0
gr,55f15339c63d9,brown,0,0,0,0,5,0,0,0,0,0,0,0,0,0,0,0,0,0,0,0
gr,55f15339c63d9,green,0,0,0,0,0,0,0,0,0,0,0,0,0,0,0,5,0,0,0,0
gr,55f15339c63d9,grey,0,0,0,0,0,0,0,0,0,0,0,0,0,0,0,0,0,0,4,0
gr,55f15339c63d9,orange,5,0,0,0,0,0,0,0,0,0,0,0,0,0,0,0,0,0,0,0
gr,55f15339c63d9,pink,0,0,0,0,0,0,0,0,0,0,0,0,0,4,0,0,0,3,0,0
gr,55f15339c63d9,purple,0,0,0,0,0,0,0,0,0,0,0,0,0,0,0,0,0,0,1,0
gr,55f15339c63d9,red,0,0,0,0,0,0,0,0,0,0,0,4,0,0,0,0,0,0,0,0
gr,55f15339c63d9,turquoise,0,0,0,5,0,0,0,0,0,0,0,0,0,0,0,0,0,0,0,0
gr,55f15339c63d9,white,0,0,0,0,0,0,0,0,0,0,0,0,0,0,0,0,0,5,0,0
gr,55f15339c63d9,yellow,0,0,0,0,0,0,0,0,0,3,0,0,0,0,0,0,0,0,0,0
gr,55f1542350bbe,black,0,0,0,0,0,0,0,0,0,0,0,0,0,0,0,0,0,0,5,0
gr,55f1542350bbe,blue,0,0,0,0,0,5,0,0,0,0,0,0,0,0,0,0,0,0,0,0
gr,55f1542350bbe,brown,0,0,0,0,5,0,0,4,0,0,0,0,0,0,0,0,0,0,0,0
gr,55f1542350bbe,green,0,0,0,3,0,4,0,0,0,0,0,4,0,0,0,0,0,4,0,0
gr,55f1542350bbe,grey,0,0,0,0,4,0,4,0,0,0,0,0,0,0,0,0,0,0,5,0
gr,55f1542350bbe,orange,0,0,0,0,0,0,0,0,0,0,0,0,0,0,0,0,0,0,0,0
gr,55f1542350bbe,pink,0,0,0,0,0,0,0,0,0,0,0,0,0,5,0,0,0,5,0,0
gr,55f1542350bbe,purple,0,3,0,0,0,0,0,0,0,0,0,0,3,0,0,0,0,0,0,0
gr,55f1542350bbe,red,0,0,5,0,0,0,0,0,3,3,0,0,0,4,0,0,0,0,0,0
gr,55f1542350bbe,turquoise,0,0,0,0,0,0,0,0,0,0,0,0,0,0,0,0,0,4,0,0
gr,55f1542350bbe,white,0,0,0,0,0,5,0,0,0,0,0,0,0,5,0,0,0,5,0,0
gr,55f1542350bbe,yellow,0,0,0,0,0,0,0,0,0,0,0,4,0,0,0,0,0,0,0,0
gr,55f154c4b24f6,black,0,0,0,0,0,0,0,0,0,5,0,0,0,0,0,0,0,0,0,0
gr,55f154c4b24f6,blue,5,0,0,0,0,0,0,0,0,0,0,0,0,0,0,0,0,0,0,0
gr,55f154c4b24f6,brown,0,0,0,0,0,0,0,0,0,0,0,0,0,0,0,0,0,0,0,5
gr,55f154c4b24f6,green,0,0,0,0,0,0,0,0,0,0,0,0,0,0,0,0,0,5,0,0
gr,55f154c4b24f6,grey,0,0,0,0,0,0,0,0,0,0,0,0,0,0,0,0,0,0,4,0
gr,55f154c4b24f6,orange,0,0,0,0,0,0,0,0,0,0,0,1,0,0,0,0,0,0,0,0
gr,55f154c4b24f6,pink,0,0,0,0,0,0,0,0,0,0,0,0,0,5,0,0,0,0,0,0
gr,55f154c4b24f6,purple,4,0,0,0,0,0,0,0,0,0,0,0,0,0,0,0,0,0,0,0
gr,55f154c4b24f6,red,0,0,0,0,0,0,0,0,0,0,0,0,0,0,5,0,0,0,0,0
gr,55f154c4b24f6,turquoise,0,0,0,0,0,0,0,0,0,0,0,0,5,0,0,0,0,0,0,0
gr,55f154c4b24f6,white,0,0,0,0,0,0,0,0,0,0,0,0,0,0,0,0,0,5,0,0
gr,55f154c4b24f6,yellow,0,0,0,0,0,0,0,0,0,0,0,3,0,0,0,0,0,0,0,0
gr,55f15557ac03c,black,0,0,0,0,4,0,0,0,5,0,5,0,0,0,0,0,0,0,0,0
gr,55f15557ac03c,blue,0,0,0,0,3,0,0,0,0,4,0,0,0,0,0,0,0,0,5,0
gr,55f15557ac03c,brown,0,0,0,0,0,0,0,0,0,0,0,0,0,0,0,0,0,0,0,0
gr,55f15557ac03c,green,0,0,0,0,0,0,0,3,0,0,0,0,0,0,0,0,0,0,0,0
gr,55f15557ac03c,grey,0,0,0,0,5,0,4,0,0,2,0,0,0,0,0,0,0,0,3,0
gr,55f15557ac03c,orange,0,4,0,0,0,3,0,0,0,0,0,3,0,0,0,0,0,5,0,0
gr,55f15557ac03c,pink,0,0,0,0,0,0,0,0,0,0,0,0,0,0,0,0,0,0,0,4
gr,55f15557ac03c,purple,0,0,0,0,0,0,3,0,0,2,0,0,0,0,0,0,3,0,3,0
gr,55f15557ac03c,red,0,0,5,0,0,0,0,0,0,0,0,0,4,5,3,0,0,0,0,0
gr,55f15557ac03c,turquoise,0,0,0,0,0,0,0,0,0,0,0,5,3,0,0,0,0,0,0,0
gr,55f15557ac03c,white,0,0,0,0,0,0,0,0,0,0,0,0,0,0,0,0,0,4,0,0
gr,55f15557ac03c,yellow,0,0,0,0,0,0,0,0,0,3,4,0,0,0,0,0,0,0,0,0
gr,55f158b842b62,black,0,0,0,0,0,0,0,0,4,0,0,0,0,0,0,0,0,0,0,0
gr,55f158b842b62,blue,0,0,0,0,0,0,0,0,0,0,0,4,0,0,0,0,0,0,0,0
gr,55f158b842b62,brown,0,0,0,0,0,0,0,3,0,0,0,0,0,0,0,0,0,0,0,0
gr,55f158b842b62,green,0,0,0,0,0,0,0,0,0,0,0,0,0,0,0,4,0,0,0,0
gr,55f158b842b62,grey,0,0,0,0,0,0,0,0,0,4,0,0,0,0,0,0,0,0,0,0
gr,55f158b842b62,orange,0,0,4,0,0,0,0,0,0,0,0,0,0,0,0,0,0,0,0,0
gr,55f158b842b62,pink,0,0,0,0,0,0,0,0,0,0,0,0,0,3,0,0,0,0,0,0
gr,55f158b842b62,purple,0,0,0,0,0,0,0,0,0,0,0,0,0,0,0,0,0,0,0,0
gr,55f158b842b62,red,5,0,4,0,0,0,0,0,0,0,0,0,0,0,0,0,0,0,0,0
gr,55f158b842b62,turquoise,0,0,0,0,0,0,0,0,0,0,0,0,0,0,0,0,0,3,0,0
gr,55f158b842b62,white,0,0,0,0,0,4,0,0,0,0,0,0,0,0,0,0,0,0,0,0
gr,55f158b842b62,yellow,0,0,0,0,0,0,0,0,0,0,0,0,0,0,4,0,0,0,0,0
gr,55f1595442e3c,black,0,0,0,0,0,0,0,0,0,0,0,3,0,0,0,0,0,0,1,0
gr,55f1595442e3c,blue,0,0,0,0,0,0,0,0,0,0,0,0,4,0,0,0,0,0,0,0
gr,55f1595442e3c,brown,0,0,0,0,0,0,0,0,0,0,0,0,0,0,0,0,0,0,0,0
gr,55f1595442e3c,green,0,0,0,0,0,0,0,0,0,0,0,0,0,0,0,0,0,0,0,0
gr,55f1595442e3c,grey,0,0,0,0,0,0,0,0,0,0,0,0,0,0,0,0,0,0,0,0
gr,55f1595442e3c,orange,0,0,0,0,0,0,0,0,0,0,0,2,0,0,0,0,0,0,0,0
gr,55f1595442e3c,pink,0,0,0,0,0,0,0,0,0,0,0,0,0,0,3,0,0,0,0,0
gr,55f1595442e3c,purple,0,0,0,0,0,0,0,0,0,0,0,3,0,0,0,0,0,0,0,0
gr,55f1595442e3c,red,0,0,0,0,0,0,0,0,0,0,0,0,0,0,3,0,0,0,0,0
gr,55f1595442e3c,turquoise,0,0,0,0,0,2,0,0,0,0,0,0,0,0,0,0,0,0,0,0
gr,55f1595442e3c,white,0,0,0,0,0,0,0,0,0,0,0,0,5,5,0,5,0,0,0,0
gr,55f1595442e3c,yellow,0,0,0,0,0,0,0,0,0,0,0,0,0,0,0,0,0,0,0,0
gr,55f159f215021,black,0,0,0,0,0,0,3,0,5,3,0,0,0,0,0,0,0,0,5,0
gr,55f159f215021,blue,5,0,0,0,0,0,0,0,0,0,0,3,3,0,0,5,0,0,0,0
gr,55f159f215021,brown,0,0,0,0,0,0,0,0,0,0,0,0,0,0,0,0,0,0,0,0
gr,55f159f215021,green,0,0,0,0,0,0,0,5,0,0,0,0,0,0,0,0,0,0,0,0
gr,55f159f215021,grey,0,0,0,0,0,0,5,0,0,0,0,0,0,0,0,0,0,0,5,0
gr,55f159f215021,orange,0,0,0,2,0,0,0,0,0,0,0,0,4,0,0,0,0,0,0,0
gr,55f159f215021,pink,0,0,0,0,0,0,0,0,0,3,0,0,0,0,0,0,0,0,0,5
gr,55f159f215021,purple,0,0,0,0,0,0,0,0,0,0,0,0,0,0,0,0,0,0,5,0
gr,55f159f215021,red,0,5,0,0,0,0,0,0,0,0,5,0,0,5,0,0,0,0,0,0
gr,55f159f215021,turquoise,0,0,0,0,0,0,0,0,0,0,0,5,5,0,0,4,0,3,0,0
gr,55f159f215021,white,0,0,0,0,0,0,0,0,0,0,0,0,0,0,0,5,0,0,0,0
gr,55f159f215021,yellow,0,0,0,0,0,0,0,0,0,2,5,0,0,0,0,0,0,0,0,0
gr,55f15de591c02,black,0,0,0,0,0,0,0,0,0,0,2,0,0,0,0,0,0,0,5,0
gr,55f15de591c02,blue,0,0,0,0,0,0,0,0,0,0,0,0,0,0,0,0,0,3,4,0
gr,55f15de591c02,brown,0,0,0,0,0,0,0,3,0,0,0,0,0,0,0,0,0,0,0,0
gr,55f15de591c02,green,0,0,0,0,0,0,0,0,0,0,0,0,4,0,3,0,0,0,0,0
gr,55f15de591c02,grey,0,0,0,0,0,0,2,0,4,0,0,0,0,0,0,0,0,0,0,0
gr,55f15de591c02,orange,0,4,0,0,0,0,0,0,0,0,0,2,0,0,0,0,0,0,0,0
gr,55f15de591c02,pink,0,0,0,0,0,0,0,0,0,0,0,0,0,0,0,0,0,0,0,0
gr,55f15de591c02,purple,0,0,0,0,0,0,0,0,1,0,0,3,0,0,0,0,0,0,0,0
gr,55f15de591c02,red,0,0,5,0,0,0,0,0,0,0,0,0,3,0,0,0,0,0,0,0
gr,55f15de591c02,turquoise,4,0,0,0,0,0,0,0,0,0,0,0,0,0,0,3,0,0,0,0
gr,55f15de591c02,white,0,0,0,0,0,0,0,0,0,0,0,0,0,0,0,0,4,3,0,0
gr,55f15de591c02,yellow,0,0,5,0,0,0,0,0,0,0,2,0,0,0,0,0,0,0,0,0
gr,55f1636a77c53,black,0,0,5,0,5,0,5,5,5,5,5,0,0,0,0,0,5,0,5,5
gr,55f1636a77c53,blue,5,0,0,0,0,0,0,0,0,0,0,4,0,0,0,0,0,4,0,0
gr,55f1636a77c53,brown,0,0,0,0,0,0,0,4,1,0,0,0,0,0,0,0,0,0,0,2
gr,55f1636a77c53,green,0,4,0,0,0,0,0,0,0,0,0,4,5,0,4,0,0,5,0,0
gr,55f1636a77c53,grey,0,0,3,0,3,0,3,0,4,5,3,0,0,0,0,0,0,0,0,0
gr,55f1636a77c53,orange,0,4,0,0,0,0,0,0,0,0,0,0,0,0,0,0,0,0,0,0
gr,55f1636a77c53,pink,0,0,0,0,0,0,0,0,0,0,0,0,0,4,0,0,0,0,0,0
gr,55f1636a77c53,purple,0,0,5,0,0,0,0,0,0,0,0,0,0,0,0,0,0,0,3,0
gr,55f1636a77c53,red,0,0,0,0,0,0,0,0,5,5,0,0,0,0,0,0,0,0,0,5
gr,55f1636a77c53,turquoise,0,2,0,0,0,0,0,0,0,0,0,0,2,0,0,0,0,3,0,0
gr,55f1636a77c53,white,5,5,0,5,0,5,0,0,0,0,0,5,5,5,5,5,0,5,0,0
gr,55f1636a77c53,yellow,0,5,0,0,0,0,0,0,0,0,0,0,5,0,5,0,0,0,0,0
gr,55f1648c3bab1,black,0,0,0,0,5,0,0,0,5,3,5,5,0,0,0,0,0,0,5,0
gr,55f1648c3bab1,blue,0,5,0,0,0,0,0,0,0,0,0,0,4,0,4,0,0,5,0,0
gr,55f1648c3bab1,brown,0,0,0,0,0,0,0,0,0,0,0,0,0,0,0,0,0,3,0,0
gr,55f1648c3bab1,green,0,5,0,0,0,0,0,0,0,0,0,5,0,0,4,0,0,4,0,0
gr,55f1648c3bab1,grey,0,0,0,0,0,0,0,0,0,0,0,0,0,0,0,0,0,0,3,0
gr,55f1648c3bab1,orange,0,3,0,0,0,0,0,0,0,2,0,0,0,0,3,0,0,0,0,0
gr,55f1648c3bab1,pink,0,0,0,0,0,0,0,0,0,0,0,0,2,0,0,0,0,0,0,0
gr,55f1648c3bab1,purple,0,0,0,0,0,0,0,0,0,0,0,5,0,0,3,0,0,0,4,0
gr,55f1648c3bab1,red,4,4,0,0,0,3,0,0,0,0,0,0,0,5,0,4,0,0,0,0
gr,55f1648c3bab1,turquoise,0,0,0,0,0,4,0,0,0,0,0,0,0,0,4,0,0,4,0,0
gr,55f1648c3bab1,white,0,0,0,0,0,5,0,0,0,0,0,0,0,0,0,0,0,5,0,0
gr,55f1648c3bab1,yellow,0,0,5,0,0,0,0,0,0,5,5,0,0,0,0,0,0,0,0,0
gr,55f166e34356d,black,0,0,0,0,0,0,0,0,5,0,0,0,0,0,0,0,0,0,5,0
gr,55f166e34356d,blue,0,0,0,0,0,0,0,0,0,0,0,0,0,0,0,0,0,0,0,0
gr,55f166e34356d,brown,0,0,0,0,0,0,2,0,0,0,0,0,0,0,0,0,0,0,2,0
gr,55f166e34356d,green,0,0,0,0,0,0,0,0,0,0,0,0,0,0,0,0,0,5,0,0
gr,55f166e34356d,grey,0,0,3,0,0,0,0,0,0,0,3,0,0,0,0,0,0,0,3,0
gr,55f166e34356d,orange,0,4,0,0,0,0,0,0,0,0,0,0,4,0,4,0,0,0,0,0
gr,55f166e34356d,pink,0,0,0,0,0,0,0,0,0,0,0,0,4,0,4,0,0,0,0,0
gr,55f166e34356d,purple,0,0,0,0,0,0,0,0,0,4,0,0,0,0,0,0,0,0,0,0
gr,55f166e34356d,red,0,0,5,0,0,0,0,0,0,5,0,0,0,0,0,0,0,0,0,0
gr,55f166e34356d,turquoise,0,4,0,0,0,0,0,0,0,0,0,0,0,0,0,0,0,4,0,0
gr,55f166e34356d,white,0,0,0,0,0,4,0,0,0,0,0,0,4,0,4,0,0,0,0,0
gr,55f166e34356d,yellow,0,4,0,0,0,0,0,0,0,0,0,0,4,0,4,0,0,3,0,0
gr,55f1677ca2004,black,0,0,0,0,0,0,0,0,0,0,0,0,0,0,0,0,0,0,1,0
gr,55f1677ca2004,blue,0,0,0,0,0,0,0,0,0,0,0,0,0,0,0,0,0,4,0,0
gr,55f1677ca2004,brown,0,0,0,5,0,0,0,0,0,0,0,0,0,0,0,0,0,0,0,0
gr,55f1677ca2004,green,0,0,0,0,0,0,0,0,0,0,0,0,0,0,0,0,0,0,0,0
gr,55f1677ca2004,grey,0,0,0,0,0,0,0,0,0,0,0,0,0,0,0,0,0,3,0,0
gr,55f1677ca2004,orange,0,0,0,0,0,0,0,0,0,0,0,0,0,0,0,0,0,5,0,0
gr,55f1677ca2004,pink,0,0,0,0,0,0,0,0,0,0,0,0,0,0,0,0,0,0,0,0
gr,55f1677ca2004,purple,0,0,0,0,0,0,0,0,0,0,0,4,0,0,0,0,0,0,2,0
gr,55f1677ca2004,red,0,0,0,0,0,0,0,0,0,0,0,0,0,0,0,5,0,0,0,0
gr,55f1677ca2004,turquoise,0,0,0,0,0,0,0,0,0,0,0,0,0,0,5,0,0,0,0,0
gr,55f1677ca2004,white,0,0,0,0,0,0,0,0,0,0,0,0,5,5,0,0,0,4,0,0
gr,55f1677ca2004,yellow,0,0,0,0,0,0,0,0,0,0,0,0,0,0,0,0,0,0,0,0
gr,55f169e8542fd,black,0,0,5,0,0,0,0,0,0,0,5,0,0,0,0,0,0,0,5,0
gr,55f169e8542fd,blue,0,0,0,0,0,0,0,0,0,0,0,0,0,0,0,5,0,0,0,0
gr,55f169e8542fd,brown,0,0,0,0,0,0,0,5,0,0,0,0,0,0,0,0,0,0,0,0
gr,55f169e8542fd,green,0,0,0,0,0,0,0,0,0,0,0,0,0,0,0,0,0,5,0,0
gr,55f169e8542fd,grey,0,0,0,0,0,0,5,0,0,0,0,0,0,0,0,0,0,0,0,5
gr,55f169e8542fd,orange,0,5,0,0,0,0,0,0,0,0,0,0,0,0,0,0,0,0,0,0
gr,55f169e8542fd,pink,5,0,0,0,0,5,0,0,0,0,0,0,5,5,0,0,0,0,0,0
gr,55f169e8542fd,purple,3,0,0,0,0,0,0,0,0,0,0,0,0,0,0,0,0,0,0,0
gr,55f169e8542fd,red,0,0,0,0,0,0,0,0,0,0,0,5,0,5,0,0,0,0,0,0
gr,55f169e8542fd,turquoise,0,0,0,0,0,0,0,0,0,0,0,0,5,0,5,0,0,0,0,0
gr,55f169e8542fd,white,0,0,0,0,0,0,0,0,0,0,0,0,0,0,0,0,0,5,0,0
gr,55f169e8542fd,yellow,0,0,5,0,0,0,0,0,0,5,5,0,0,0,0,0,0,0,0,0
gr,55f16aa6160b2,black,0,0,3,0,0,0,0,0,3,0,4,0,0,0,0,0,0,0,5,0
gr,55f16aa6160b2,blue,0,0,0,0,0,0,0,0,2,0,0,0,0,0,0,0,0,0,2,0
gr,55f16aa6160b2,brown,0,0,0,0,0,0,0,3,1,2,0,0,0,0,0,0,0,0,0,0
gr,55f16aa6160b2,green,0,2,0,0,0,0,0,0,0,0,0,2,1,0,0,0,0,0,0,0
gr,55f16aa6160b2,grey,0,0,0,0,0,0,0,2,3,0,0,0,0,0,0,0,0,0,4,0
gr,55f16aa6160b2,orange,0,3,0,0,0,0,0,0,0,0,0,3,4,0,0,0,0,0,0,0
gr,55f16aa6160b2,pink,0,0,0,3,0,2,0,0,0,0,0,0,0,3,2,0,0,0,0,0
gr,55f16aa6160b2,purple,0,0,2,0,0,0,0,0,0,0,0,0,0,0,0,0,0,0,1,0
gr,55f16aa6160b2,red,4,4,2,0,0,0,0,0,0,0,0,0,0,4,3,0,0,0,0,0
gr,55f16aa6160b2,turquoise,0,4,0,0,0,0,0,0,0,0,0,3,4,0,4,0,0,4,0,0
gr,55f16aa6160b2,white,0,0,0,0,0,0,0,0,0,0,0,3,3,0,0,0,0,4,0,0
gr,55f16aa6160b2,yellow,0,4,0,0,0,0,0,0,0,0,0,0,3,0,3,0,0,0,0,0
gr,55f16aa90a6b9,black,0,0,5,0,0,0,4,0,3,5,5,0,0,0,0,0,0,0,0,0
gr,55f16aa90a6b9,blue,4,0,0,0,0,5,0,0,0,0,0,5,0,0,0,5,0,0,0,0
gr,55f16aa90a6b9,brown,0,0,0,0,5,0,4,0,2,3,0,0,0,0,0,0,0,0,5,0
gr,55f16aa90a6b9,green,0,0,0,0,0,5,0,0,0,0,0,5,0,4,0,0,0,3,0,0
gr,55f16aa90a6b9,grey,0,0,4,0,5,0,5,1,4,4,2,0,0,0,0,0,4,0,4,1
gr,55f16aa90a6b9,orange,3,0,0,0,0,3,0,0,0,0,0,4,5,3,3,2,0,0,0,2
gr,55f16aa90a6b9,pink,2,5,0,0,0,3,0,0,0,0,0,4,4,3,5,0,0,0,0,0
gr,55f16aa90a6b9,purple,0,0,0,0,3,0,3,1,4,4,3,0,0,0,0,0,0,0,5,0
gr,55f16aa90a6b9,red,5,0,4,0,0,5,0,0,0,0,4,0,0,5,0,5,0,0,0,0
gr,55f16aa90a6b9,turquoise,4,4,0,0,0,5,0,0,0,0,0,5,5,3,0,2,0,4,0,0
gr,55f16aa90a6b9,white,2,5,0,0,0,3,0,0,0,0,0,0,5,3,5,0,3,0,0,0
gr,55f16aa90a6b9,yellow,0,0,0,0,5,0,3,5,0,0,0,0,0,0,0,0,0,0,0,4
gr,55f16ce31afa7,black,0,0,0,0,0,0,4,0,0,0,0,0,0,0,0,0,0,0,5,0
gr,55f16ce31afa7,blue,0,0,0,0,0,5,0,0,0,0,0,0,0,0,0,5,0,3,0,0
gr,55f16ce31afa7,brown,0,0,0,0,0,3,0,0,0,0,0,0,0,0,0,0,0,3,0,0
gr,55f16ce31afa7,green,0,0,0,0,0,0,0,0,0,0,0,0,4,0,4,0,0,4,0,0
gr,55f16ce31afa7,grey,0,0,0,0,0,0,4,0,0,0,0,0,0,0,0,0,0,0,4,0
gr,55f16ce31afa7,orange,0,0,0,0,0,0,0,0,0,0,0,0,4,0,0,0,0,0,0,0
gr,55f16ce31afa7,pink,0,0,0,5,0,4,0,0,0,0,0,4,4,4,4,0,0,5,0,0
gr,55f16ce31afa7,purple,0,0,0,0,0,0,0,0,0,0,0,0,0,0,0,0,0,0,5,0
gr,55f16ce31afa7,red,0,0,0,0,0,0,0,0,0,0,5,5,0,5,0,0,0,0,0,0
gr,55f16ce31afa7,turquoise,0,0,0,0,0,5,0,0,0,0,0,0,0,0,5,0,0,5,0,0
gr,55f16ce31afa7,white,0,0,0,0,0,0,0,0,0,0,0,0,3,0,3,3,0,3,0,0
gr,55f16ce31afa7,yellow,0,0,0,0,0,0,0,0,0,0,0,0,4,0,0,0,0,0,0,0
gr,55f16de50f6ce,black,0,0,0,0,0,0,0,0,0,0,0,0,0,0,0,0,0,0,5,0
gr,55f16de50f6ce,blue,0,0,0,0,0,0,0,0,0,0,0,0,0,0,0,0,0,0,0,0
gr,55f16de50f6ce,brown,0,0,0,0,0,0,0,0,0,0,0,0,0,0,0,0,0,0,0,0
gr,55f16de50f6ce,green,0,0,0,0,0,0,0,0,0,0,0,0,0,0,0,0,0,0,0,0
gr,55f16de50f6ce,grey,0,0,0,0,0,0,0,0,0,0,0,0,0,0,0,0,0,0,0,0
gr,55f16de50f6ce,orange,0,0,0,0,0,0,0,0,0,0,0,0,0,0,0,0,0,0,0,0
gr,55f16de50f6ce,pink,0,0,0,0,0,0,0,0,0,0,0,0,5,0,0,0,0,0,0,0
gr,55f16de50f6ce,purple,0,0,0,0,0,0,0,0,0,0,0,0,0,0,0,0,0,0,0,0
gr,55f16de50f6ce,red,0,0,4,0,0,0,0,0,0,0,0,0,0,0,4,0,0,0,0,0
gr,55f16de50f6ce,turquoise,0,0,0,0,0,0,0,0,0,0,0,0,0,0,0,0,0,0,0,0
gr,55f16de50f6ce,white,0,0,0,0,0,0,0,0,0,0,0,0,0,0,0,0,0,0,0,0
gr,55f16de50f6ce,yellow,0,0,0,0,0,0,0,0,0,0,0,0,0,0,0,0,0,0,0,0
gr,55f16f493cadb,black,0,0,0,0,0,0,4,0,5,3,3,0,0,0,0,0,0,0,5,0
gr,55f16f493cadb,blue,0,0,0,0,0,0,0,0,0,0,0,0,0,0,0,0,0,5,0,0
gr,55f16f493cadb,brown,0,0,0,0,0,0,0,0,0,0,0,0,0,0,0,0,0,0,0,0
gr,55f16f493cadb,green,0,0,0,0,0,0,0,0,0,0,0,0,0,0,0,0,0,5,0,0
gr,55f16f493cadb,grey,0,0,0,0,0,0,0,0,0,0,0,0,0,0,0,0,0,0,5,0
gr,55f16f493cadb,orange,0,3,0,0,0,0,0,0,0,0,0,5,0,0,0,0,0,0,0,0
gr,55f16f493cadb,pink,0,0,0,0,0,0,0,0,0,0,0,0,0,3,0,0,0,0,0,4
gr,55f16f493cadb,purple,0,0,0,0,0,0,2,0,4,0,0,0,0,0,0,0,0,0,5,4
gr,55f16f493cadb,red,0,0,0,0,0,4,0,0,0,0,5,0,0,2,4,0,0,0,0,0
gr,55f16f493cadb,turquoise,0,0,0,0,0,0,0,0,0,0,0,0,0,0,0,3,0,4,0,0
gr,55f16f493cadb,white,0,0,0,0,0,0,0,0,0,0,0,0,5,5,0,5,4,0,0,0
gr,55f16f493cadb,yellow,0,0,0,0,0,0,0,0,0,0,0,0,4,0,0,0,0,0,0,0
gr,55f16f565fbc5,black,0,0,0,0,0,0,0,0,5,0,0,0,0,0,0,0,0,0,0,0
gr,55f16f565fbc5,blue,0,0,0,0,0,0,0,0,0,0,0,0,0,0,5,0,0,0,0,0
gr,55f16f565fbc5,brown,0,0,0,0,0,0,0,0,0,0,0,0,0,0,0,0,0,5,0,0
gr,55f16f565fbc5,green,0,0,0,0,0,0,0,0,0,0,0,4,0,0,0,0,0,0,0,0
gr,55f16f565fbc5,grey,0,0,0,0,0,0,0,0,0,0,0,0,0,0,0,0,0,0,5,0
gr,55f16f565fbc5,orange,1,0,0,4,0,0,0,0,0,0,0,0,0,0,0,0,0,4,0,0
gr,55f16f565fbc5,pink,0,0,0,0,0,0,0,0,0,0,0,0,5,0,0,0,0,0,0,0
gr,55f16f565fbc5,purple,0,0,0,0,0,0,0,0,0,0,0,0,0,0,0,0,0,0,0,4
gr,55f16f565fbc5,red,0,0,0,0,0,0,0,0,0,0,0,0,0,5,0,0,0,0,0,0
gr,55f16f565fbc5,turquoise,0,0,0,0,0,0,0,0,0,0,0,5,0,0,0,0,0,0,0,0
gr,55f16f565fbc5,white,0,0,0,0,0,0,0,0,0,0,0,0,0,0,0,5,0,0,0,0
gr,55f16f565fbc5,yellow,0,0,0,0,0,0,0,0,0,0,5,0,0,0,0,0,0,0,0,0
gr,55f173a1913dd,black,0,0,0,0,0,0,3,0,3,0,0,0,0,0,0,0,0,0,5,0
gr,55f173a1913dd,blue,0,3,0,0,0,0,1,0,0,0,0,0,0,0,0,0,0,3,0,0
gr,55f173a1913dd,brown,0,0,0,0,0,0,0,0,0,0,0,0,0,0,0,0,0,0,0,0
gr,55f173a1913dd,green,0,0,0,0,0,4,0,0,0,0,0,0,0,0,4,0,0,0,0,0
gr,55f173a1913dd,grey,0,0,0,0,0,0,2,0,2,0,0,0,0,0,0,0,0,0,3,0
gr,55f173a1913dd,orange,0,5,0,0,0,0,0,0,0,0,0,3,5,0,0,0,0,0,0,0
gr,55f173a1913dd,pink,0,0,0,0,0,0,0,0,0,0,0,0,5,0,0,0,0,4,0,0
gr,55f173a1913dd,purple,0,0,0,0,0,0,0,0,0,0,0,3,0,0,0,0,0,0,3,0
gr,55f173a1913dd,red,0,0,4,0,0,0,0,0,0,0,0,0,3,5,0,0,0,0,0,2
gr,55f173a1913dd,turquoise,4,4,0,0,0,4,0,0,0,0,0,0,4,0,4,0,0,0,0,0
gr,55f173a1913dd,white,5,0,0,5,0,0,0,0,0,0,0,0,5,5,0,5,0,5,0,0
gr,55f173a1913dd,yellow,0,0,0,0,0,0,0,0,0,0,0,0,5,0,0,4,0,0,0,0
gr,55f173e6a6043,black,0,0,0,4,0,0,0,0,0,5,0,0,0,0,0,0,5,0,5,0
gr,55f173e6a6043,blue,0,0,0,0,0,4,0,0,0,0,0,0,0,0,0,4,0,5,0,0
gr,55f173e6a6043,brown,0,0,0,0,0,0,0,0,0,0,0,4,0,0,0,0,0,0,0,0
gr,55f173e6a6043,green,0,0,0,0,0,0,0,0,0,0,0,0,0,0,0,0,0,0,0,0
gr,55f173e6a6043,grey,0,0,0,0,5,0,4,0,5,0,0,0,0,0,0,0,0,0,0,5
gr,55f173e6a6043,orange,0,5,0,0,0,0,0,0,0,0,0,0,0,0,0,0,0,0,0,0
gr,55f173e6a6043,pink,0,0,0,0,0,0,0,0,0,0,0,0,0,0,0,0,0,0,0,0
gr,55f173e6a6043,purple,0,0,0,0,0,0,0,0,0,0,0,0,0,0,0,0,0,0,0,0
gr,55f173e6a6043,red,0,0,4,0,0,0,0,0,4,0,0,0,0,0,0,0,0,0,0,4
gr,55f173e6a6043,turquoise,0,0,0,0,0,0,0,0,0,0,0,0,0,0,0,0,0,5,0,0
gr,55f173e6a6043,white,4,0,0,0,0,5,0,0,0,0,0,4,0,0,0,0,0,0,0,0
gr,55f173e6a6043,yellow,0,4,0,0,0,0,0,0,0,0,0,0,4,0,4,0,0,0,0,0
gr,55f176198778d,black,0,0,0,0,0,0,0,0,4,0,0,0,0,0,0,0,0,0,0,0
gr,55f176198778d,blue,0,0,0,0,0,0,0,0,0,0,0,5,0,0,0,0,0,0,0,0
gr,55f176198778d,brown,0,0,0,0,0,0,0,0,0,0,0,0,0,0,0,0,0,0,5,0
gr,55f176198778d,green,0,0,0,0,0,0,0,0,0,0,0,0,0,0,0,0,0,0,0,0
gr,55f176198778d,grey,0,0,0,0,0,0,0,0,0,0,0,0,0,0,0,0,0,0,0,0
gr,55f176198778d,orange,0,0,0,0,0,0,0,0,0,0,0,0,0,0,0,0,0,0,0,0
gr,55f176198778d,pink,0,0,0,0,4,0,0,0,0,0,0,0,0,0,0,0,0,0,0,0
gr,55f176198778d,purple,0,0,0,5,0,0,0,0,0,0,0,0,0,0,0,0,0,0,0,0
gr,55f176198778d,red,0,0,0,0,0,0,0,0,0,5,0,0,0,0,0,0,0,0,0,0
gr,55f176198778d,turquoise,0,0,0,0,0,0,0,0,0,0,0,0,0,0,5,0,0,0,0,0
gr,55f176198778d,white,0,0,0,0,0,0,0,0,0,0,0,0,0,4,0,0,0,0,0,0
gr,55f176198778d,yellow,0,0,0,0,0,0,0,0,0,0,2,0,0,0,0,0,0,0,0,0
gr,55f176c789645,black,0,0,0,5,0,0,0,0,5,5,0,0,0,0,0,0,0,0,5,0
gr,55f176c789645,blue,0,4,0,0,0,0,0,0,0,0,0,2,0,0,0,5,0,5,0,0
gr,55f176c789645,brown,0,0,0,0,0,0,4,4,0,0,4,0,0,0,0,0,0,0,0,0
gr,55f176c789645,green,0,4,0,0,0,0,0,0,0,0,0,5,4,0,0,0,0,0,0,0
gr,55f176c789645,grey,0,0,0,0,3,0,0,0,0,5,0,0,0,0,0,0,5,0,0,5
gr,55f176c789645,orange,0,0,3,3,0,0,0,0,0,0,0,0,0,0,0,4,0,0,0,0
gr,55f176c789645,pink,3,0,0,0,0,0,0,0,0,0,0,0,0,4,0,3,0,0,0,0
gr,55f176c789645,purple,0,0,0,4,0,0,0,0,0,0,0,3,0,0,0,0,0,0,4,0
gr,55f176c789645,red,0,0,0,0,0,0,0,0,0,1,2,3,0,5,0,0,0,0,0,0
gr,55f176c789645,turquoise,0,3,0,0,0,0,0,0,0,0,0,3,0,0,5,0,0,5,0,0
gr,55f176c789645,white,0,0,0,0,0,0,0,0,0,0,0,0,0,5,0,0,0,5,0,0
gr,55f176c789645,yellow,0,0,0,0,0,4,0,0,0,0,0,0,0,0,0,5,0,0,0,0
gr,55f1790d0270e,black,0,0,0,0,0,0,0,0,0,0,0,0,0,0,0,0,0,0,5,0
gr,55f1790d0270e,blue,0,0,0,0,0,0,0,0,0,0,0,0,0,0,5,0,0,0,0,0
gr,55f1790d0270e,brown,0,0,0,0,0,0,0,4,0,0,0,0,0,0,0,0,0,0,0,0
gr,55f1790d0270e,green,0,0,0,0,0,0,0,0,0,0,0,0,0,0,0,0,0,5,0,0
gr,55f1790d0270e,grey,0,0,0,0,0,0,4,0,0,0,0,0,0,0,0,0,0,0,0,0
gr,55f1790d0270e,orange,0,0,0,0,0,0,0,0,0,0,0,0,0,0,0,0,0,0,0,2
gr,55f1790d0270e,pink,0,0,0,0,0,0,0,0,0,0,0,0,0,0,3,0,0,0,0,0
gr,55f1790d0270e,purple,0,0,0,0,0,0,0,0,0,0,0,0,0,0,0,0,4,0,0,0
gr,55f1790d0270e,red,0,0,0,0,0,0,0,0,0,0,0,0,0,5,0,0,0,0,0,0
gr,55f1790d0270e,turquoise,0,0,0,3,0,0,0,0,0,0,0,0,0,0,0,0,0,0,0,0
gr,55f1790d0270e,white,0,0,0,0,0,0,0,0,0,0,0,0,0,0,0,0,0,5,0,0
gr,55f1790d0270e,yellow,0,0,0,0,0,0,0,0,0,0,4,0,0,0,0,0,0,0,0,0
gr,55f179785fbd9,black,0,0,0,0,0,0,0,0,5,0,0,0,0,0,0,0,0,0,5,0
gr,55f179785fbd9,blue,5,0,0,0,0,0,0,0,0,0,0,0,0,0,0,5,0,0,0,0
gr,55f179785fbd9,brown,0,0,0,0,0,0,0,5,0,0,0,0,0,0,0,0,0,0,0,0
gr,55f179785fbd9,green,0,0,0,5,0,0,0,0,0,0,0,5,0,0,0,0,5,0,0,0
gr,55f179785fbd9,grey,0,0,0,0,5,0,5,0,0,0,0,0,0,0,0,0,0,0,5,0
gr,55f179785fbd9,orange,0,5,0,0,0,0,0,0,0,0,0,0,0,0,0,0,0,0,0,0
gr,55f179785fbd9,pink,0,0,0,0,0,0,0,0,0,0,0,0,5,0,5,0,0,0,0,0
gr,55f179785fbd9,purple,0,0,0,0,0,0,0,0,0,0,0,0,0,0,0,0,0,0,0,5
gr,55f179785fbd9,red,0,0,5,0,0,0,0,0,0,0,0,0,0,5,5,0,0,0,0,0
gr,55f179785fbd9,turquoise,0,5,0,0,0,0,0,0,0,0,0,0,0,0,0,0,0,5,0,0
gr,55f179785fbd9,white,0,0,0,0,0,0,0,0,0,0,0,0,5,5,0,0,0,0,0,0
gr,55f179785fbd9,yellow,0,0,0,0,0,0,0,0,0,0,5,0,0,0,0,0,0,0,0,0
gr,55f1798bd814d,black,0,0,0,0,2,0,0,0,3,0,4,0,0,0,0,0,0,0,0,0
gr,55f1798bd814d,blue,0,0,0,3,0,0,0,0,4,0,0,0,0,0,0,0,0,2,0,0
gr,55f1798bd814d,brown,0,0,0,0,0,0,0,1,0,0,0,0,0,0,0,0,4,0,0,0
gr,55f1798bd814d,green,0,0,0,4,0,0,0,0,0,0,0,0,0,0,0,0,0,0,0,0
gr,55f1798bd814d,grey,0,0,0,0,3,0,0,0,0,0,0,0,0,0,0,0,0,0,4,0
gr,55f1798bd814d,orange,4,0,0,0,0,0,0,0,0,0,0,0,4,0,0,0,0,0,0,0
gr,55f1798bd814d,pink,0,0,0,0,0,0,0,0,0,0,0,2,0,3,4,0,0,0,0,0
gr,55f1798bd814d,purple,0,0,3,0,0,0,3,0,1,0,0,0,0,0,0,0,0,0,0,0
gr,55f1798bd814d,red,0,0,4,0,0,0,0,0,0,0,0,0,0,4,0,0,0,0,0,2
gr,55f1798bd814d,turquoise,0,0,0,0,0,0,0,0,0,0,0,0,0,0,0,0,0,0,0,0
gr,55f1798bd814d,white,4,0,0,0,0,0,0,0,0,0,0,0,5,0,0,0,0,0,0,0
gr,55f1798bd814d,yellow,0,0,0,0,0,0,0,0,0,3,0,0,0,0,0,4,3,0,0,0
gr,55f17aab5842d,black,0,0,4,0,0,0,5,0,4,3,0,0,0,0,0,0,0,0,0,5
gr,55f17aab5842d,blue,3,4,0,3,0,4,0,0,0,0,0,0,4,4,4,4,0,0,2,0
gr,55f17aab5842d,brown,0,0,1,0,2,0,0,0,0,0,0,0,0,0,0,0,0,0,2,0
gr,55f17aab5842d,green,0,0,0,5,0,4,0,0,0,0,0,0,0,4,0,0,0,4,0,0
gr,55f17aab5842d,grey,0,0,0,0,0,3,3,0,0,0,0,0,0,0,0,0,0,0,0,0
gr,55f17aab5842d,orange,1,4,2,0,0,1,0,5,4,3,0,2,3,0,2,0,0,0,0,3
gr,55f17aab5842d,pink,2,0,0,2,0,3,0,0,0,2,0,0,3,3,3,0,3,1,2,3
gr,55f17aab5842d,purple,3,5,0,4,0,4,0,0,0,0,0,5,3,4,0,0,0,0,0,0
gr,55f17aab5842d,red,0,0,5,0,0,0,3,0,3,4,5,0,0,5,0,0,0,0,3,0
gr,55f17aab5842d,turquoise,0,0,3,1,0,3,3,0,4,0,0,0,4,3,0,0,0,3,4,0
gr,55f17aab5842d,white,5,0,0,5,0,0,0,0,0,0,0,0,5,0,0,0,0,0,0,0
gr,55f17aab5842d,yellow,0,4,3,2,0,0,4,4,4,3,5,3,2,0,0,1,0,0,0,4
gr,55f17af1d7017,black,2,2,3,1,2,2,3,1,3,3,3,1,1,3,2,1,1,1,5,2
gr,55f17af1d7017,blue,3,3,1,1,1,4,1,1,1,1,1,3,3,4,4,1,1,4,1,1
gr,55f17af1d7017,brown,1,1,5,1,1,1,4,3,2,1,4,1,2,2,2,1,1,2,1,1
gr,55f17af1d7017,green,4,4,1,3,1,5,0,1,1,1,1,3,5,4,5,4,1,5,1,1
gr,55f17af1d7017,grey,1,1,5,1,4,1,4,3,5,5,4,1,1,1,1,1,1,1,5,3
gr,55f17af1d7017,orange,4,5,2,4,1,5,1,1,1,1,1,5,5,4,5,3,1,5,1,2
gr,55f17af1d7017,pink,3,4,1,4,1,3,1,2,1,1,1,2,4,5,2,3,3,3,1,1
gr,55f17af1d7017,purple,3,2,2,4,1,3,3,1,2,1,1,2,2,4,2,1,3,3,4,2
gr,55f17af1d7017,red,5,5,2,3,1,4,1,1,1,1,1,5,4,5,4,4,1,3,1,1
gr,55f17af1d7017,turquoise,4,4,1,4,1,5,1,1,1,1,1,4,4,5,5,3,2,5,1,1
gr,55f17af1d7017,white,3,2,1,4,1,3,1,1,1,1,1,3,4,5,3,4,1,3,1,1
gr,55f17af1d7017,yellow,4,3,3,4,1,4,1,1,1,1,1,4,3,3,4,3,3,4,1,1
gr,55f182a6c601c,black,0,0,0,0,4,0,0,0,5,0,0,0,0,0,0,0,0,0,5,0
gr,55f182a6c601c,blue,0,0,0,0,0,0,0,0,0,0,0,0,0,0,0,0,0,4,0,0
gr,55f182a6c601c,brown,0,0,0,0,0,0,0,0,4,0,0,0,0,0,0,0,0,0,0,0
gr,55f182a6c601c,green,0,0,0,5,0,0,0,0,0,0,0,0,0,0,5,0,0,0,0,0
gr,55f182a6c601c,grey,0,0,0,0,0,0,2,4,0,4,0,0,0,0,0,0,0,0,0,0
gr,55f182a6c601c,orange,0,0,0,5,0,0,0,0,0,0,0,0,0,0,0,0,0,0,0,0
gr,55f182a6c601c,pink,0,0,0,0,0,0,0,0,0,0,0,0,0,5,0,0,0,0,0,4
gr,55f182a6c601c,purple,0,0,0,0,0,0,0,0,0,4,0,0,0,0,0,4,0,0,0,0
gr,55f182a6c601c,red,0,0,0,0,0,0,0,0,5,0,0,0,4,4,0,0,0,0,0,0
gr,55f182a6c601c,turquoise,0,0,0,0,0,0,0,0,0,0,0,0,5,0,4,0,0,0,0,0
gr,55f182a6c601c,white,0,0,0,0,0,0,0,0,4,0,0,0,5,0,0,0,5,0,0,0
gr,55f182a6c601c,yellow,0,0,0,0,0,0,0,0,0,0,3,0,5,0,0,0,0,4,0,0
gr,55f189e6b17a4,black,0,0,0,0,0,0,0,0,5,0,4,0,0,0,0,0,0,0,0,0
gr,55f189e6b17a4,blue,0,0,0,0,0,0,0,0,0,0,0,4,0,0,0,3,0,4,0,0
gr,55f189e6b17a4,brown,0,3,0,4,0,0,0,0,0,0,0,0,0,0,3,0,0,0,0,0
gr,55f189e6b17a4,green,0,0,0,4,0,4,0,0,0,0,0,0,0,0,0,0,0,0,0,0
gr,55f189e6b17a4,grey,0,0,0,0,0,0,4,0,0,3,0,0,0,0,0,0,0,0,4,0
gr,55f189e6b17a4,orange,0,0,0,0,0,0,0,0,0,0,0,4,4,0,5,0,0,0,0,0
gr,55f189e6b17a4,pink,0,5,0,0,0,0,0,0,0,0,0,0,5,4,0,0,0,0,0,0
gr,55f189e6b17a4,purple,0,4,0,0,0,4,0,0,0,0,0,0,0,0,0,0,0,0,0,0
gr,55f189e6b17a4,red,0,0,0,0,0,0,0,0,0,4,5,0,0,5,0,0,0,0,0,0
gr,55f189e6b17a4,turquoise,0,0,0,0,0,0,0,0,0,0,0,4,4,0,0,0,0,4,0,0
gr,55f189e6b17a4,white,5,0,0,0,0,5,0,0,0,0,0,0,0,4,0,5,0,0,0,0
gr,55f189e6b17a4,yellow,0,0,0,0,0,0,0,0,0,4,0,4,0,0,0,0,0,0,0,0
gr,55f19068d5df3,black,0,0,0,0,0,0,0,0,0,3,5,0,0,0,0,0,0,0,5,0
gr,55f19068d5df3,blue,0,5,0,0,0,0,0,0,0,0,0,0,0,0,0,5,0,0,0,0
gr,55f19068d5df3,brown,0,0,0,0,0,0,0,5,0,0,0,0,0,0,0,0,5,0,0,0
gr,55f19068d5df3,green,0,0,0,0,0,0,0,0,0,0,0,0,0,0,5,0,0,5,0,0
gr,55f19068d5df3,grey,0,0,0,0,0,0,0,0,0,0,0,5,0,0,0,0,0,0,0,0
gr,55f19068d5df3,orange,0,0,4,0,0,0,0,4,0,0,0,0,0,0,0,0,0,0,0,0
gr,55f19068d5df3,pink,0,0,0,0,0,0,0,0,0,0,0,0,5,0,0,0,0,0,0,0
gr,55f19068d5df3,purple,0,0,0,0,0,0,0,0,0,0,0,0,0,0,0,0,4,0,3,0
gr,55f19068d5df3,red,0,0,0,0,0,0,0,0,0,0,5,0,0,5,0,0,0,0,0,0
gr,55f19068d5df3,turquoise,0,0,0,0,0,0,0,0,0,0,0,0,0,0,0,0,0,5,0,0
gr,55f19068d5df3,white,0,0,0,0,0,5,0,0,0,0,0,0,0,0,3,0,0,5,0,0
gr,55f19068d5df3,yellow,0,0,0,0,0,0,0,0,0,0,0,0,0,0,0,0,0,0,0,5
gr,55f1908863a70,black,0,0,0,0,0,0,4,0,0,0,0,0,0,0,0,0,0,0,0,0
gr,55f1908863a70,blue,0,0,0,0,0,5,0,0,0,0,0,0,0,0,5,0,0,0,0,0
gr,55f1908863a70,brown,0,0,0,0,0,5,0,0,0,0,0,4,0,0,0,0,1,0,0,0
gr,55f1908863a70,green,0,0,0,0,3,4,0,0,0,0,0,0,0,0,0,0,0,0,0,0
gr,55f1908863a70,grey,0,0,0,0,4,0,3,0,0,0,0,0,0,0,0,0,0,0,4,0
gr,55f1908863a70,orange,0,0,0,3,0,0,0,0,0,0,0,5,0,0,3,0,0,0,0,0
gr,55f1908863a70,pink,0,0,0,0,0,0,0,0,0,0,0,4,0,0,4,0,0,0,0,0
gr,55f1908863a70,purple,0,4,0,0,0,0,0,0,0,0,0,0,0,0,0,0,0,0,0,0
gr,55f1908863a70,red,0,0,5,0,0,0,0,0,0,0,0,0,0,0,4,0,0,0,0,0
gr,55f1908863a70,turquoise,0,0,0,2,0,2,0,0,0,0,0,0,0,0,4,1,0,5,0,0
gr,55f1908863a70,white,0,0,0,0,2,0,0,0,0,0,0,0,5,0,0,0,0,0,0,0
gr,55f1908863a70,yellow,5,0,0,0,4,0,0,2,0,3,0,0,0,0,0,0,0,2,0,0
gr,55f190d49f910,black,0,0,5,0,0,0,0,0,5,0,5,0,0,0,0,0,0,0,5,0
gr,55f190d49f910,blue,5,0,0,0,0,0,0,0,0,0,0,0,0,0,0,5,0,0,0,0
gr,55f190d49f910,brown,0,0,0,0,0,0,0,0,0,0,0,0,0,0,0,5,0,0,0,0
gr,55f190d49f910,green,0,0,0,0,0,4,0,0,0,0,0,5,0,0,0,0,0,0,0,0
gr,55f190d49f910,grey,0,0,0,0,0,2,0,0,0,0,0,0,0,0,0,4,0,0,4,0
gr,55f190d49f910,orange,0,4,0,0,0,4,0,0,0,0,0,4,5,0,5,0,0,0,0,0
gr,55f190d49f910,pink,0,4,0,0,0,4,0,0,0,0,0,0,5,5,5,0,0,0,0,0
gr,55f190d49f910,purple,0,0,0,0,0,0,0,0,0,0,0,0,5,0,0,0,0,0,0,0
gr,55f190d49f910,red,0,0,5,0,0,0,0,0,0,0,5,0,0,0,0,0,0,0,0,0
gr,55f190d49f910,turquoise,0,0,0,3,0,0,0,0,0,0,0,0,0,0,0,0,0,5,0,0
gr,55f190d49f910,white,0,0,0,3,0,0,0,0,0,0,0,0,0,0,0,0,5,3,0,0
gr,55f190d49f910,yellow,0,0,0,0,0,0,0,0,0,0,0,0,5,0,0,0,0,0,0,0
gr,55f19116eff73,black,0,0,0,0,0,0,4,0,4,3,0,0,0,0,0,0,0,0,5,0
gr,55f19116eff73,blue,0,0,0,0,0,5,0,0,0,0,0,0,0,0,0,0,0,5,0,0
gr,55f19116eff73,brown,0,0,0,0,1,0,4,0,0,5,0,0,0,0,0,0,0,0,0,0
gr,55f19116eff73,green,0,4,0,0,0,0,0,0,0,0,0,0,0,0,0,0,0,5,0,0
gr,55f19116eff73,grey,0,0,3,0,0,0,3,0,0,4,0,0,0,0,0,0,0,0,0,0
gr,55f19116eff73,orange,4,0,0,0,0,0,0,0,0,0,0,0,0,0,0,5,0,0,0,0
gr,55f19116eff73,pink,0,3,0,0,0,0,0,0,0,0,0,0,3,5,4,0,0,0,0,0
gr,55f19116eff73,purple,0,0,3,0,0,0,5,0,2,0,0,0,0,0,0,0,0,0,5,0
gr,55f19116eff73,red,5,5,0,0,0,0,0,0,0,0,0,0,0,5,0,0,0,0,0,0
gr,55f19116eff73,turquoise,0,0,0,0,0,4,0,0,0,0,0,4,3,0,0,0,0,0,0,0
gr,55f19116eff73,white,0,0,0,0,0,0,0,0,0,0,0,0,5,0,0,0,0,5,0,0
gr,55f19116eff73,yellow,0,0,0,0,0,0,0,0,0,5,5,0,0,0,0,3,0,0,0,0
gr,55f19ac59f338,black,0,0,5,0,0,0,0,0,5,0,5,0,0,0,0,0,0,0,0,0
gr,55f19ac59f338,blue,0,0,0,0,0,0,0,0,0,0,0,0,0,0,0,0,5,4,0,0
gr,55f19ac59f338,brown,0,0,0,0,0,0,0,0,0,0,0,0,0,0,0,0,0,0,0,0
gr,55f19ac59f338,green,0,0,0,0,0,0,0,4,0,0,0,4,0,0,0,0,0,0,0,0
gr,55f19ac59f338,grey,0,0,0,0,4,0,0,0,0,0,0,0,0,0,0,0,0,0,0,0
gr,55f19ac59f338,orange,0,0,0,0,0,0,0,0,0,0,0,0,4,0,4,0,0,0,0,0
gr,55f19ac59f338,pink,0,0,0,0,0,0,0,0,0,0,0,0,5,5,5,0,0,0,0,0
gr,55f19ac59f338,purple,0,0,0,3,0,0,0,0,0,0,0,0,0,0,0,0,0,0,0,0
gr,55f19ac59f338,red,0,0,5,0,0,0,0,0,0,0,0,0,0,4,0,0,0,0,0,0
gr,55f19ac59f338,turquoise,0,0,0,3,0,0,0,0,0,0,0,0,3,0,0,0,3,3,0,0
gr,55f19ac59f338,white,0,0,0,0,0,0,0,0,0,0,0,0,0,0,0,0,5,0,0,0
gr,55f19ac59f338,yellow,0,0,0,0,0,0,0,0,0,0,4,0,0,0,0,4,0,0,0,0
gr,55f19ff6ad471,black,0,0,4,0,0,0,5,0,5,0,5,0,0,0,0,0,0,0,5,0
gr,55f19ff6ad471,blue,0,0,0,0,0,0,0,0,0,0,0,0,0,0,0,0,0,3,0,0
gr,55f19ff6ad471,brown,0,0,0,0,0,0,0,0,0,4,0,0,0,0,0,0,0,0,4,0
gr,55f19ff6ad471,green,0,0,0,0,0,0,0,0,0,0,0,3,0,0,0,0,0,0,0,0
gr,55f19ff6ad471,grey,0,0,0,0,0,0,0,0,0,4,0,0,0,0,0,0,0,0,4,0
gr,55f19ff6ad471,orange,0,4,0,0,0,4,0,0,0,0,0,0,4,0,4,0,0,0,0,0
gr,55f19ff6ad471,pink,4,0,0,0,0,4,0,0,0,0,0,0,0,5,5,0,0,0,0,0
gr,55f19ff6ad471,purple,0,0,0,0,0,0,0,0,4,5,4,0,0,0,0,0,0,0,5,0
gr,55f19ff6ad471,red,0,0,0,0,0,0,0,0,0,0,0,0,4,0,4,0,0,0,0,5
gr,55f19ff6ad471,turquoise,0,0,0,0,0,0,0,0,0,0,0,5,5,0,0,0,0,5,0,0
gr,55f19ff6ad471,white,0,0,0,0,0,0,0,0,0,0,0,0,0,0,4,0,5,5,0,0
gr,55f19ff6ad471,yellow,0,0,0,0,0,0,0,0,0,0,4,0,4,0,3,0,0,0,0,0
gr,55f1a4488c22f,black,4,0,1,0,0,0,0,0,0,0,0,0,0,0,0,0,0,0,3,0
gr,55f1a4488c22f,blue,0,5,0,0,0,5,0,0,0,0,0,0,0,0,5,4,0,0,0,0
gr,55f1a4488c22f,brown,0,0,0,0,0,0,0,0,0,0,0,0,0,0,0,0,0,0,0,0
gr,55f1a4488c22f,green,0,0,0,0,0,5,0,0,0,0,0,0,0,0,0,5,0,0,0,0
gr,55f1a4488c22f,grey,0,0,4,0,0,0,0,0,0,3,0,1,0,0,0,0,3,0,0,0
gr,55f1a4488c22f,orange,0,4,0,0,0,0,0,0,0,0,0,0,4,0,0,0,0,0,0,0
gr,55f1a4488c22f,pink,0,0,0,0,0,0,0,0,0,0,0,0,3,4,3,0,0,3,0,0
gr,55f1a4488c22f,purple,0,4,0,0,0,0,0,0,0,0,0,4,0,0,0,0,0,0,0,0
gr,55f1a4488c22f,red,0,0,5,0,0,0,3,0,0,0,0,0,0,5,0,0,3,0,0,0
gr,55f1a4488c22f,turquoise,3,0,0,0,0,0,0,0,0,0,0,0,0,0,3,0,0,4,0,0
gr,55f1a4488c22f,white,5,0,0,5,0,5,0,0,0,0,0,0,0,0,0,5,0,5,0,0
gr,55f1a4488c22f,yellow,0,0,5,0,0,0,0,5,0,3,5,0,0,0,0,0,0,0,0,0
gr,55f1a46808511,black,0,0,0,0,0,0,4,0,4,4,0,0,0,0,0,0,0,0,0,0
gr,55f1a46808511,blue,0,0,0,0,0,0,0,0,0,0,0,0,0,0,0,4,0,0,0,0
gr,55f1a46808511,brown,0,0,0,0,0,4,0,0,0,0,0,0,0,0,4,0,0,0,0,0
gr,55f1a46808511,green,0,0,0,0,0,5,0,0,0,0,0,5,5,0,0,5,0,0,0,0
gr,55f1a46808511,grey,0,0,0,0,3,0,3,0,0,0,0,0,0,0,0,0,0,0,0,0
gr,55f1a46808511,orange,0,0,0,0,0,0,0,3,0,0,0,0,0,0,0,0,0,0,0,0
gr,55f1a46808511,pink,0,0,0,0,0,0,0,0,0,0,0,0,4,5,4,0,0,0,0,0
gr,55f1a46808511,purple,0,0,0,0,0,3,0,0,0,0,0,0,0,0,0,0,0,3,0,0
gr,55f1a46808511,red,0,0,5,0,0,0,0,0,0,0,5,0,0,3,5,0,0,0,0,0
gr,55f1a46808511,turquoise,0,0,0,0,0,0,0,0,0,0,0,0,4,0,2,0,0,4,0,0
gr,55f1a46808511,white,0,0,0,0,0,0,0,0,0,0,0,0,0,5,0,0,4,0,0,0
gr,55f1a46808511,yellow,0,0,0,0,0,0,5,0,0,0,0,0,0,0,0,0,0,0,0,0
gr,55f1a5cea8704,black,0,0,0,0,0,0,0,0,5,0,4,0,0,0,0,0,0,0,5,0
gr,55f1a5cea8704,blue,0,0,0,5,0,0,0,0,0,0,0,0,0,0,0,0,0,0,0,0
gr,55f1a5cea8704,brown,0,0,0,0,0,0,0,0,0,5,0,0,0,0,0,0,0,0,0,0
gr,55f1a5cea8704,green,0,0,0,0,0,0,0,0,0,0,0,5,0,0,5,0,0,0,0,0
gr,55f1a5cea8704,grey,0,0,4,0,0,0,0,0,1,0,0,0,0,0,0,0,0,0,0,0
gr,55f1a5cea8704,orange,4,0,0,0,0,5,0,0,0,0,0,0,0,0,0,0,0,0,0,0
gr,55f1a5cea8704,pink,0,0,0,0,0,0,0,0,0,0,0,3,4,4,0,0,0,5,0,0
gr,55f1a5cea8704,purple,0,0,0,0,5,0,5,0,0,0,0,0,0,0,0,0,0,0,0,0
gr,55f1a5cea8704,red,0,0,5,0,0,0,0,0,0,0,0,0,0,5,0,0,0,0,0,2
gr,55f1a5cea8704,turquoise,5,0,0,0,0,0,0,0,0,0,0,0,0,0,0,5,0,0,0,0
gr,55f1a5cea8704,white,0,0,0,0,0,0,0,0,0,0,0,0,0,0,0,0,5,4,0,0
gr,55f1a5cea8704,yellow,0,0,0,0,0,5,0,0,0,0,0,0,5,0,5,5,0,0,0,0
gr,55f1afd1e74c0,black,0,0,5,0,0,0,0,0,0,0,0,0,0,0,0,0,0,3,5,0
gr,55f1afd1e74c0,blue,0,0,0,0,0,0,0,0,0,0,0,0,0,0,0,5,0,0,0,0
gr,55f1afd1e74c0,brown,5,0,0,0,0,5,0,0,0,0,0,0,0,0,0,0,0,0,0,0
gr,55f1afd1e74c0,green,3,0,0,0,0,0,0,0,0,0,0,5,0,0,0,0,0,0,0,0
gr,55f1afd1e74c0,grey,0,0,0,0,4,0,0,0,0,0,0,0,0,0,0,0,0,0,0,0
gr,55f1afd1e74c0,orange,0,0,0,0,0,0,3,0,0,0,0,0,0,0,0,0,0,0,0,4
gr,55f1afd1e74c0,pink,0,0,0,0,0,0,0,0,0,0,0,0,2,3,0,0,0,0,0,0
gr,55f1afd1e74c0,purple,0,0,0,5,0,0,0,0,0,0,0,0,0,0,0,0,5,0,0,0
gr,55f1afd1e74c0,red,0,0,5,0,0,0,0,0,0,0,5,0,0,0,0,0,0,0,0,0
gr,55f1afd1e74c0,turquoise,0,0,0,0,0,4,0,0,0,0,0,0,5,0,0,0,0,3,0,0
gr,55f1afd1e74c0,white,0,0,0,0,0,0,0,0,0,0,0,0,0,0,0,0,0,0,0,0
gr,55f1afd1e74c0,yellow,0,0,0,0,5,0,0,0,0,0,0,0,0,0,0,0,0,0,0,0
gr,55f1b1efd0e2a,black,0,0,0,0,0,0,0,0,0,0,0,0,0,0,0,0,0,0,3,0
gr,55f1b1efd0e2a,blue,0,0,0,0,0,0,0,0,0,0,0,0,1,0,0,0,0,0,0,0
gr,55f1b1efd0e2a,brown,0,0,0,0,0,0,0,0,0,0,0,0,0,0,4,0,0,0,0,0
gr,55f1b1efd0e2a,green,0,0,0,0,0,0,0,0,0,0,0,0,1,0,0,0,0,0,0,0
gr,55f1b1efd0e2a,grey,0,0,0,0,0,0,3,0,0,0,0,0,0,0,0,0,0,0,0,0
gr,55f1b1efd0e2a,orange,0,0,0,0,0,0,4,0,0,0,0,0,0,0,0,0,0,0,0,0
gr,55f1b1efd0e2a,pink,0,0,0,0,5,0,0,5,0,0,0,0,0,0,0,0,0,0,0,0
gr,55f1b1efd0e2a,purple,3,0,0,0,0,0,0,0,0,0,0,0,0,0,0,0,0,0,0,0
gr,55f1b1efd0e2a,red,0,0,1,0,0,0,0,0,0,0,0,0,0,0,0,0,0,0,0,0
gr,55f1b1efd0e2a,turquoise,1,0,0,0,0,0,0,0,0,0,0,0,0,0,0,0,0,0,0,0
gr,55f1b1efd0e2a,white,1,0,0,0,0,0,0,0,0,0,0,0,0,0,0,0,0,0,0,0
gr,55f1b1efd0e2a,yellow,0,0,0,0,3,0,0,0,0,0,0,0,0,0,0,0,0,0,0,0
gr,55f1b7d5297af,black,0,0,5,0,0,0,0,0,0,0,0,0,0,0,0,0,0,0,0,0
gr,55f1b7d5297af,blue,0,0,0,0,0,0,0,0,0,0,0,0,0,0,0,0,0,4,0,0
gr,55f1b7d5297af,brown,0,0,0,0,0,0,0,4,0,0,0,0,0,0,0,0,0,0,0,0
gr,55f1b7d5297af,green,0,0,0,0,2,0,0,0,0,0,0,0,0,0,0,0,0,0,0,0
gr,55f1b7d5297af,grey,0,0,0,0,0,0,0,0,3,0,0,0,0,0,0,0,0,0,0,0
gr,55f1b7d5297af,orange,0,0,0,0,0,0,0,0,0,0,0,0,0,0,5,0,0,0,0,0
gr,55f1b7d5297af,pink,0,0,0,0,0,0,0,0,0,0,0,0,0,0,0,0,0,0,0,4
gr,55f1b7d5297af,purple,0,0,0,0,0,2,0,0,0,0,0,0,0,0,0,0,0,0,0,0
gr,55f1b7d5297af,red,0,0,0,0,0,0,0,0,0,0,5,0,0,5,0,0,0,0,0,0
gr,55f1b7d5297af,turquoise,0,0,0,0,0,0,0,0,0,0,0,0,0,0,0,0,3,0,0,0
gr,55f1b7d5297af,white,0,0,0,0,0,0,3,0,0,0,0,0,0,0,0,0,0,0,0,0
gr,55f1b7d5297af,yellow,0,0,0,0,0,0,0,0,0,0,0,0,4,0,0,0,0,0,0,0
gr,55f1c18cba712,black,0,0,0,0,0,0,0,0,2,0,0,0,0,0,0,0,0,0,4,0
gr,55f1c18cba712,blue,1,0,0,0,0,0,0,0,0,0,0,0,0,0,0,0,0,0,0,0
gr,55f1c18cba712,brown,0,0,0,0,0,0,0,0,0,0,0,3,0,0,0,0,0,0,0,0
gr,55f1c18cba712,green,0,0,0,0,0,0,0,0,0,0,0,0,0,0,0,4,0,0,0,0
gr,55f1c18cba712,grey,0,0,0,0,0,0,0,0,0,0,0,0,0,0,0,0,0,0,0,0
gr,55f1c18cba712,orange,0,0,0,0,3,0,0,0,0,0,0,0,0,0,0,0,0,0,0,2
gr,55f1c18cba712,pink,0,0,0,0,0,0,0,0,0,0,0,0,4,0,0,0,0,0,0,0
gr,55f1c18cba712,purple,0,0,0,0,0,0,0,0,0,0,0,0,0,0,0,0,0,0,1,0
gr,55f1c18cba712,red,0,0,0,0,0,0,0,0,0,0,0,4,0,0,0,0,0,0,0,0
gr,55f1c18cba712,turquoise,0,0,0,0,0,0,0,0,0,0,0,3,0,0,0,0,0,0,0,0
gr,55f1c18cba712,white,0,0,0,3,0,0,0,0,0,0,0,0,0,0,0,0,0,0,0,0
gr,55f1c18cba712,yellow,0,0,0,0,0,3,0,0,0,0,0,0,1,0,0,0,0,0,0,0
gr,55f1cc83c42ba,black,0,0,5,0,0,0,5,0,5,5,5,0,0,0,0,0,0,0,5,4
gr,55f1cc83c42ba,blue,0,0,0,0,0,0,0,0,0,0,0,0,0,0,5,0,0,0,0,0
gr,55f1cc83c42ba,brown,0,0,0,0,3,0,0,0,0,0,0,0,0,0,0,0,0,0,0,0
gr,55f1cc83c42ba,green,0,0,0,0,0,0,0,0,0,0,0,0,0,0,0,0,0,4,0,0
gr,55f1cc83c42ba,grey,0,0,0,0,0,0,0,0,0,0,0,0,0,0,0,0,0,0,4,0
gr,55f1cc83c42ba,orange,0,0,0,0,0,0,0,0,0,0,0,0,4,0,0,0,0,0,0,0
gr,55f1cc83c42ba,pink,0,0,0,0,0,0,0,0,0,0,0,0,0,5,0,0,0,0,0,0
gr,55f1cc83c42ba,purple,0,0,0,3,0,0,0,0,0,0,0,0,0,0,0,0,0,0,0,0
gr,55f1cc83c42ba,red,0,0,0,0,0,0,0,0,0,0,0,5,0,5,0,0,0,0,0,0
gr,55f1cc83c42ba,turquoise,5,0,0,0,0,0,0,0,0,0,0,0,0,0,0,0,0,0,0,0
gr,55f1cc83c42ba,white,0,0,0,0,0,0,0,0,0,0,0,0,5,0,0,0,0,0,0,0
gr,55f1cc83c42ba,yellow,0,0,0,0,0,0,0,0,0,0,0,0,0,0,0,0,0,0,0,0
gr,55f1d0e21183a,black,0,0,0,0,0,3,0,0,0,0,0,5,0,0,0,0,0,0,0,0
gr,55f1d0e21183a,blue,0,0,0,0,0,0,0,0,0,0,0,0,0,5,0,0,0,0,0,0
gr,55f1d0e21183a,brown,0,0,0,0,3,0,0,5,0,0,0,0,0,0,0,0,0,0,0,0
gr,55f1d0e21183a,green,0,0,0,0,0,0,0,0,0,0,0,0,0,0,0,0,0,0,0,0
gr,55f1d0e21183a,grey,0,0,0,0,0,0,0,5,0,0,0,0,0,0,0,0,0,0,3,0
gr,55f1d0e21183a,orange,0,5,0,0,0,0,0,0,0,0,0,0,5,0,0,0,0,0,0,0
gr,55f1d0e21183a,pink,0,0,0,5,0,0,0,0,0,0,0,0,0,0,0,0,0,0,0,0
gr,55f1d0e21183a,purple,0,0,0,0,0,0,0,0,0,0,0,0,0,0,5,0,0,0,0,0
gr,55f1d0e21183a,red,0,0,0,0,0,5,0,0,0,0,0,0,0,0,0,0,0,0,0,0
gr,55f1d0e21183a,turquoise,5,0,0,0,0,0,0,0,0,0,0,0,0,0,0,0,0,5,0,0
gr,55f1d0e21183a,white,0,0,0,0,0,0,0,0,0,0,0,0,0,0,0,0,0,0,0,0
gr,55f1d0e21183a,yellow,0,0,0,0,0,0,0,0,0,0,0,0,0,0,5,0,0,0,0,0
gr,55f1d850f190f,black,0,0,3,0,0,0,4,0,4,3,3,3,0,0,0,1,0,0,4,0
gr,55f1d850f190f,blue,3,0,0,0,0,0,0,0,0,0,0,4,4,3,0,0,0,0,0,0
gr,55f1d850f190f,brown,0,0,0,0,0,0,3,2,0,0,0,0,0,0,0,0,3,0,3,0
gr,55f1d850f190f,green,0,3,0,2,0,3,0,0,0,0,0,3,3,2,3,0,0,3,0,0
gr,55f1d850f190f,grey,0,0,3,0,0,0,3,0,4,0,2,0,0,0,0,0,2,0,4,3
gr,55f1d850f190f,orange,0,2,0,0,0,3,0,2,0,0,0,0,3,0,0,2,0,0,0,2
gr,55f1d850f190f,pink,0,3,0,3,0,3,0,0,0,0,0,3,3,3,3,0,0,0,0,0
gr,55f1d850f190f,purple,0,0,0,0,0,0,3,0,3,3,0,0,0,0,0,0,0,0,3,0
gr,55f1d850f190f,red,0,3,3,0,3,2,0,3,2,3,2,0,0,3,0,3,0,0,0,4
gr,55f1d850f190f,turquoise,0,4,0,3,0,3,0,0,0,0,0,3,3,2,4,0,0,3,0,0
gr,55f1d850f190f,white,4,4,0,5,0,4,0,0,0,0,0,4,4,4,4,4,0,5,0,0
gr,55f1d850f190f,yellow,0,3,0,0,0,3,0,0,0,0,0,0,3,3,4,0,0,3,0,0
gr,55f1e09d5c1bf,black,0,0,0,0,0,0,4,0,5,0,5,0,0,0,0,0,0,0,4,0
gr,55f1e09d5c1bf,blue,0,0,0,0,0,0,0,0,0,0,0,0,0,0,0,5,0,0,0,0
gr,55f1e09d5c1bf,brown,0,0,0,0,0,0,0,0,0,0,0,0,0,0,0,0,0,0,0,5
gr,55f1e09d5c1bf,green,0,0,0,0,0,0,0,0,0,0,5,0,0,0,0,0,0,0,0,0
gr,55f1e09d5c1bf,grey,0,0,0,0,0,0,0,0,0,5,0,0,0,0,0,0,0,0,4,0
gr,55f1e09d5c1bf,orange,0,0,0,0,0,0,0,0,0,0,0,2,0,0,0,0,0,0,0,0
gr,55f1e09d5c1bf,pink,0,0,0,0,0,0,0,0,0,0,0,0,4,5,0,0,0,0,0,0
gr,55f1e09d5c1bf,purple,0,0,0,0,0,0,0,0,0,0,0,0,0,0,0,0,0,0,3,0
gr,55f1e09d5c1bf,red,0,5,0,0,0,0,0,0,0,0,0,0,0,0,5,0,0,0,0,0
gr,55f1e09d5c1bf,turquoise,0,0,0,0,0,0,0,0,0,0,0,0,0,0,0,5,0,0,0,0
gr,55f1e09d5c1bf,white,0,0,0,0,0,0,0,0,0,0,0,0,5,5,4,0,0,3,0,0
gr,55f1e09d5c1bf,yellow,0,0,4,0,0,0,0,0,0,0,5,0,0,0,0,0,0,0,0,0
gr,55f1e0a668a2d,black,0,0,0,0,0,0,3,0,0,0,2,0,0,0,0,0,0,0,5,0
gr,55f1e0a668a2d,blue,0,2,0,0,0,0,0,0,0,0,0,0,0,0,3,0,0,0,0,0
gr,55f1e0a668a2d,brown,0,0,0,0,0,0,0,0,0,0,0,0,0,0,0,0,0,0,0,0
gr,55f1e0a668a2d,green,0,0,0,0,0,0,0,0,0,0,0,0,0,0,0,0,0,0,0,0
gr,55f1e0a668a2d,grey,0,0,0,0,0,0,0,0,0,0,0,0,0,0,0,0,0,0,0,0
gr,55f1e0a668a2d,orange,0,0,0,0,0,0,0,0,0,0,0,0,0,0,0,0,0,0,0,0
gr,55f1e0a668a2d,pink,0,3,0,0,0,0,0,0,0,0,0,0,2,0,0,0,0,0,0,0
gr,55f1e0a668a2d,purple,0,3,0,0,0,0,0,0,0,0,0,0,0,0,0,0,0,0,3,0
gr,55f1e0a668a2d,red,0,0,0,0,0,0,0,0,0,0,0,3,0,4,3,0,0,0,0,0
gr,55f1e0a668a2d,turquoise,0,0,0,0,0,0,0,0,0,0,0,0,0,0,0,0,0,0,0,0
gr,55f1e0a668a2d,white,0,0,0,0,0,0,0,0,0,0,0,0,0,0,0,0,3,3,0,0
gr,55f1e0a668a2d,yellow,0,0,3,0,0,0,0,0,0,0,4,0,0,0,0,0,0,0,0,2
gr,55f1f792cc19d,black,0,0,0,0,0,0,1,0,0,1,0,0,0,0,0,0,0,0,5,0
gr,55f1f792cc19d,blue,3,0,0,0,0,0,0,0,0,0,0,3,0,0,0,0,0,0,0,0
gr,55f1f792cc19d,brown,0,0,0,0,0,0,2,2,0,0,0,0,0,0,0,0,0,0,0,0
gr,55f1f792cc19d,green,0,0,0,0,0,0,0,4,3,0,0,0,0,0,0,0,0,0,0,0
gr,55f1f792cc19d,grey,0,0,0,0,4,0,5,0,0,3,0,0,0,0,0,0,0,0,0,0
gr,55f1f792cc19d,orange,0,0,0,0,0,0,0,0,0,3,0,0,0,0,0,0,0,0,0,0
gr,55f1f792cc19d,pink,0,0,0,0,0,0,0,0,0,0,0,0,0,0,0,0,0,0,0,5
gr,55f1f792cc19d,purple,0,0,0,0,0,4,0,0,0,0,0,0,0,0,0,0,0,0,0,0
gr,55f1f792cc19d,red,0,0,4,0,0,0,0,0,0,0,0,0,0,5,3,0,0,0,0,0
gr,55f1f792cc19d,turquoise,3,0,0,0,0,3,0,0,0,0,0,0,0,0,3,0,0,4,0,0
gr,55f1f792cc19d,white,0,0,0,0,0,4,0,0,0,0,0,0,5,0,4,4,0,0,0,0
gr,55f1f792cc19d,yellow,0,0,0,0,0,0,0,0,0,0,0,0,0,0,0,0,0,0,0,0
gr,55f1f81e828d7,black,5,0,0,0,0,0,0,0,0,0,0,4,0,0,0,4,2,0,3,0
gr,55f1f81e828d7,blue,0,0,0,0,0,0,0,0,0,0,0,0,5,0,0,0,3,5,0,0
gr,55f1f81e828d7,brown,0,0,0,0,0,0,0,0,0,0,0,0,0,0,0,0,0,0,0,0
gr,55f1f81e828d7,green,0,0,0,0,0,0,0,0,0,0,0,4,0,0,0,5,0,0,0,0
gr,55f1f81e828d7,grey,0,0,0,0,0,0,4,0,0,5,0,0,0,0,0,0,0,0,0,0
gr,55f1f81e828d7,orange,0,0,0,4,0,0,0,0,0,0,0,0,0,0,0,0,0,0,0,0
gr,55f1f81e828d7,pink,0,0,0,0,0,0,0,0,0,0,0,0,3,4,0,0,0,0,0,0
gr,55f1f81e828d7,purple,0,0,5,0,0,0,0,0,0,0,0,0,0,0,0,0,0,0,4,0
gr,55f1f81e828d7,red,0,0,5,0,0,0,0,4,0,0,0,0,0,0,0,0,0,0,0,5
gr,55f1f81e828d7,turquoise,0,0,0,0,0,0,0,0,0,0,0,0,4,5,4,0,0,5,0,0
gr,55f1f81e828d7,white,0,0,0,0,0,5,0,0,0,0,0,0,0,0,0,0,0,4,5,0
gr,55f1f81e828d7,yellow,0,0,0,0,0,0,0,0,4,0,0,0,0,0,0,0,0,0,0,0
gr,55f1fa2d67091,black,0,0,0,0,0,0,3,0,0,0,0,0,0,0,0,0,0,0,5,0
gr,55f1fa2d67091,blue,0,0,0,0,0,0,0,0,0,0,0,0,0,0,0,5,0,0,0,0
gr,55f1fa2d67091,brown,0,0,0,0,0,0,0,0,0,0,0,0,0,0,0,0,0,5,0,0
gr,55f1fa2d67091,green,0,0,0,0,0,0,0,0,0,0,0,0,4,0,0,0,0,4,0,0
gr,55f1fa2d67091,grey,0,0,0,0,0,0,0,0,3,0,0,0,0,0,0,0,0,0,0,0
gr,55f1fa2d67091,orange,0,0,2,0,0,0,0,0,0,0,0,0,0,0,0,0,0,0,0,2
gr,55f1fa2d67091,pink,0,4,0,0,0,3,0,0,0,0,0,0,0,0,4,0,0,0,0,0
gr,55f1fa2d67091,purple,0,0,0,0,0,0,0,0,0,0,0,0,0,0,0,0,0,4,0,0
gr,55f1fa2d67091,red,0,5,0,0,0,0,0,0,0,0,1,0,0,0,0,0,0,0,0,0
gr,55f1fa2d67091,turquoise,0,0,0,0,0,0,0,0,0,0,0,4,0,0,0,3,0,0,0,0
gr,55f1fa2d67091,white,0,0,0,5,0,0,0,0,0,0,0,0,0,4,0,0,0,0,0,0
gr,55f1fa2d67091,yellow,0,4,0,0,0,0,0,0,0,0,0,4,4,0,0,0,0,0,0,0
gr,55f2007b45ba9,black,0,0,0,4,0,0,0,0,0,0,0,0,0,0,0,0,0,0,4,0
gr,55f2007b45ba9,blue,2,0,0,0,0,3,0,0,0,0,0,4,0,0,0,0,0,4,0,0
gr,55f2007b45ba9,brown,0,0,0,0,0,0,0,1,0,0,0,3,0,0,0,0,0,0,0,0
gr,55f2007b45ba9,green,0,0,0,0,0,0,0,0,0,0,0,0,3,0,0,0,0,5,0,0
gr,55f2007b45ba9,grey,0,0,0,0,0,0,0,0,0,0,0,0,0,0,0,0,3,0,4,0
gr,55f2007b45ba9,orange,0,4,0,0,0,0,0,0,0,0,0,3,4,0,0,0,0,0,0,0
gr,55f2007b45ba9,pink,0,3,0,0,0,3,0,0,0,0,0,0,3,4,0,0,0,0,0,0
gr,55f2007b45ba9,purple,0,0,0,3,0,0,0,0,0,0,0,0,0,0,0,0,0,0,3,3
gr,55f2007b45ba9,red,0,0,0,0,0,2,0,0,0,2,0,3,2,5,0,0,0,0,0,4
gr,55f2007b45ba9,turquoise,3,0,0,3,0,0,0,0,0,0,0,0,2,0,2,0,0,5,0,0
gr,55f2007b45ba9,white,2,0,0,3,0,3,0,0,0,0,0,0,2,0,2,0,0,0,0,0
gr,55f2007b45ba9,yellow,0,4,0,0,0,4,0,0,0,0,0,4,4,0,4,0,0,0,0,0
gr,55f270f18f79b,black,0,0,0,0,0,0,5,0,5,0,0,5,0,0,0,0,0,0,0,0
gr,55f270f18f79b,blue,0,0,3,0,0,0,0,0,0,0,0,4,0,0,0,0,0,0,0,0
gr,55f270f18f79b,brown,0,0,0,4,0,5,0,0,0,0,0,0,0,0,0,0,0,0,0,0
gr,55f270f18f79b,green,0,0,0,0,0,5,0,0,0,0,0,0,4,0,5,0,0,5,0,0
gr,55f270f18f79b,grey,0,0,0,0,2,0,1,0,0,0,0,0,0,0,0,4,4,0,0,0
gr,55f270f18f79b,orange,5,0,0,0,0,0,0,0,0,0,0,5,0,4,0,0,0,0,0,0
gr,55f270f18f79b,pink,0,0,0,0,0,5,0,0,0,0,0,3,0,3,0,0,0,0,0,0
gr,55f270f18f79b,purple,0,0,0,0,0,0,0,0,0,0,0,0,0,0,0,0,0,0,4,0
gr,55f270f18f79b,red,0,4,0,5,0,0,0,0,0,0,0,0,0,5,0,0,0,0,0,0
gr,55f270f18f79b,turquoise,0,2,0,0,0,0,0,0,0,0,0,2,0,0,0,0,0,2,0,0
gr,55f270f18f79b,white,0,0,0,0,0,0,0,0,0,0,0,0,0,0,0,0,0,0,0,0
gr,55f270f18f79b,yellow,0,5,0,0,0,0,0,0,0,3,0,2,5,0,4,4,0,0,0,0
gr,55f27457b6af2,black,0,0,0,0,0,0,0,0,0,0,0,0,0,0,0,0,0,0,5,0
gr,55f27457b6af2,blue,0,0,0,0,0,0,0,0,0,0,0,0,0,0,0,0,0,5,0,0
gr,55f27457b6af2,brown,0,0,0,0,0,0,0,0,0,0,0,0,0,0,0,0,0,0,0,0
gr,55f27457b6af2,green,0,0,0,0,0,0,0,5,0,0,0,0,0,0,0,0,0,0,0,0
gr,55f27457b6af2,grey,0,0,0,0,0,0,0,0,0,0,0,0,0,0,0,0,0,0,0,0
gr,55f27457b6af2,orange,0,0,0,0,0,0,0,0,0,0,0,0,0,0,0,0,0,0,0,0
gr,55f27457b6af2,pink,0,0,0,0,0,0,0,0,0,0,0,0,5,0,0,0,0,0,0,0
gr,55f27457b6af2,purple,0,0,0,0,0,0,0,0,3,0,0,0,0,0,0,0,0,0,0,0
gr,55f27457b6af2,red,0,0,5,0,0,0,0,0,0,0,0,0,0,5,0,0,0,0,0,0
gr,55f27457b6af2,turquoise,0,0,0,0,0,0,0,0,0,0,0,0,0,0,0,0,0,5,0,0
gr,55f27457b6af2,white,0,0,0,0,0,0,0,0,0,0,0,0,0,0,0,0,0,0,5,0
gr,55f27457b6af2,yellow,0,0,0,0,0,0,0,0,0,0,0,0,5,0,0,0,0,0,0,0
gr,55f2a3254ab93,black,0,0,0,0,0,0,5,0,0,0,0,0,0,0,0,0,0,0,0,0
gr,55f2a3254ab93,blue,0,0,0,0,5,0,0,0,0,0,0,0,0,0,0,0,0,0,0,0
gr,55f2a3254ab93,brown,0,0,0,0,0,0,0,0,0,0,0,0,0,0,0,0,4,0,0,0
gr,55f2a3254ab93,green,0,0,0,5,0,0,0,0,0,0,0,0,0,0,0,0,0,5,0,0
gr,55f2a3254ab93,grey,0,0,0,0,0,0,0,0,0,0,0,0,0,0,0,0,5,0,4,0
gr,55f2a3254ab93,orange,0,5,0,5,0,5,0,0,0,0,0,5,5,0,5,0,0,0,0,0
gr,55f2a3254ab93,pink,0,5,0,0,0,0,0,0,0,0,0,0,0,0,4,0,0,4,0,0
gr,55f2a3254ab93,purple,0,0,0,0,4,4,0,0,0,0,0,0,0,0,0,0,0,0,4,0
gr,55f2a3254ab93,red,5,0,5,0,0,0,0,5,0,0,5,0,5,0,0,5,0,0,0,0
gr,55f2a3254ab93,turquoise,0,5,0,4,0,4,0,0,0,0,0,5,0,0,0,0,0,4,0,0
gr,55f2a3254ab93,white,0,0,0,0,0,0,0,0,0,3,0,0,0,0,0,0,0,0,0,3
gr,55f2a3254ab93,yellow,0,0,0,0,4,0,0,0,0,0,0,0,0,0,4,0,0,0,0,0
gr,55f2b93046e20,black,0,0,3,0,0,0,0,0,2,0,5,0,0,0,0,0,0,0,5,0
gr,55f2b93046e20,blue,0,0,0,0,0,0,0,0,0,0,0,0,0,0,0,3,0,0,0,0
gr,55f2b93046e20,brown,0,0,0,0,3,0,0,2,0,0,0,0,0,0,0,0,0,0,0,0
gr,55f2b93046e20,green,0,0,0,0,0,0,0,0,0,0,0,3,0,0,0,0,0,0,0,0
gr,55f2b93046e20,grey,0,0,0,0,0,0,1,0,0,0,0,0,0,0,0,0,2,0,0,3
gr,55f2b93046e20,orange,0,3,0,0,0,0,0,0,0,0,0,0,0,0,4,0,0,0,0,0
gr,55f2b93046e20,pink,0,0,0,4,0,0,0,0,0,0,0,0,5,0,0,0,0,0,0,0
gr,55f2b93046e20,purple,0,0,0,0,0,0,0,0,0,0,0,0,0,0,0,0,0,0,1,0
gr,55f2b93046e20,red,0,0,0,0,0,0,0,0,0,0,0,0,0,5,0,0,0,0,0,2
gr,55f2b93046e20,turquoise,3,0,0,0,0,4,0,0,0,0,0,0,0,0,0,3,0,0,0,0
gr,55f2b93046e20,white,0,0,0,0,0,0,0,0,0,0,0,0,0,0,0,0,0,4,0,0
gr,55f2b93046e20,yellow,0,2,0,0,0,2,0,0,0,0,0,0,0,0,3,0,0,0,0,0
gr,55f2be269c802,black,0,0,0,0,0,0,4,0,5,0,0,0,0,0,0,0,0,0,0,0
gr,55f2be269c802,blue,0,0,0,5,0,0,0,0,0,0,0,0,0,0,0,0,0,5,4,0
gr,55f2be269c802,brown,0,0,0,0,0,0,0,4,0,0,0,0,0,0,0,0,0,0,0,0
gr,55f2be269c802,green,0,5,0,0,0,0,0,0,0,0,0,0,5,0,0,0,0,5,0,0
gr,55f2be269c802,grey,0,0,0,0,0,0,0,0,0,0,0,0,0,0,0,0,0,0,5,0
gr,55f2be269c802,orange,0,4,3,0,0,0,0,0,0,0,0,0,4,0,5,0,0,0,0,0
gr,55f2be269c802,pink,4,0,0,0,0,0,0,0,0,0,0,3,0,4,0,0,0,0,0,0
gr,55f2be269c802,purple,4,0,0,4,0,0,0,0,0,0,0,5,0,0,0,0,0,4,0,0
gr,55f2be269c802,red,0,0,5,0,0,0,0,0,0,0,0,0,0,0,4,0,0,0,0,0
gr,55f2be269c802,turquoise,0,0,0,4,0,5,0,0,0,0,0,0,4,5,0,0,0,5,0,0
gr,55f2be269c802,white,0,0,0,0,0,0,0,0,0,0,0,0,0,0,0,0,4,4,0,0
gr,55f2be269c802,yellow,0,0,0,0,3,0,0,0,0,0,3,0,4,0,0,5,0,0,0,0
gr,55f2d5f09a0ac,black,0,0,0,0,0,0,0,0,0,0,0,0,0,0,0,0,0,0,5,0
gr,55f2d5f09a0ac,blue,0,0,0,0,0,0,0,0,0,0,0,0,0,0,0,0,0,5,0,0
gr,55f2d5f09a0ac,brown,0,0,0,0,0,0,0,0,0,0,0,0,0,0,0,0,0,0,0,0
gr,55f2d5f09a0ac,green,0,0,0,0,0,0,0,0,0,0,0,3,0,0,0,0,0,0,0,0
gr,55f2d5f09a0ac,grey,0,0,0,0,0,0,0,0,0,0,0,0,0,0,0,0,0,0,0,0
gr,55f2d5f09a0ac,orange,0,0,0,0,0,0,0,0,0,0,0,0,0,0,5,0,0,0,0,0
gr,55f2d5f09a0ac,pink,0,0,0,0,0,0,0,0,0,0,0,0,0,0,5,0,0,0,0,0
gr,55f2d5f09a0ac,purple,4,0,0,0,0,0,0,0,0,0,0,0,0,0,0,0,0,0,0,0
gr,55f2d5f09a0ac,red,0,0,5,0,0,0,0,0,0,0,0,0,0,0,0,0,0,0,0,0
gr,55f2d5f09a0ac,turquoise,0,0,0,0,0,0,0,0,0,0,0,0,0,0,0,0,0,0,0,0
gr,55f2d5f09a0ac,white,0,0,0,0,0,0,0,0,0,0,0,0,0,0,0,0,0,5,0,0
gr,55f2d5f09a0ac,yellow,0,0,0,0,0,0,0,0,0,4,0,0,0,0,0,0,0,0,0,0
gr,55f2d7cb7884b,black,4,1,3,1,1,1,5,1,5,5,1,5,1,1,1,1,5,1,5,3
gr,55f2d7cb7884b,blue,0,1,1,3,1,3,4,1,4,5,1,5,1,3,1,1,5,1,5,4
gr,55f2d7cb7884b,brown,1,1,1,1,3,1,1,4,1,1,1,1,1,1,1,1,1,1,1,1
gr,55f2d7cb7884b,green,4,2,1,4,1,5,1,1,1,1,1,3,4,4,5,4,1,4,1,1
gr,55f2d7cb7884b,grey,1,1,1,1,1,1,3,1,3,1,1,1,1,1,1,1,3,1,4,1
gr,55f2d7cb7884b,orange,3,5,3,3,1,3,1,1,1,1,3,5,4,3,4,3,1,3,1,1
gr,55f2d7cb7884b,pink,4,5,1,4,1,5,1,1,1,1,1,4,5,5,5,0,1,4,1,1
gr,55f2d7cb7884b,purple,1,4,4,3,1,3,3,1,1,3,1,5,1,3,4,1,3,1,3,3
gr,55f2d7cb7884b,red,4,5,5,0,1,4,1,1,1,1,5,5,4,4,4,1,1,0,1,1
gr,55f2d7cb7884b,turquoise,4,2,1,3,1,5,1,1,3,1,1,2,4,5,5,4,1,4,3,1
gr,55f2d7cb7884b,white,1,1,1,3,1,1,1,1,3,1,1,1,1,1,1,1,1,4,1,1
gr,55f2d7cb7884b,yellow,1,2,2,1,2,1,4,2,4,4,2,2,1,1,1,1,4,1,1,4
gr,55f2eef54281d,black,0,0,0,0,0,0,0,0,0,0,0,0,0,0,0,0,0,0,1,0
gr,55f2eef54281d,blue,5,0,0,0,0,5,0,0,0,0,0,0,5,0,0,5,0,0,0,0
gr,55f2eef54281d,brown,0,0,0,0,2,0,0,0,0,0,0,0,0,0,0,0,0,0,0,0
gr,55f2eef54281d,green,0,0,0,0,0,5,0,0,0,0,0,0,5,5,0,0,0,0,0,0
gr,55f2eef54281d,grey,0,0,0,0,0,0,0,0,0,0,0,5,0,0,0,0,0,0,0,0
gr,55f2eef54281d,orange,0,0,0,0,2,0,0,0,0,0,0,0,0,0,0,0,0,0,0,0
gr,55f2eef54281d,pink,0,4,0,0,0,0,0,0,0,0,0,0,0,0,0,0,0,0,0,0
gr,55f2eef54281d,purple,0,0,0,0,0,0,0,0,0,0,0,0,0,0,0,0,0,0,2,0
gr,55f2eef54281d,red,0,3,0,0,0,0,0,0,0,0,0,0,0,0,0,0,0,0,0,0
gr,55f2eef54281d,turquoise,5,0,0,0,0,5,0,0,0,0,0,0,0,0,5,5,0,0,0,0
gr,55f2eef54281d,white,0,0,0,0,0,0,0,0,0,0,0,0,0,5,5,0,0,5,0,0
gr,55f2eef54281d,yellow,0,0,0,0,0,0,0,0,0,0,0,4,0,0,0,0,0,0,0,0
gr,55f30f9cefca3,black,0,0,0,0,0,0,0,0,0,0,0,5,0,0,0,0,0,0,0,0
gr,55f30f9cefca3,blue,0,0,0,0,0,0,0,0,0,0,0,0,0,0,0,0,0,0,0,0
gr,55f30f9cefca3,brown,0,0,0,0,0,0,0,4,0,0,0,0,0,0,0,0,0,0,0,0
gr,55f30f9cefca3,green,0,0,0,0,0,0,0,0,0,0,0,0,0,0,0,0,0,2,0,0
gr,55f30f9cefca3,grey,0,0,0,0,0,0,0,0,0,4,0,0,0,0,0,0,0,0,0,0
gr,55f30f9cefca3,orange,0,0,0,0,0,0,0,0,0,0,0,0,0,0,5,0,0,0,0,0
gr,55f30f9cefca3,pink,0,0,0,0,0,0,0,0,0,0,0,0,0,0,0,0,0,0,0,0
gr,55f30f9cefca3,purple,0,4,0,0,0,0,0,0,0,0,0,0,0,0,0,0,0,0,0,0
gr,55f30f9cefca3,red,0,0,0,0,0,0,0,0,0,0,0,0,0,5,0,0,0,0,0,0
gr,55f30f9cefca3,turquoise,0,0,0,0,0,0,0,0,0,0,0,4,0,0,0,0,0,0,0,0
gr,55f30f9cefca3,white,0,0,0,0,0,0,0,0,0,0,0,0,0,0,0,0,0,0,0,0
gr,55f30f9cefca3,yellow,0,0,0,0,0,0,0,0,0,0,5,0,0,0,0,0,0,0,0,0
gr,55f312efa529c,black,0,0,0,0,4,0,5,0,5,0,4,0,0,0,0,0,0,0,0,0
gr,55f312efa529c,blue,4,0,0,0,0,0,0,0,0,0,0,5,0,0,0,4,0,0,0,0
gr,55f312efa529c,brown,0,0,0,0,0,0,4,0,0,0,0,0,0,0,0,0,0,0,0,0
gr,55f312efa529c,green,0,0,0,4,0,0,0,0,0,0,0,0,0,0,0,0,0,5,0,0
gr,55f312efa529c,grey,0,0,0,0,4,0,0,0,5,0,0,0,0,0,0,0,0,0,0,0
gr,55f312efa529c,orange,0,0,0,0,0,0,0,0,0,0,0,0,4,0,0,0,0,0,0,0
gr,55f312efa529c,pink,0,4,0,0,0,0,0,0,0,0,0,0,0,4,4,0,0,0,0,0
gr,55f312efa529c,purple,4,0,0,0,0,0,0,0,0,0,0,4,0,0,0,0,0,0,0,0
gr,55f312efa529c,red,0,0,5,0,0,5,0,0,0,0,0,0,0,0,0,0,0,0,0,0
gr,55f312efa529c,turquoise,0,0,0,0,0,5,0,0,0,0,0,0,0,4,0,0,0,0,0,0
gr,55f312efa529c,white,0,0,0,4,0,0,0,0,0,0,0,0,0,5,0,4,0,0,0,0
gr,55f312efa529c,yellow,0,0,0,0,0,0,0,0,0,3,0,0,4,0,0,0,0,0,0,0
gr,55f3219290a31,black,0,0,0,0,0,0,5,0,3,0,4,0,0,0,0,0,0,0,4,0
gr,55f3219290a31,blue,5,0,0,0,0,3,0,0,4,0,0,4,0,0,0,0,0,0,0,0
gr,55f3219290a31,brown,0,0,0,0,0,0,2,0,3,0,0,0,0,2,0,0,0,0,0,0
gr,55f3219290a31,green,0,3,0,0,0,0,0,0,0,0,0,0,3,0,5,0,0,3,0,0
gr,55f3219290a31,grey,0,0,0,0,3,0,3,0,0,4,0,0,0,0,0,0,0,0,4,2
gr,55f3219290a31,orange,0,3,0,3,3,0,0,0,0,0,0,0,0,0,0,0,0,0,0,0
gr,55f3219290a31,pink,0,4,0,0,0,3,0,0,0,0,0,2,5,4,4,0,0,0,0,0
gr,55f3219290a31,purple,0,0,0,2,0,0,0,0,0,0,0,0,0,0,0,0,0,0,4,0
gr,55f3219290a31,red,0,0,4,0,0,0,0,0,0,0,0,3,0,5,0,3,0,0,0,0
gr,55f3219290a31,turquoise,5,4,0,0,0,4,0,0,0,0,0,0,5,0,4,5,0,4,0,0
gr,55f3219290a31,white,3,0,0,0,2,3,0,0,0,0,0,0,0,0,0,0,5,4,0,0
gr,55f3219290a31,yellow,0,2,0,0,0,0,0,0,0,0,2,0,0,3,3,0,0,0,0,0
gr,55f3387616cab,black,0,0,5,0,5,0,5,5,5,4,5,0,0,0,0,0,0,0,5,3
gr,55f3387616cab,blue,0,5,0,2,0,5,0,0,0,0,0,5,0,0,5,4,0,5,1,0
gr,55f3387616cab,brown,0,0,4,0,4,0,4,5,4,3,2,0,0,0,0,0,0,0,3,4
gr,55f3387616cab,green,3,0,0,0,0,3,0,0,0,0,0,5,0,0,0,2,0,4,0,0
gr,55f3387616cab,grey,0,0,1,0,2,0,5,2,3,0,0,0,0,0,0,0,0,0,3,0
gr,55f3387616cab,orange,4,0,2,0,2,4,0,0,1,2,0,1,0,0,0,0,0,2,0,0
gr,55f3387616cab,pink,4,4,0,4,0,4,0,0,0,0,0,3,4,5,4,2,0,2,0,2
gr,55f3387616cab,purple,0,0,4,1,2,0,4,0,4,4,2,1,0,0,0,0,4,0,5,1
gr,55f3387616cab,red,3,5,5,0,0,3,0,0,0,2,0,3,3,5,4,5,0,0,0,0
gr,55f3387616cab,turquoise,0,2,0,0,0,5,0,0,0,0,0,5,4,0,5,0,0,5,2,0
gr,55f3387616cab,white,0,0,0,5,0,5,0,0,0,0,0,0,5,3,5,0,0,5,0,0
gr,55f3387616cab,yellow,3,4,2,5,1,5,0,0,0,0,2,5,2,1,4,2,0,4,0,0
gr,55f33d9dd8f44,black,0,0,0,0,0,0,0,0,0,0,0,0,0,0,0,0,0,0,4,0
gr,55f33d9dd8f44,blue,0,0,0,0,0,3,0,0,0,0,0,0,0,0,4,0,0,5,0,0
gr,55f33d9dd8f44,brown,0,0,0,5,0,4,0,0,0,0,0,5,3,0,4,0,0,5,0,0
gr,55f33d9dd8f44,green,0,0,0,0,0,0,0,0,0,0,0,0,0,0,0,0,0,0,0,0
gr,55f33d9dd8f44,grey,0,0,0,0,0,0,0,0,0,0,0,0,0,0,0,0,0,0,0,0
gr,55f33d9dd8f44,orange,0,0,5,0,0,0,0,0,0,0,0,0,0,0,0,0,0,0,0,0
gr,55f33d9dd8f44,pink,0,0,0,0,0,0,0,0,0,0,0,0,2,0,1,0,0,0,0,0
gr,55f33d9dd8f44,purple,0,0,0,0,0,0,0,0,0,0,0,0,0,0,0,0,2,0,1,0
gr,55f33d9dd8f44,red,0,0,0,0,0,3,0,0,0,0,0,0,4,4,3,0,0,0,0,0
gr,55f33d9dd8f44,turquoise,0,0,0,0,0,0,0,0,0,0,0,5,0,0,5,0,0,5,0,0
gr,55f33d9dd8f44,white,0,0,0,5,0,2,0,0,0,0,0,0,0,0,0,0,0,5,0,0
gr,55f33d9dd8f44,yellow,0,0,0,0,0,0,0,0,0,0,0,0,0,0,0,0,0,0,0,0
gr,55f3e4d062ea6,black,0,0,0,0,4,0,0,0,0,0,0,0,0,0,0,0,0,0,0,0
gr,55f3e4d062ea6,blue,0,0,0,0,0,4,0,0,0,0,0,0,0,0,0,0,0,0,0,0
gr,55f3e4d062ea6,brown,0,0,0,0,3,0,0,0,0,0,0,0,0,0,0,0,0,0,0,0
gr,55f3e4d062ea6,green,0,0,0,0,0,0,0,0,0,3,0,0,0,0,0,0,0,0,0,0
gr,55f3e4d062ea6,grey,0,0,0,0,0,0,0,3,0,0,0,0,0,0,0,0,0,0,0,0
gr,55f3e4d062ea6,orange,0,0,0,0,0,0,0,0,0,0,0,0,0,0,3,0,0,0,0,0
gr,55f3e4d062ea6,pink,0,0,0,0,0,0,0,0,0,0,0,1,0,0,0,0,0,0,0,0
gr,55f3e4d062ea6,purple,0,0,0,0,0,0,0,0,0,0,0,0,0,0,0,0,0,0,3,0
gr,55f3e4d062ea6,red,0,0,0,0,0,0,0,0,5,0,0,0,0,0,0,0,0,0,0,0
gr,55f3e4d062ea6,turquoise,0,0,0,0,0,0,0,0,0,0,0,0,0,0,5,0,0,0,0,0
gr,55f3e4d062ea6,white,0,0,0,0,0,0,0,0,0,0,0,0,0,0,0,0,4,0,0,0
gr,55f3e4d062ea6,yellow,0,0,0,0,0,0,0,0,0,0,0,0,0,0,0,0,0,0,0,3
gr,55f3eabe90e00,black,0,0,0,0,0,0,0,0,5,0,0,0,0,0,0,0,0,0,3,0
gr,55f3eabe90e00,blue,0,0,0,0,0,0,0,0,0,0,0,0,0,0,0,0,0,2,3,0
gr,55f3eabe90e00,brown,0,0,0,0,0,0,0,0,0,0,0,0,0,0,0,0,0,0,0,0
gr,55f3eabe90e00,green,0,0,0,0,0,0,0,0,0,0,0,0,0,0,0,0,0,0,0,0
gr,55f3eabe90e00,grey,0,0,0,0,4,0,0,0,0,0,0,0,0,0,0,0,0,0,4,0
gr,55f3eabe90e00,orange,4,4,0,0,0,0,0,0,0,0,0,0,0,0,4,0,0,0,0,0
gr,55f3eabe90e00,pink,4,0,0,4,0,0,0,0,0,0,0,0,3,4,0,0,0,3,0,1
gr,55f3eabe90e00,purple,0,0,0,0,0,0,0,0,0,0,0,0,0,0,0,0,0,0,0,0
gr,55f3eabe90e00,red,0,0,4,0,0,0,0,0,0,0,0,3,3,5,0,0,0,0,0,0
gr,55f3eabe90e00,turquoise,0,4,0,4,0,3,0,0,0,0,0,0,0,0,0,0,0,4,0,0
gr,55f3eabe90e00,white,5,0,0,0,0,3,0,0,0,0,0,0,5,0,0,5,5,2,0,0
gr,55f3eabe90e00,yellow,5,0,0,0,0,0,0,0,0,0,0,0,0,0,0,4,0,0,0,0
gr,55f3f24517455,black,0,0,5,0,4,0,3,0,5,5,5,0,0,0,0,0,0,0,4,4
gr,55f3f24517455,blue,0,0,0,0,0,0,0,0,0,0,0,5,0,0,0,4,0,2,0,0
gr,55f3f24517455,brown,0,0,0,0,0,0,4,1,0,0,0,0,0,0,0,0,0,0,0,0
gr,55f3f24517455,green,5,0,0,0,0,2,0,0,0,0,0,0,0,0,4,0,0,0,0,0
gr,55f3f24517455,grey,0,0,0,1,3,0,0,0,1,0,0,0,0,0,0,0,0,0,5,0
gr,55f3f24517455,orange,0,0,0,0,0,4,0,0,0,0,0,0,5,0,3,0,0,0,0,0
gr,55f3f24517455,pink,3,0,0,0,0,0,0,0,0,0,0,4,5,4,5,0,0,0,0,0
gr,55f3f24517455,purple,0,0,3,0,4,0,5,0,0,3,1,0,0,0,0,0,3,0,4,0
gr,55f3f24517455,red,5,4,0,2,0,0,0,0,0,0,0,3,5,5,3,5,0,0,0,0
gr,55f3f24517455,turquoise,4,0,0,0,0,1,0,0,0,0,0,4,0,0,2,3,0,5,0,0
gr,55f3f24517455,white,0,0,0,5,0,0,0,0,0,0,0,0,0,0,3,5,0,5,0,0
gr,55f3f24517455,yellow,0,5,0,0,0,5,0,0,0,0,0,0,0,0,0,4,0,0,0,0
gr,55f3f3b37ede0,black,0,0,0,0,0,0,0,0,5,0,4,0,0,0,0,0,0,0,2,0
gr,55f3f3b37ede0,blue,2,0,0,0,0,0,0,0,0,0,0,5,4,0,0,3,0,3,0,0
gr,55f3f3b37ede0,brown,0,0,0,0,0,0,0,0,1,0,0,0,0,0,0,0,0,0,0,0
gr,55f3f3b37ede0,green,0,0,3,0,0,0,3,0,2,0,0,0,0,0,0,0,0,0,0,0
gr,55f3f3b37ede0,grey,0,0,0,0,1,0,0,0,0,0,0,0,0,0,0,2,0,0,0,0
gr,55f3f3b37ede0,orange,0,0,3,0,4,0,0,2,1,0,0,0,0,0,0,0,0,0,2,0
gr,55f3f3b37ede0,pink,0,0,0,0,0,2,0,0,0,0,0,0,0,0,0,0,0,0,0,0
gr,55f3f3b37ede0,purple,0,0,0,0,0,0,0,0,0,0,0,0,0,0,0,0,0,0,0,0
gr,55f3f3b37ede0,red,2,0,0,0,0,0,0,0,0,2,0,3,0,5,0,0,0,0,0,0
gr,55f3f3b37ede0,turquoise,0,3,1,0,0,0,0,0,0,0,0,0,0,0,3,0,0,0,0,0
gr,55f3f3b37ede0,white,0,0,0,3,0,0,0,0,0,2,0,4,0,0,0,0,0,0,0,0
gr,55f3f3b37ede0,yellow,0,0,3,0,0,0,0,0,4,3,0,3,0,0,0,2,0,0,1,1
gr,55f3f75e6e214,black,0,0,5,0,5,0,5,5,5,0,5,0,0,0,0,0,0,0,5,5
gr,55f3f75e6e214,blue,0,5,0,0,0,5,0,0,0,0,0,0,5,5,5,0,0,5,0,0
gr,55f3f75e6e214,brown,0,0,0,0,5,0,5,5,5,5,0,0,0,0,0,0,0,0,5,0
gr,55f3f75e6e214,green,5,0,0,5,0,0,0,0,0,0,0,5,5,0,5,5,0,0,0,0
gr,55f3f75e6e214,grey,0,0,5,0,0,0,5,0,5,5,0,0,0,0,0,0,5,0,5,0
gr,55f3f75e6e214,orange,5,5,0,0,0,5,0,0,0,0,0,5,5,0,5,0,0,5,0,0
gr,55f3f75e6e214,pink,0,5,0,0,0,5,0,0,0,0,0,0,5,5,5,0,0,0,0,0
gr,55f3f75e6e214,purple,5,5,0,0,0,5,0,0,0,0,0,0,5,5,5,0,0,0,0,0
gr,55f3f75e6e214,red,0,0,5,0,0,5,5,0,0,0,5,0,5,5,5,0,0,0,0,0
gr,55f3f75e6e214,turquoise,0,0,0,0,0,5,0,0,0,0,0,0,5,5,5,0,0,5,0,0
gr,55f3f75e6e214,white,5,5,0,0,0,5,0,0,0,0,0,5,5,5,5,0,0,5,0,0
gr,55f3f75e6e214,yellow,5,0,5,0,0,0,0,0,0,0,0,0,0,0,0,0,0,5,5,0
gr,55f3f8c51fe39,black,0,0,5,0,0,0,5,0,5,0,5,0,0,0,0,0,0,0,0,0
gr,55f3f8c51fe39,blue,0,0,0,0,0,5,0,0,0,0,0,5,0,0,5,0,0,5,0,0
gr,55f3f8c51fe39,brown,0,0,1,0,0,0,2,4,0,0,0,0,0,0,0,0,0,0,3,0
gr,55f3f8c51fe39,green,0,5,0,0,0,4,0,0,0,0,0,3,4,0,4,0,0,0,0,0
gr,55f3f8c51fe39,grey,0,0,0,0,0,0,5,0,0,0,5,0,0,0,0,0,0,0,0,5
gr,55f3f8c51fe39,orange,0,0,0,0,4,0,4,0,0,0,5,0,0,0,0,0,0,0,0,0
gr,55f3f8c51fe39,pink,0,0,0,0,0,0,0,4,0,0,0,0,0,0,0,0,0,0,5,0
gr,55f3f8c51fe39,purple,0,0,4,0,4,0,0,0,0,0,0,0,0,0,0,0,0,0,0,0
gr,55f3f8c51fe39,red,0,0,5,0,0,0,0,0,0,0,0,4,5,5,0,0,0,0,0,0
gr,55f3f8c51fe39,turquoise,0,5,0,0,0,5,0,0,0,0,0,0,5,5,5,0,0,0,0,0
gr,55f3f8c51fe39,white,0,0,0,5,0,0,0,0,0,0,0,0,0,0,0,0,5,5,0,0
gr,55f3f8c51fe39,yellow,0,0,0,0,5,0,0,4,5,0,0,0,0,0,0,0,0,0,0,0
gr,55f3f98809c93,black,0,0,3,0,3,0,0,1,1,0,0,0,0,0,0,4,0,0,4,3
gr,55f3f98809c93,blue,3,0,0,5,0,3,0,0,0,0,0,4,3,0,3,0,4,0,0,0
gr,55f3f98809c93,brown,0,3,3,0,0,4,0,0,0,0,0,0,0,0,0,0,0,5,0,0
gr,55f3f98809c93,green,0,0,0,0,0,0,0,0,0,0,0,0,4,0,5,4,0,4,0,0
gr,55f3f98809c93,grey,0,0,4,0,0,0,4,2,0,0,4,0,0,0,0,0,0,0,0,0
gr,55f3f98809c93,orange,5,5,0,0,0,5,0,0,0,0,0,4,5,0,5,4,0,5,0,0
gr,55f3f98809c93,pink,0,3,0,0,4,5,0,0,0,0,0,5,4,4,4,0,0,0,0,0
gr,55f3f98809c93,purple,4,0,0,0,0,4,0,0,0,0,0,0,3,2,3,5,0,1,0,0
gr,55f3f98809c93,red,0,0,0,0,0,0,0,0,2,5,2,4,0,5,0,3,0,0,0,0
gr,55f3f98809c93,turquoise,3,3,0,0,0,3,0,0,0,0,0,3,5,0,3,2,4,3,0,0
gr,55f3f98809c93,white,0,0,0,3,5,0,0,0,0,0,0,0,0,0,0,0,0,0,0,5
gr,55f3f98809c93,yellow,0,0,0,0,5,0,3,4,0,0,5,0,0,0,0,0,0,0,0,0
gr,55f3fcb560afd,black,0,0,0,0,0,0,0,0,0,0,0,0,0,0,0,0,0,0,3,0
gr,55f3fcb560afd,blue,0,0,0,0,0,0,0,0,0,0,0,0,0,0,0,0,0,0,0,0
gr,55f3fcb560afd,brown,0,0,0,0,0,0,3,0,0,0,0,0,0,0,0,0,0,0,0,0
gr,55f3fcb560afd,green,0,0,0,0,0,0,0,3,0,0,0,0,0,0,0,0,0,0,0,0
gr,55f3fcb560afd,grey,0,0,0,0,0,0,0,0,0,0,0,0,0,0,0,0,0,3,0,0
gr,55f3fcb560afd,orange,0,0,0,0,2,0,0,0,0,0,0,0,0,0,0,0,0,0,0,0
gr,55f3fcb560afd,pink,0,0,0,0,0,0,0,0,0,0,0,0,0,3,0,0,0,0,0,0
gr,55f3fcb560afd,purple,0,0,0,0,0,0,0,0,0,0,0,0,0,0,0,0,0,0,0,0
gr,55f3fcb560afd,red,0,0,0,0,0,0,0,0,0,0,0,0,0,0,0,0,0,0,0,3
gr,55f3fcb560afd,turquoise,0,0,0,0,0,0,0,0,0,0,0,0,0,0,0,0,0,3,0,0
gr,55f3fcb560afd,white,0,0,0,0,0,3,0,0,0,0,0,0,0,0,0,0,0,0,0,0
gr,55f3fcb560afd,yellow,0,0,0,0,0,0,0,0,0,0,0,0,4,0,0,0,0,0,0,0
gr,55f40484e060e,black,0,0,0,0,0,0,0,0,0,3,0,3,1,0,0,0,5,0,1,0
gr,55f40484e060e,blue,0,0,5,0,0,1,4,0,5,3,1,0,0,0,0,0,0,0,3,0
gr,55f40484e060e,brown,4,0,1,0,0,1,0,0,0,0,0,0,0,0,0,0,0,5,0,0
gr,55f40484e060e,green,0,3,0,3,0,5,0,0,0,0,0,0,5,0,4,5,0,3,0,0
gr,55f40484e060e,grey,3,3,0,4,5,1,0,1,0,3,0,4,0,0,0,0,0,5,3,5
gr,55f40484e060e,orange,0,4,0,0,0,2,1,0,0,0,0,5,2,0,0,0,0,0,0,0
gr,55f40484e060e,pink,3,0,0,5,0,0,0,0,0,0,0,5,5,5,0,5,4,5,0,0
gr,55f40484e060e,purple,0,0,0,0,0,0,0,0,0,1,0,3,0,3,0,4,0,5,0,1
gr,55f40484e060e,red,2,0,0,0,0,0,0,0,5,4,0,0,0,5,1,0,0,0,0,0
gr,55f40484e060e,turquoise,0,0,0,5,0,0,0,0,0,0,0,0,5,3,0,0,4,5,0,0
gr,55f40484e060e,white,5,5,5,5,5,5,5,5,5,5,5,5,5,5,5,5,5,5,5,5
gr,55f40484e060e,yellow,2,0,0,0,0,0,0,1,1,5,1,1,0,4,3,0,0,4,0,4
gr,55f404ec18e47,black,0,0,5,0,0,0,5,0,5,5,5,0,0,0,0,0,0,0,5,5
gr,55f404ec18e47,blue,4,5,0,4,0,4,0,0,0,0,0,5,4,4,4,4,0,4,0,0
gr,55f404ec18e47,brown,0,0,0,0,0,0,0,5,0,0,0,0,0,0,0,0,0,0,0,0
gr,55f404ec18e47,green,0,0,0,1,0,0,0,1,0,0,0,3,1,1,2,3,0,1,0,0
gr,55f404ec18e47,grey,0,0,4,0,4,0,4,4,4,4,4,0,0,0,0,0,4,0,4,4
gr,55f404ec18e47,orange,0,3,0,0,0,0,0,0,0,0,0,0,0,0,0,3,0,0,0,5
gr,55f404ec18e47,pink,5,0,0,0,0,5,0,0,0,0,0,0,0,5,0,0,0,0,0,0
gr,55f404ec18e47,purple,0,0,0,0,0,0,0,0,5,0,0,0,0,0,0,0,5,0,5,0
gr,55f404ec18e47,red,0,5,0,0,0,5,0,0,0,0,0,0,5,5,0,5,0,0,0,0
gr,55f404ec18e47,turquoise,0,4,0,0,0,5,0,0,0,0,0,0,0,0,5,0,0,5,0,0
gr,55f404ec18e47,white,5,5,0,4,0,5,0,0,0,0,0,5,5,5,5,5,0,5,0,0
gr,55f404ec18e47,yellow,0,3,0,0,4,0,0,4,0,0,0,0,0,0,0,0,3,0,0,0
gr,55f411fc22f85,black,0,0,0,0,5,0,0,0,0,0,5,0,0,0,0,0,0,0,5,0
gr,55f411fc22f85,blue,0,0,0,0,0,0,0,0,0,0,0,5,0,0,0,0,0,0,0,0
gr,55f411fc22f85,brown,0,0,0,0,0,0,0,0,0,0,0,0,0,0,0,0,0,0,0,0
gr,55f411fc22f85,green,5,0,0,0,0,0,0,0,0,0,0,0,0,0,0,5,0,5,0,0
gr,55f411fc22f85,grey,0,0,0,0,0,0,4,0,4,0,0,5,0,0,0,0,0,0,3,0
gr,55f411fc22f85,orange,0,5,0,0,0,0,0,0,0,0,0,0,4,0,3,0,0,0,0,0
gr,55f411fc22f85,pink,0,5,0,0,0,0,0,0,0,0,0,0,5,0,5,0,0,0,0,0
gr,55f411fc22f85,purple,0,0,0,0,0,0,0,0,0,0,0,4,0,0,0,0,0,0,4,0
gr,55f411fc22f85,red,0,0,0,0,0,0,0,0,0,0,0,5,5,0,5,0,0,5,0,0
gr,55f411fc22f85,turquoise,0,0,0,0,0,0,0,0,0,0,0,5,0,0,5,5,0,5,0,0
gr,55f411fc22f85,white,0,0,0,0,0,0,0,0,0,0,0,0,0,5,0,0,0,0,0,0
gr,55f411fc22f85,yellow,0,5,0,0,0,0,0,0,0,0,0,0,5,0,4,0,0,5,0,0
gr,55f438189c625,black,0,0,0,0,0,0,4,0,3,0,3,4,0,0,0,0,0,0,5,0
gr,55f438189c625,blue,0,0,0,0,0,0,0,0,0,0,0,3,0,0,0,0,0,4,0,0
gr,55f438189c625,brown,0,0,0,0,0,0,0,0,0,0,0,0,0,0,0,0,0,0,0,0
gr,55f438189c625,green,0,0,0,0,0,4,0,0,0,0,0,4,0,0,5,0,0,4,0,0
gr,55f438189c625,grey,0,0,3,0,2,0,4,4,5,2,4,0,0,0,0,0,4,0,3,3
gr,55f438189c625,orange,0,0,0,0,2,0,0,0,0,0,0,0,0,0,0,0,0,0,0,0
gr,55f438189c625,pink,0,0,0,0,0,0,0,0,0,0,0,0,5,0,5,0,0,0,0,0
gr,55f438189c625,purple,0,0,0,0,4,0,2,0,0,0,0,0,5,0,5,0,0,0,2,0
gr,55f438189c625,red,5,0,4,0,0,5,0,0,0,3,5,0,5,5,5,0,0,0,0,0
gr,55f438189c625,turquoise,0,0,0,0,0,4,0,0,0,0,0,0,4,0,5,4,0,0,0,0
gr,55f438189c625,white,5,2,0,4,0,5,0,0,3,0,0,3,4,0,4,4,0,5,0,0
gr,55f438189c625,yellow,0,3,0,0,0,4,0,0,0,0,0,4,5,0,0,0,0,5,0,0
gr,55f43b5cf25d0,black,0,0,0,0,0,0,5,0,0,0,0,0,0,0,0,0,0,0,0,0
gr,55f43b5cf25d0,blue,0,0,0,0,0,0,0,0,0,0,0,0,5,0,0,0,0,0,0,0
gr,55f43b5cf25d0,brown,0,0,0,0,0,0,0,5,0,0,0,0,0,0,0,0,0,0,0,0
gr,55f43b5cf25d0,green,0,0,0,0,0,0,0,0,0,0,0,0,0,0,0,0,0,5,0,0
gr,55f43b5cf25d0,grey,0,0,0,0,5,0,0,0,0,0,0,0,0,0,0,0,0,0,0,0
gr,55f43b5cf25d0,orange,0,0,0,0,0,0,0,0,0,0,0,5,0,0,0,0,0,0,0,0
gr,55f43b5cf25d0,pink,5,0,0,0,0,0,0,0,0,0,0,0,0,0,0,0,0,0,0,0
gr,55f43b5cf25d0,purple,0,0,0,0,0,0,0,0,0,0,0,0,0,0,0,0,0,0,5,0
gr,55f43b5cf25d0,red,0,0,0,0,0,0,0,0,0,0,0,0,0,5,0,0,0,0,0,0
gr,55f43b5cf25d0,turquoise,0,0,0,0,0,0,0,0,0,0,0,0,0,0,5,0,0,0,0,0
gr,55f43b5cf25d0,white,0,0,0,0,0,0,0,0,0,5,0,0,0,0,0,0,0,0,0,0
gr,55f43b5cf25d0,yellow,0,0,0,0,0,0,0,0,0,0,5,0,0,0,0,0,0,0,0,0
gr,55f444ae02db3,black,0,0,0,0,5,0,5,0,5,5,5,0,0,0,0,0,0,0,5,0
gr,55f444ae02db3,blue,0,0,0,0,0,5,0,0,0,0,0,0,0,0,5,0,0,5,0,0
gr,55f444ae02db3,brown,0,0,0,0,0,0,0,5,0,0,0,0,0,0,0,0,0,0,0,0
gr,55f444ae02db3,green,0,0,0,0,0,4,0,0,0,0,0,4,0,4,4,0,0,0,0,0
gr,55f444ae02db3,grey,0,0,0,0,0,0,0,0,0,0,0,0,0,0,0,0,0,0,0,0
gr,55f444ae02db3,orange,4,4,0,0,0,3,0,0,0,0,0,0,5,0,3,0,0,3,0,0
gr,55f444ae02db3,pink,0,0,0,0,0,0,0,0,0,0,0,0,0,3,0,0,0,0,0,0
gr,55f444ae02db3,purple,0,0,0,0,0,0,3,0,3,0,0,0,0,0,0,0,0,0,5,0
gr,55f444ae02db3,red,0,0,5,3,0,0,0,0,0,0,0,3,0,5,0,0,0,0,0,3
gr,55f444ae02db3,turquoise,0,0,0,0,0,5,3,0,0,0,0,0,0,0,5,5,0,5,0,0
gr,55f444ae02db3,white,4,0,0,5,0,0,0,0,0,0,0,0,4,5,0,0,5,0,0,0
gr,55f444ae02db3,yellow,0,5,0,0,4,0,0,0,3,0,5,0,0,0,0,0,0,0,0,0
gr,55f4718fb06a4,black,0,0,0,0,0,0,0,0,0,0,0,0,0,0,0,0,0,0,0,0
gr,55f4718fb06a4,blue,0,0,0,0,0,5,0,0,0,0,0,0,0,0,5,0,0,5,0,0
gr,55f4718fb06a4,brown,0,0,0,0,0,0,0,0,0,0,0,4,0,0,0,0,0,0,0,0
gr,55f4718fb06a4,green,0,0,0,0,0,0,0,0,0,0,0,0,0,0,5,0,0,0,0,0
gr,55f4718fb06a4,grey,0,0,0,0,0,0,0,0,0,0,0,0,0,0,0,0,0,0,3,0
gr,55f4718fb06a4,orange,0,0,0,0,0,0,0,0,0,0,0,4,0,0,0,0,0,0,0,0
gr,55f4718fb06a4,pink,0,0,0,0,0,0,0,0,0,0,0,0,0,0,0,0,0,0,0,0
gr,55f4718fb06a4,purple,5,0,0,0,0,0,0,0,0,0,0,5,0,0,0,0,0,0,0,0
gr,55f4718fb06a4,red,0,0,0,0,5,0,0,0,0,0,0,0,0,0,0,0,0,0,0,0
gr,55f4718fb06a4,turquoise,0,0,0,0,0,5,0,0,0,0,0,0,0,0,0,0,0,5,0,0
gr,55f4718fb06a4,white,0,0,0,0,0,4,0,0,0,0,0,0,0,0,0,0,0,0,0,0
gr,55f4718fb06a4,yellow,0,0,0,0,0,0,0,0,0,0,0,1,0,0,0,0,0,0,0,0
gr,55f4825531ee1,black,0,0,5,0,0,0,5,0,5,0,5,0,0,0,0,0,0,0,5,0
gr,55f4825531ee1,blue,5,0,0,0,0,0,0,0,0,0,0,5,0,0,0,5,0,0,0,0
gr,55f4825531ee1,brown,0,0,0,0,4,0,3,4,4,4,0,0,0,0,0,0,0,0,4,0
gr,55f4825531ee1,green,5,0,0,0,0,4,0,0,0,0,0,3,4,3,3,0,0,0,0,0
gr,55f4825531ee1,grey,0,0,0,3,0,0,0,0,0,0,0,0,0,0,0,0,0,0,0,0
gr,55f4825531ee1,orange,5,4,0,0,0,0,0,0,0,0,0,4,5,3,5,0,0,4,0,0
gr,55f4825531ee1,pink,0,0,0,0,0,0,0,0,0,0,0,0,0,2,0,0,0,0,0,0
gr,55f4825531ee1,purple,0,0,0,3,0,0,0,0,0,0,0,0,0,0,0,0,0,0,4,0
gr,55f4825531ee1,red,0,0,5,0,0,5,0,0,0,0,5,0,5,5,5,0,0,0,0,0
gr,55f4825531ee1,turquoise,5,0,0,0,0,0,0,0,0,0,0,0,5,0,5,5,0,4,0,0
gr,55f4825531ee1,white,5,0,0,5,0,5,0,0,0,0,0,0,5,5,5,5,0,5,0,0
gr,55f4825531ee1,yellow,5,5,0,0,0,4,0,0,0,0,0,4,5,0,5,0,0,0,0,0
gr,55f514610a2a3,black,0,0,0,0,0,0,0,0,0,0,0,5,0,0,0,0,0,0,0,0
gr,55f514610a2a3,blue,4,0,0,0,0,0,0,0,0,0,0,0,0,0,0,0,0,0,0,0
gr,55f514610a2a3,brown,0,0,0,3,0,0,0,0,0,0,0,0,0,3,0,0,0,0,0,0
gr,55f514610a2a3,green,0,0,0,0,0,0,0,0,0,0,0,0,3,0,0,0,0,0,0,0
gr,55f514610a2a3,grey,0,0,0,0,0,4,0,0,0,0,0,0,0,0,0,0,0,4,0,0
gr,55f514610a2a3,orange,0,0,0,0,0,0,0,0,0,0,0,0,0,0,0,0,0,0,0,0
gr,55f514610a2a3,pink,0,0,0,0,0,0,0,0,0,0,0,0,5,4,4,0,0,0,0,0
gr,55f514610a2a3,purple,0,0,3,0,0,0,0,0,0,0,0,0,0,0,0,0,0,0,0,0
gr,55f514610a2a3,red,0,0,0,0,0,0,0,0,0,5,0,0,0,0,0,0,0,0,0,0
gr,55f514610a2a3,turquoise,0,0,0,0,0,0,0,0,0,0,0,5,5,0,5,0,0,0,0,0
gr,55f514610a2a3,white,5,0,0,0,0,0,0,0,0,0,0,0,0,5,0,0,0,0,0,0
gr,55f514610a2a3,yellow,0,0,0,0,0,0,0,0,0,0,0,0,0,0,0,5,0,0,0,0
gr,55f544a17c807,black,0,0,0,0,0,0,0,0,0,0,0,0,0,0,0,0,0,0,5,0
gr,55f544a17c807,blue,0,0,0,0,0,0,0,0,1,0,0,0,0,0,0,0,0,0,0,0
gr,55f544a17c807,brown,0,0,0,0,0,0,0,0,0,0,0,0,0,0,0,0,0,0,0,0
gr,55f544a17c807,green,0,0,0,3,0,0,0,0,0,0,0,0,0,0,0,0,0,3,0,0
gr,55f544a17c807,grey,0,0,0,0,0,0,5,0,0,0,0,0,0,0,0,0,0,0,0,0
gr,55f544a17c807,orange,0,0,0,0,0,0,0,0,0,0,0,0,0,0,1,0,0,3,0,0
gr,55f544a17c807,pink,0,0,0,0,0,0,0,0,0,0,0,0,0,3,0,0,0,0,0,0
gr,55f544a17c807,purple,0,0,0,0,0,0,0,0,0,0,0,0,0,0,0,0,0,0,5,0
gr,55f544a17c807,red,0,0,3,0,0,0,0,0,0,0,0,0,0,5,0,0,0,0,0,0
gr,55f544a17c807,turquoise,0,0,0,0,0,3,0,0,0,0,0,0,0,0,4,5,0,0,0,0
gr,55f544a17c807,white,3,0,0,0,0,0,0,0,0,0,0,0,5,0,0,5,0,0,0,0
gr,55f544a17c807,yellow,0,0,0,0,0,0,0,0,0,0,5,0,0,0,0,0,0,0,0,0
gr,55f54dbee28cb,black,0,0,0,0,0,0,0,0,0,0,0,0,0,0,0,0,0,0,0,0
gr,55f54dbee28cb,blue,0,0,0,0,0,0,0,0,0,0,0,0,0,0,0,0,0,1,0,0
gr,55f54dbee28cb,brown,0,0,0,0,0,0,1,0,0,0,0,0,0,0,0,0,0,0,0,0
gr,55f54dbee28cb,green,0,0,0,0,1,0,0,0,0,0,0,0,1,0,0,0,1,0,0,0
gr,55f54dbee28cb,grey,0,0,0,0,0,0,0,0,0,0,0,0,0,0,0,0,0,1,0,0
gr,55f54dbee28cb,orange,0,0,0,0,0,0,0,0,0,0,0,0,0,0,1,0,2,0,0,0
gr,55f54dbee28cb,pink,0,0,0,1,0,0,0,0,0,0,0,0,0,0,0,0,0,0,1,0
gr,55f54dbee28cb,purple,0,0,0,0,1,0,0,0,0,0,0,0,0,0,0,0,0,0,0,0
gr,55f54dbee28cb,red,0,0,3,0,0,0,0,0,0,0,0,0,0,0,0,0,0,0,0,0
gr,55f54dbee28cb,turquoise,0,0,0,0,0,0,0,0,0,0,0,0,0,0,0,0,0,3,0,0
gr,55f54dbee28cb,white,0,0,0,2,0,0,0,0,0,0,0,0,0,0,0,2,0,2,0,0
gr,55f54dbee28cb,yellow,0,0,2,0,0,0,0,0,0,0,0,0,0,0,0,0,0,0,0,0
gr,55f5548dedd19,black,0,0,0,0,0,0,3,0,0,0,0,0,0,0,0,0,0,0,3,0
gr,55f5548dedd19,blue,0,0,0,0,0,3,0,0,0,0,0,0,0,0,0,0,0,0,0,0
gr,55f5548dedd19,brown,3,0,0,0,0,0,0,0,0,0,0,4,0,0,3,0,0,3,0,0
gr,55f5548dedd19,green,0,0,0,0,0,0,0,0,0,0,0,0,3,0,3,0,0,3,0,0
gr,55f5548dedd19,grey,0,0,0,0,0,0,0,0,3,3,0,0,0,0,0,0,0,0,0,3
gr,55f5548dedd19,orange,0,3,0,0,0,3,0,0,0,0,0,0,3,0,2,0,0,0,0,0
gr,55f5548dedd19,pink,0,0,0,4,0,0,0,0,0,0,0,0,3,4,0,0,0,0,0,0
gr,55f5548dedd19,purple,0,0,0,0,0,0,0,0,0,0,0,0,0,0,4,0,0,0,0,0
gr,55f5548dedd19,red,0,0,4,0,0,0,0,0,0,0,4,0,0,0,0,0,0,0,0,0
gr,55f5548dedd19,turquoise,0,0,0,0,0,0,0,0,0,0,0,0,3,3,0,0,0,3,0,0
gr,55f5548dedd19,white,4,4,0,0,0,0,0,0,0,0,0,5,4,5,4,4,0,0,0,0
gr,55f5548dedd19,yellow,0,0,0,0,4,0,0,0,0,0,3,0,0,0,0,0,0,0,0,0
gr,55f570c18f04e,black,0,0,5,0,5,0,5,0,0,5,5,0,0,0,0,0,5,0,5,0
gr,55f570c18f04e,blue,0,0,0,5,0,0,0,0,0,0,0,0,0,0,0,0,0,0,0,0
gr,55f570c18f04e,brown,0,0,0,0,0,0,5,0,0,4,0,0,0,0,0,0,0,0,0,5
gr,55f570c18f04e,green,0,0,0,0,5,0,0,5,0,5,0,0,0,0,0,0,0,0,5,5
gr,55f570c18f04e,grey,0,0,0,0,0,0,0,0,0,0,0,0,0,0,0,0,4,0,5,0
gr,55f570c18f04e,orange,0,0,0,0,0,0,0,3,0,0,0,5,0,0,0,0,0,0,0,0
gr,55f570c18f04e,pink,0,0,0,0,0,0,0,0,0,0,0,0,5,5,0,5,0,0,0,0
gr,55f570c18f04e,purple,0,4,0,0,5,0,0,0,4,0,0,0,0,0,0,0,0,0,0,0
gr,55f570c18f04e,red,0,5,0,0,0,5,0,0,0,0,0,0,0,5,5,0,0,0,0,0
gr,55f570c18f04e,turquoise,5,0,0,0,0,5,0,0,0,0,0,4,5,3,5,0,0,5,0,0
gr,55f570c18f04e,white,5,5,0,0,0,5,0,0,0,0,0,0,5,0,5,0,0,5,0,0
gr,55f570c18f04e,yellow,0,0,0,0,5,0,0,5,0,5,5,0,0,0,0,0,4,0,0,0
gr,55f58b5506107,black,0,0,0,0,0,0,0,0,4,4,0,0,0,0,0,0,0,0,5,0
gr,55f58b5506107,blue,0,3,0,0,0,0,0,0,0,0,0,0,0,0,3,4,0,0,0,0
gr,55f58b5506107,brown,0,0,0,0,0,0,3,3,0,0,0,0,0,0,0,0,0,0,2,0
gr,55f58b5506107,green,0,0,0,0,0,0,0,0,0,0,0,4,4,0,0,0,0,4,0,0
gr,55f58b5506107,grey,0,0,0,0,0,0,0,0,0,0,0,0,0,0,0,0,0,0,3,0
gr,55f58b5506107,orange,0,0,0,0,0,4,0,0,0,3,0,0,0,0,4,0,0,0,0,0
gr,55f58b5506107,pink,0,4,0,3,0,3,0,0,0,0,0,4,4,4,0,0,0,0,0,0
gr,55f58b5506107,purple,0,0,0,3,0,0,0,0,2,0,0,0,0,0,0,0,3,0,4,4
gr,55f58b5506107,red,0,4,4,0,0,0,0,0,0,0,4,0,0,5,0,0,0,0,0,0
gr,55f58b5506107,turquoise,3,2,0,0,0,3,0,0,0,0,0,3,3,0,3,4,0,0,0,0
gr,55f58b5506107,white,0,0,0,5,0,0,0,0,0,0,0,0,0,0,0,4,4,0,0,0
gr,55f58b5506107,yellow,0,0,4,0,0,0,0,0,0,0,4,0,0,0,0,0,0,0,0,3
gr,55f5c8177abf6,black,0,0,0,0,5,0,5,0,0,3,5,0,0,0,0,0,0,0,5,0
gr,55f5c8177abf6,blue,0,0,0,0,0,4,0,0,0,0,0,0,0,0,0,4,0,0,0,0
gr,55f5c8177abf6,brown,0,0,0,0,0,0,0,5,0,4,0,0,0,0,0,0,0,0,0,0
gr,55f5c8177abf6,green,0,0,0,0,0,0,0,0,0,0,0,0,0,0,0,0,0,5,0,0
gr,55f5c8177abf6,grey,0,0,0,0,0,0,0,0,0,0,0,0,0,0,0,0,0,0,0,0
gr,55f5c8177abf6,orange,0,4,0,0,0,4,0,0,0,0,0,5,0,0,0,0,0,0,0,0
gr,55f5c8177abf6,pink,0,0,0,0,0,0,0,0,0,0,0,0,0,2,0,0,0,0,0,0
gr,55f5c8177abf6,purple,0,0,0,0,0,0,0,0,0,2,0,0,0,0,0,0,0,0,4,1
gr,55f5c8177abf6,red,0,0,5,0,0,0,0,0,0,0,0,0,0,0,0,0,0,0,0,0
gr,55f5c8177abf6,turquoise,0,0,0,0,0,0,0,0,0,0,0,0,0,0,0,0,0,5,0,0
gr,55f5c8177abf6,white,5,0,0,0,0,0,0,0,0,0,0,0,0,0,0,0,0,0,0,0
gr,55f5c8177abf6,yellow,0,0,0,0,0,0,0,5,0,5,5,0,0,0,0,0,0,0,0,0
gr,55f5cf2f807b5,black,0,0,0,0,0,0,0,0,0,0,0,5,0,0,0,5,0,0,3,0
gr,55f5cf2f807b5,blue,0,0,0,0,0,0,0,0,0,0,0,0,0,0,0,0,0,0,5,0
gr,55f5cf2f807b5,brown,0,0,0,5,0,0,0,0,0,0,0,0,0,0,0,0,0,0,0,0
gr,55f5cf2f807b5,green,0,0,0,0,0,0,0,0,0,0,0,0,0,0,0,0,0,5,0,0
gr,55f5cf2f807b5,grey,0,0,0,0,0,0,0,0,4,0,4,0,0,0,0,0,0,0,0,0
gr,55f5cf2f807b5,orange,0,0,0,0,0,0,0,0,0,0,0,0,0,0,5,0,0,0,0,0
gr,55f5cf2f807b5,pink,0,5,0,0,0,0,0,0,0,0,0,0,0,0,0,0,0,0,0,0
gr,55f5cf2f807b5,purple,0,0,0,0,0,0,5,0,0,0,0,0,0,0,0,0,0,0,0,0
gr,55f5cf2f807b5,red,0,0,0,0,0,0,0,0,0,0,0,0,0,0,5,0,0,0,0,0
gr,55f5cf2f807b5,turquoise,0,0,0,0,0,0,0,0,0,0,0,0,0,5,0,0,0,5,0,0
gr,55f5cf2f807b5,white,0,0,0,0,0,0,0,0,0,0,0,0,5,5,0,0,0,0,0,0
gr,55f5cf2f807b5,yellow,0,0,0,0,5,0,0,4,0,0,0,0,0,0,0,0,0,0,0,0
gr,55f5e780514da,black,0,0,0,0,0,0,5,0,0,0,4,0,0,0,0,0,0,0,4,0
gr,55f5e780514da,blue,5,5,0,0,0,0,0,0,0,0,0,0,5,0,5,0,0,0,0,0
gr,55f5e780514da,brown,0,0,0,0,0,0,0,4,0,0,0,0,0,0,0,0,3,3,0,0
gr,55f5e780514da,green,2,5,0,0,0,5,0,0,0,0,0,5,5,0,3,5,0,4,0,0
gr,55f5e780514da,grey,0,0,4,0,0,0,5,0,3,5,0,0,0,0,0,0,4,3,4,4
gr,55f5e780514da,orange,0,5,0,4,0,5,0,0,0,0,0,5,5,0,5,3,0,0,0,3
gr,55f5e780514da,pink,3,0,0,0,0,0,0,0,0,0,0,2,4,2,5,0,0,0,0,0
gr,55f5e780514da,purple,3,0,0,0,0,0,0,0,0,4,4,5,0,0,0,0,0,0,5,0
gr,55f5e780514da,red,4,0,5,0,0,0,0,0,3,5,0,0,5,5,5,0,0,0,0,4
gr,55f5e780514da,turquoise,0,3,0,0,0,5,0,0,0,0,0,4,0,0,5,0,0,5,3,2
gr,55f5e780514da,white,5,0,0,0,0,5,0,0,0,0,0,0,3,0,3,5,0,0,0,0
gr,55f5e780514da,yellow,0,5,0,0,0,0,5,0,0,0,3,4,3,0,0,0,0,0,0,0
gr,55f65c035d9ac,black,0,0,0,0,0,0,0,0,0,0,5,0,0,0,0,0,0,0,0,0
gr,55f65c035d9ac,blue,0,0,0,0,0,0,0,0,0,0,0,0,5,0,0,0,0,0,0,0
gr,55f65c035d9ac,brown,0,0,0,0,0,0,0,5,0,0,0,0,0,0,0,0,0,0,0,0
gr,55f65c035d9ac,green,0,0,0,0,0,0,0,0,0,0,0,0,0,0,0,0,0,5,0,0
gr,55f65c035d9ac,grey,0,0,0,0,0,0,5,0,0,0,0,0,0,0,0,0,0,0,0,0
gr,55f65c035d9ac,orange,0,0,0,0,0,0,0,0,0,0,0,5,0,0,0,0,0,0,0,0
gr,55f65c035d9ac,pink,0,0,0,0,0,5,0,0,0,0,0,0,0,0,0,0,0,0,0,0
gr,55f65c035d9ac,purple,0,0,0,0,0,0,0,0,0,0,0,0,0,0,0,0,0,5,0,0
gr,55f65c035d9ac,red,0,0,0,0,0,0,0,0,0,0,0,0,0,5,0,0,0,0,0,0
gr,55f65c035d9ac,turquoise,0,0,0,0,0,0,0,0,0,0,0,0,5,0,0,0,0,0,0,0
gr,55f65c035d9ac,white,0,0,0,0,0,0,0,0,0,0,0,0,0,0,0,0,5,0,0,0
gr,55f65c035d9ac,yellow,0,0,0,0,0,0,0,0,0,0,0,0,0,0,0,5,0,0,0,0
gr,55f6882a13204,black,0,0,0,0,0,0,4,0,3,0,0,0,0,0,0,0,0,0,4,0
gr,55f6882a13204,blue,5,0,0,0,0,0,0,0,0,0,0,0,0,0,5,5,0,5,0,0
gr,55f6882a13204,brown,0,0,0,0,0,0,0,0,0,3,0,0,0,0,0,0,4,0,0,0
gr,55f6882a13204,green,0,0,0,0,0,5,0,0,0,0,0,0,0,0,5,0,0,5,0,0
gr,55f6882a13204,grey,0,0,0,0,0,0,0,0,0,0,0,5,0,0,0,0,0,0,0,0
gr,55f6882a13204,orange,0,5,0,0,0,0,0,0,0,0,0,0,0,0,5,5,0,0,0,0
gr,55f6882a13204,pink,0,0,0,4,0,0,0,0,0,0,0,0,0,0,0,0,0,0,0,0
gr,55f6882a13204,purple,5,0,0,0,0,5,0,0,0,0,0,0,0,0,0,0,0,0,0,0
gr,55f6882a13204,red,0,0,4,0,0,0,0,0,0,0,0,5,0,0,0,0,0,0,0,3
gr,55f6882a13204,turquoise,5,0,0,0,0,0,0,0,0,0,0,0,4,0,0,0,0,5,0,0
gr,55f6882a13204,white,0,0,0,0,0,0,0,0,0,0,0,5,0,5,0,0,0,5,0,0
gr,55f6882a13204,yellow,0,0,0,0,0,0,0,0,0,0,0,0,4,0,4,0,0,0,0,0
gr,55f6af738fd19,black,0,0,4,0,0,0,4,0,4,5,4,5,0,0,2,0,0,0,5,4
gr,55f6af738fd19,blue,4,4,0,0,0,4,0,0,0,0,0,4,5,4,4,0,0,0,0,0
gr,55f6af738fd19,brown,0,0,3,0,3,0,3,0,0,0,0,0,0,0,0,0,0,3,3,0
gr,55f6af738fd19,green,0,0,0,0,0,0,0,0,0,0,0,5,5,4,5,0,0,0,0,0
gr,55f6af738fd19,grey,0,0,0,0,0,0,4,0,3,4,0,0,0,0,0,0,4,0,4,0
gr,55f6af738fd19,orange,0,0,0,0,0,0,0,0,0,0,0,0,5,0,4,0,0,0,0,0
gr,55f6af738fd19,pink,0,0,0,0,0,0,0,0,0,0,0,0,4,4,4,0,0,0,0,0
gr,55f6af738fd19,purple,4,4,0,0,0,0,0,0,0,0,0,0,4,0,4,0,0,0,3,0
gr,55f6af738fd19,red,0,0,4,0,0,0,0,0,4,0,0,5,0,5,0,0,0,0,0,4
gr,55f6af738fd19,turquoise,0,0,0,0,0,5,0,0,0,0,0,5,5,5,5,0,0,5,0,0
gr,55f6af738fd19,white,0,0,0,0,0,0,0,0,0,0,0,0,0,3,5,4,0,0,0,0
gr,55f6af738fd19,yellow,4,4,0,4,0,0,0,0,0,0,0,3,4,4,4,0,0,4,0,0
gr,55f6c9f6def09,black,0,0,0,0,3,0,0,0,0,0,0,0,0,0,0,0,0,0,0,0
gr,55f6c9f6def09,blue,0,0,0,0,0,0,0,0,0,0,0,3,0,0,0,0,0,0,0,0
gr,55f6c9f6def09,brown,0,0,0,0,0,0,3,0,0,0,0,0,0,0,0,0,0,0,0,0
gr,55f6c9f6def09,green,0,0,0,0,0,0,0,0,0,0,0,0,0,0,0,0,3,0,0,0
gr,55f6c9f6def09,grey,0,0,0,0,0,0,0,0,0,0,3,0,0,0,0,0,0,0,0,0
gr,55f6c9f6def09,orange,0,3,0,0,0,0,0,0,0,0,0,0,0,0,0,0,0,0,0,0
gr,55f6c9f6def09,pink,0,0,0,0,0,0,0,3,0,0,0,0,0,0,0,0,0,0,0,0
gr,55f6c9f6def09,purple,0,0,0,0,0,0,0,0,0,3,0,0,0,0,0,0,0,0,0,0
gr,55f6c9f6def09,red,0,0,0,0,0,0,0,0,0,0,0,0,0,0,0,3,0,0,0,0
gr,55f6c9f6def09,turquoise,0,0,0,0,0,0,0,0,0,0,0,0,0,3,0,0,0,0,0,0
gr,55f6c9f6def09,white,0,0,0,0,0,0,0,0,3,0,0,0,0,0,0,0,0,0,0,0
gr,55f6c9f6def09,yellow,3,0,0,0,0,0,0,0,0,0,0,0,0,0,0,0,0,0,0,0
gr,55f6efa28acdc,black,0,0,4,0,0,0,0,0,4,0,4,0,0,0,0,0,0,0,5,0
gr,55f6efa28acdc,blue,0,0,0,0,0,0,0,0,0,0,0,0,0,0,0,4,0,4,0,0
gr,55f6efa28acdc,brown,0,0,0,0,0,0,0,0,0,0,0,0,0,0,0,0,0,0,0,0
gr,55f6efa28acdc,green,0,0,0,0,0,0,0,4,0,0,0,0,0,0,0,0,0,0,0,0
gr,55f6efa28acdc,grey,0,0,0,0,0,0,4,0,0,4,0,0,0,0,0,0,0,0,4,0
gr,55f6efa28acdc,orange,0,4,0,0,0,0,0,0,0,0,0,0,0,0,4,0,0,0,0,0
gr,55f6efa28acdc,pink,0,0,0,0,0,0,0,0,0,0,0,0,0,4,4,0,0,0,0,0
gr,55f6efa28acdc,purple,0,0,0,0,0,0,4,0,0,4,4,0,0,0,0,0,0,0,4,0
gr,55f6efa28acdc,red,0,4,5,0,0,0,0,0,0,0,0,0,4,4,0,0,0,0,0,0
gr,55f6efa28acdc,turquoise,0,0,0,0,0,0,0,0,0,0,0,0,4,0,4,0,0,0,0,0
gr,55f6efa28acdc,white,5,4,0,0,0,5,0,0,0,0,0,0,5,0,5,0,0,5,0,0
gr,55f6efa28acdc,yellow,0,4,0,0,0,0,4,4,0,0,0,0,0,0,0,0,0,0,0,5
gr,55f70e6ee2c7c,black,0,0,0,0,4,0,0,0,0,0,3,0,0,0,0,0,0,0,0,0
gr,55f70e6ee2c7c,blue,0,0,0,0,0,0,0,0,0,0,0,0,0,2,5,0,0,0,0,0
gr,55f70e6ee2c7c,brown,0,0,0,0,0,0,0,0,0,0,0,0,0,0,0,0,0,0,0,0
gr,55f70e6ee2c7c,green,0,0,0,0,0,0,5,0,0,0,0,0,0,0,0,0,0,0,0,0
gr,55f70e6ee2c7c,grey,0,0,4,0,0,0,0,0,0,0,0,0,0,0,0,0,0,0,0,0
gr,55f70e6ee2c7c,orange,0,0,5,0,0,0,0,0,0,0,3,0,0,0,0,0,0,0,0,0
gr,55f70e6ee2c7c,pink,0,5,0,0,0,0,0,0,0,0,0,0,0,5,4,0,0,0,0,0
gr,55f70e6ee2c7c,purple,0,0,0,0,0,5,0,0,0,0,0,2,0,0,0,0,0,0,0,0
gr,55f70e6ee2c7c,red,0,0,0,0,0,0,0,0,0,0,0,0,5,3,0,0,0,0,0,0
gr,55f70e6ee2c7c,turquoise,0,5,0,0,0,0,0,0,0,0,0,0,0,0,0,0,0,0,0,0
gr,55f70e6ee2c7c,white,0,0,0,0,0,0,0,0,0,0,0,0,0,0,0,5,0,4,0,0
gr,55f70e6ee2c7c,yellow,0,0,0,0,0,0,0,0,4,0,0,0,0,0,0,0,0,0,0,0
gr,55f712614f1d4,black,0,0,5,0,0,0,0,0,5,5,5,0,0,0,0,0,0,0,5,5
gr,55f712614f1d4,blue,0,0,0,0,0,0,0,0,0,0,0,0,0,0,0,0,0,0,3,0
gr,55f712614f1d4,brown,0,0,0,0,0,0,4,3,0,0,0,0,0,0,0,0,0,0,0,0
gr,55f712614f1d4,green,0,0,0,0,0,0,0,3,0,0,0,3,0,0,2,0,0,0,0,0
gr,55f712614f1d4,grey,0,0,4,0,2,0,4,0,4,4,4,0,0,0,0,0,0,0,4,0
gr,55f712614f1d4,orange,1,1,0,0,3,0,0,0,0,0,0,0,1,0,0,0,0,0,0,0
gr,55f712614f1d4,pink,0,5,0,0,0,4,0,0,0,0,0,0,5,5,0,0,0,3,0,0
gr,55f712614f1d4,purple,0,2,0,0,0,0,0,0,0,2,0,0,2,0,3,2,0,0,2,0
gr,55f712614f1d4,red,5,5,0,0,0,5,0,0,0,0,0,5,5,5,0,0,0,0,0,0
gr,55f712614f1d4,turquoise,0,2,0,5,0,0,0,0,0,0,0,3,3,0,3,4,0,5,0,0
gr,55f712614f1d4,white,0,0,0,5,0,5,0,0,0,0,0,0,0,5,0,5,0,5,0,0
gr,55f712614f1d4,yellow,0,0,0,0,0,0,0,5,0,0,5,0,3,0,0,0,0,0,0,0
gr,55f73fedc818e,black,1,1,5,2,5,1,5,5,5,5,5,2,1,1,1,1,3,1,5,4
gr,55f73fedc818e,blue,2,2,3,3,4,2,5,4,5,5,3,3,2,2,3,2,3,2,4,3
gr,55f73fedc818e,brown,1,3,5,3,4,1,5,3,5,4,5,2,2,2,1,3,3,2,4,4
gr,55f73fedc818e,green,4,5,3,5,5,3,3,3,2,3,2,4,3,3,3,5,2,5,3,4
gr,55f73fedc818e,grey,3,1,3,3,3,3,4,4,3,4,3,1,3,3,3,1,4,3,4,4
gr,55f73fedc818e,orange,5,5,2,4,1,5,2,1,1,2,2,5,4,3,5,5,1,4,1,1
gr,55f73fedc818e,pink,5,5,3,4,1,4,3,1,2,2,2,4,5,5,5,4,2,5,1,2
gr,55f73fedc818e,purple,1,2,4,3,4,3,4,5,5,5,4,3,2,1,3,2,5,2,5,4
gr,55f73fedc818e,red,5,4,2,3,1,4,3,1,3,4,1,5,4,5,3,4,4,2,2,4
gr,55f73fedc818e,turquoise,5,4,3,5,1,5,2,1,3,2,1,5,5,4,4,5,1,5,2,3
gr,55f73fedc818e,white,5,5,2,5,1,5,3,1,2,3,1,4,4,4,4,4,2,5,1,2
gr,55f73fedc818e,yellow,2,3,5,3,5,2,3,5,3,5,5,2,2,2,3,4,4,2,3,5
gr,55f7c51840da5,black,0,0,0,0,0,0,0,0,4,5,0,0,0,0,0,0,0,0,0,0
gr,55f7c51840da5,blue,3,0,0,0,0,0,0,0,0,0,0,5,0,0,0,0,0,0,0,0
gr,55f7c51840da5,brown,0,0,0,0,0,0,0,3,0,0,0,0,0,0,0,0,0,0,0,0
gr,55f7c51840da5,green,0,0,0,0,0,0,0,0,0,0,0,0,0,0,5,0,0,4,0,0
gr,55f7c51840da5,grey,0,0,0,0,0,0,0,0,0,0,0,0,0,0,0,0,0,0,3,0
gr,55f7c51840da5,orange,0,0,0,0,0,5,0,0,0,0,0,0,0,0,0,0,0,0,0,0
gr,55f7c51840da5,pink,0,0,0,4,0,0,0,0,0,0,0,0,0,0,0,0,0,0,0,0
gr,55f7c51840da5,purple,0,0,4,0,0,0,0,0,0,3,0,0,0,0,0,0,0,0,0,0
gr,55f7c51840da5,red,0,0,0,0,0,0,0,0,0,0,0,0,0,0,0,0,0,0,0,5
gr,55f7c51840da5,turquoise,0,5,0,0,0,0,0,0,0,0,0,0,0,0,0,4,0,0,0,0
gr,55f7c51840da5,white,0,0,0,0,0,0,0,0,0,0,0,0,0,0,0,0,0,5,0,0
gr,55f7c51840da5,yellow,0,0,0,0,0,0,3,0,0,0,0,0,0,0,0,0,0,0,0,0
gr,55f7d22801e83,black,0,0,0,0,0,0,0,0,4,0,0,0,0,0,0,0,0,0,5,0
gr,55f7d22801e83,blue,0,0,0,0,0,0,0,0,0,0,0,0,0,0,0,5,0,5,0,0
gr,55f7d22801e83,brown,0,0,0,0,3,0,5,4,0,0,0,0,0,0,0,0,0,0,0,0
gr,55f7d22801e83,green,0,0,2,0,0,0,0,0,0,0,0,5,0,0,0,0,0,0,0,0
gr,55f7d22801e83,grey,0,0,0,0,0,0,0,0,1,3,0,0,0,0,0,0,0,0,3,0
gr,55f7d22801e83,orange,0,4,0,0,0,0,0,0,0,0,0,4,4,0,3,0,0,0,0,0
gr,55f7d22801e83,pink,0,0,0,5,0,0,0,0,0,0,0,0,4,5,0,0,0,4,0,0
gr,55f7d22801e83,purple,0,0,0,0,0,0,1,0,0,4,0,0,0,0,0,0,4,0,0,0
gr,55f7d22801e83,red,0,3,2,0,0,0,0,0,0,0,0,5,3,3,0,0,0,0,0,0
gr,55f7d22801e83,turquoise,0,0,0,0,0,0,0,0,0,0,0,0,0,0,0,0,5,5,0,0
gr,55f7d22801e83,white,0,0,0,0,0,0,0,0,0,0,0,0,5,5,0,0,5,5,0,0
gr,55f7d22801e83,yellow,3,3,0,0,0,0,0,0,0,0,0,4,4,0,0,0,0,0,0,0
gr,55f7df6245afa,black,0,0,0,0,0,0,1,0,1,4,3,0,0,0,0,0,0,0,0,0
gr,55f7df6245afa,blue,0,0,0,0,0,4,0,0,0,0,0,0,0,0,5,0,0,0,0,0
gr,55f7df6245afa,brown,0,0,0,0,0,0,0,1,0,0,0,3,0,0,0,0,0,0,0,0
gr,55f7df6245afa,green,0,0,0,3,0,0,0,1,0,0,1,0,0,0,0,0,0,0,0,0
gr,55f7df6245afa,grey,0,0,0,0,1,0,3,0,0,0,1,0,0,0,0,0,3,0,0,0
gr,55f7df6245afa,orange,3,0,2,0,0,0,0,0,0,0,0,0,4,0,0,0,0,0,0,0
gr,55f7df6245afa,pink,0,0,0,0,0,0,0,0,0,0,0,0,0,0,0,0,0,0,0,3
gr,55f7df6245afa,purple,3,0,0,0,0,0,0,0,0,0,0,2,0,0,0,0,0,0,0,0
gr,55f7df6245afa,red,0,3,0,0,0,4,0,0,0,0,1,0,3,4,0,5,0,0,0,0
gr,55f7df6245afa,turquoise,0,0,0,0,0,0,0,0,0,0,0,0,0,0,0,4,0,3,1,0
gr,55f7df6245afa,white,0,0,0,0,0,0,0,0,5,0,2,0,0,0,0,0,0,0,0,0
gr,55f7df6245afa,yellow,0,0,2,0,0,0,0,0,0,1,3,0,1,0,0,2,0,0,0,0
gr,55f7e56953cdc,black,3,0,0,0,0,0,0,0,0,0,0,3,0,0,0,0,0,0,0,0
gr,55f7e56953cdc,blue,0,0,0,2,0,3,0,0,0,0,0,4,0,0,3,4,2,0,0,0
gr,55f7e56953cdc,brown,0,0,0,3,0,0,0,0,0,1,0,0,0,0,0,0,3,0,0,0
gr,55f7e56953cdc,green,4,0,0,0,0,0,0,0,0,0,0,0,4,0,4,0,0,0,0,0
gr,55f7e56953cdc,grey,0,0,0,0,0,0,1,0,0,3,0,0,0,0,0,0,0,0,2,0
gr,55f7e56953cdc,orange,0,3,0,2,0,4,0,0,0,0,0,3,3,0,4,0,0,0,0,0
gr,55f7e56953cdc,pink,0,0,0,0,0,1,0,0,0,0,0,0,0,0,0,0,0,0,0,0
gr,55f7e56953cdc,purple,0,0,0,3,0,0,0,0,0,0,0,0,0,0,0,0,2,0,0,0
gr,55f7e56953cdc,red,1,0,0,0,0,2,0,0,0,0,0,0,0,2,2,0,0,0,0,0
gr,55f7e56953cdc,turquoise,0,0,0,0,0,2,0,0,0,0,0,0,3,0,0,4,0,4,0,0
gr,55f7e56953cdc,white,4,0,0,0,0,0,0,0,0,0,0,0,0,0,3,4,0,4,0,0
gr,55f7e56953cdc,yellow,0,0,0,0,0,3,0,0,0,0,0,0,0,0,3,4,0,0,0,0
gr,55f7e5ba38c50,black,0,0,0,0,0,0,0,0,0,0,5,0,0,0,0,0,0,0,0,0
gr,55f7e5ba38c50,blue,0,0,0,0,0,0,0,0,0,0,0,0,4,0,0,0,0,0,0,0
gr,55f7e5ba38c50,brown,0,0,0,0,0,0,0,0,0,0,0,0,0,0,0,0,0,0,5,0
gr,55f7e5ba38c50,green,0,0,0,0,0,0,0,0,0,0,0,4,0,0,0,0,0,0,0,0
gr,55f7e5ba38c50,grey,0,0,0,0,0,0,4,0,0,0,0,0,0,0,0,0,0,0,0,0
gr,55f7e5ba38c50,orange,0,0,0,0,0,0,0,0,0,0,0,0,0,0,0,0,4,0,0,0
gr,55f7e5ba38c50,pink,0,0,0,0,0,4,0,0,0,0,0,0,4,0,0,0,0,0,0,0
gr,55f7e5ba38c50,purple,0,0,0,0,0,0,0,0,0,0,4,0,0,0,0,0,0,0,0,0
gr,55f7e5ba38c50,red,0,0,5,0,0,0,0,0,0,0,0,0,0,0,0,0,0,0,0,0
gr,55f7e5ba38c50,turquoise,0,0,0,0,0,0,0,0,0,0,0,0,0,0,0,0,0,4,0,0
gr,55f7e5ba38c50,white,0,0,0,0,0,0,0,0,0,0,0,0,0,0,0,5,0,0,0,0
gr,55f7e5ba38c50,yellow,5,0,0,0,0,0,0,0,0,0,0,0,0,0,0,0,0,0,0,0
gr,55f7e5f5e76c1,black,0,0,2,2,4,0,2,0,5,3,4,0,0,0,0,0,0,0,5,0
gr,55f7e5f5e76c1,blue,0,5,0,0,0,0,0,0,0,0,0,4,5,0,0,5,0,3,0,0
gr,55f7e5f5e76c1,brown,0,0,0,0,0,3,0,0,0,0,0,4,0,0,0,0,3,0,0,0
gr,55f7e5f5e76c1,green,0,0,0,0,0,4,0,1,0,0,0,3,0,0,5,0,0,4,0,0
gr,55f7e5f5e76c1,grey,0,0,0,0,3,0,3,0,0,0,0,2,0,0,0,0,0,0,3,0
gr,55f7e5f5e76c1,orange,0,0,0,0,0,0,0,3,0,0,0,4,0,0,0,0,0,0,0,0
gr,55f7e5f5e76c1,pink,0,0,0,0,0,0,0,0,0,0,0,0,0,5,0,0,0,4,0,0
gr,55f7e5f5e76c1,purple,0,0,0,4,0,0,3,0,0,0,0,2,0,0,0,0,0,0,4,0
gr,55f7e5f5e76c1,red,0,5,4,0,0,0,0,0,0,0,0,0,0,5,4,0,0,0,0,0
gr,55f7e5f5e76c1,turquoise,0,0,0,0,0,0,0,0,0,0,0,4,4,0,5,0,0,5,0,0
gr,55f7e5f5e76c1,white,0,0,0,0,0,0,0,0,0,0,0,0,0,0,0,0,2,4,0,0
gr,55f7e5f5e76c1,yellow,4,0,0,0,0,4,0,2,0,0,2,0,0,0,0,4,0,0,0,0
gr,55f7e82bc692b,black,0,0,0,0,0,0,5,0,5,0,0,0,0,0,0,0,0,0,5,0
gr,55f7e82bc692b,blue,0,0,0,0,4,0,0,0,4,0,0,0,0,0,0,0,0,0,0,0
gr,55f7e82bc692b,brown,0,0,0,5,0,0,0,0,0,0,0,5,0,0,5,0,0,0,0,0
gr,55f7e82bc692b,green,0,0,0,5,0,0,0,0,0,0,0,0,0,0,5,0,0,5,0,0
gr,55f7e82bc692b,grey,0,0,0,0,0,0,4,0,0,0,0,0,0,0,0,0,0,0,4,0
gr,55f7e82bc692b,orange,0,0,0,0,0,4,0,0,0,0,0,3,3,0,4,0,0,0,0,0
gr,55f7e82bc692b,pink,0,0,0,0,0,0,0,0,0,0,0,4,0,4,4,0,0,0,0,0
gr,55f7e82bc692b,purple,0,0,0,0,0,0,0,0,0,0,0,0,0,5,0,0,0,5,0,0
gr,55f7e82bc692b,red,0,0,3,0,0,0,0,0,0,0,0,0,0,5,0,0,0,0,0,0
gr,55f7e82bc692b,turquoise,0,0,0,0,0,0,0,0,0,0,0,0,0,0,4,0,0,4,0,0
gr,55f7e82bc692b,white,0,0,0,0,0,0,0,0,0,0,0,5,5,5,5,5,0,5,0,0
gr,55f7e82bc692b,yellow,0,5,0,0,0,0,0,0,0,0,0,0,5,0,4,0,0,0,0,0
gr,55f7e9b557f3c,black,0,0,0,0,0,0,0,0,0,0,0,0,0,0,0,0,0,0,5,0
gr,55f7e9b557f3c,blue,0,0,4,0,0,0,0,0,5,0,0,0,0,0,0,0,0,0,0,0
gr,55f7e9b557f3c,brown,0,0,0,0,0,0,0,0,0,0,0,0,0,0,0,0,0,0,0,0
gr,55f7e9b557f3c,green,0,0,0,0,0,0,0,5,0,0,0,0,0,0,0,0,0,0,0,0
gr,55f7e9b557f3c,grey,0,0,0,0,0,0,0,0,0,0,0,0,0,0,0,0,0,0,4,0
gr,55f7e9b557f3c,orange,0,0,0,5,0,0,0,0,0,0,0,0,0,0,0,0,0,0,0,0
gr,55f7e9b557f3c,pink,5,0,0,0,0,5,0,0,0,0,0,0,5,5,5,0,0,0,0,0
gr,55f7e9b557f3c,purple,0,0,0,0,0,0,0,0,0,0,0,0,0,0,0,0,0,0,4,0
gr,55f7e9b557f3c,red,0,0,5,0,0,0,0,0,0,0,0,0,0,0,0,0,0,0,0,5
gr,55f7e9b557f3c,turquoise,0,0,0,0,0,0,0,0,0,0,0,0,0,0,0,5,0,5,0,0
gr,55f7e9b557f3c,white,0,0,0,0,0,0,0,0,0,0,0,0,0,0,0,0,5,5,0,0
gr,55f7e9b557f3c,yellow,0,0,0,0,0,0,0,0,0,0,0,0,4,0,0,0,0,0,0,0
gr,55f7ec04757ab,black,2,2,4,1,3,2,3,2,5,5,3,2,2,2,2,2,3,1,4,4
gr,55f7ec04757ab,blue,5,3,2,5,2,4,1,0,1,2,1,4,5,4,5,5,5,5,4,3
gr,55f7ec04757ab,brown,3,2,4,2,3,3,2,3,3,4,3,3,3,3,3,3,2,2,4,4
gr,55f7ec04757ab,green,5,3,1,3,1,5,1,1,1,1,1,5,5,4,5,4,3,5,2,1
gr,55f7ec04757ab,grey,3,3,4,2,2,3,2,2,4,5,4,3,3,3,4,3,2,2,4,2
gr,55f7ec04757ab,orange,4,4,1,5,1,5,1,1,1,1,1,5,5,4,5,4,3,5,3,1
gr,55f7ec04757ab,pink,4,4,2,3,3,4,2,2,2,2,2,3,4,3,4,3,3,4,2,1
gr,55f7ec04757ab,purple,4,2,3,4,2,4,2,2,3,3,3,3,3,3,4,3,4,3,5,2
gr,55f7ec04757ab,red,5,4,1,2,1,5,1,1,1,2,1,5,5,5,5,5,2,4,2,2
gr,55f7ec04757ab,turquoise,5,2,1,4,1,4,1,1,1,1,1,4,5,5,5,5,0,5,4,0
gr,55f7ec04757ab,white,4,3,2,3,2,4,1,1,1,1,2,4,5,5,5,4,4,4,1,1
gr,55f7ec04757ab,yellow,4,3,3,4,2,4,2,1,1,3,3,3,4,3,4,3,4,4,2,4
gr,55f7f2bce1197,black,0,0,0,0,0,0,0,0,5,0,0,0,0,0,0,0,0,0,0,0
gr,55f7f2bce1197,blue,0,0,0,0,0,4,0,0,0,0,0,0,0,0,0,0,0,0,0,0
gr,55f7f2bce1197,brown,0,0,0,0,0,0,0,3,0,0,0,0,0,0,0,0,0,0,0,0
gr,55f7f2bce1197,green,0,0,0,0,0,0,0,0,0,0,5,0,0,0,0,0,0,0,0,0
gr,55f7f2bce1197,grey,0,0,0,0,0,0,0,0,0,3,0,0,0,0,0,0,0,0,0,0
gr,55f7f2bce1197,orange,0,0,0,0,5,0,0,0,0,0,0,0,0,0,0,0,0,0,0,0
gr,55f7f2bce1197,pink,0,5,0,0,0,0,0,0,0,0,0,0,0,4,0,0,0,0,0,0
gr,55f7f2bce1197,purple,0,0,0,0,0,0,0,0,0,0,0,0,0,0,0,0,0,0,4,0
gr,55f7f2bce1197,red,0,0,5,0,0,0,0,0,0,0,0,0,0,0,0,0,0,0,0,0
gr,55f7f2bce1197,turquoise,0,0,0,0,0,0,0,0,0,0,0,0,0,0,0,0,0,4,0,0
gr,55f7f2bce1197,white,4,0,0,0,0,0,0,0,0,0,0,0,0,0,0,0,0,0,0,0
gr,55f7f2bce1197,yellow,0,0,0,0,0,0,0,0,0,0,0,0,4,0,0,0,0,0,0,0
gr,55f7fc4be9e42,black,1,2,4,2,3,2,4,3,4,3,4,1,1,1,1,2,2,1,4,1
gr,55f7fc4be9e42,blue,4,3,4,4,3,3,4,1,5,5,1,4,2,1,4,5,2,3,5,2
gr,55f7fc4be9e42,brown,2,2,3,1,4,2,2,4,2,3,4,3,2,1,2,2,2,1,2,2
gr,55f7fc4be9e42,green,3,5,1,2,3,3,1,3,1,1,1,5,2,2,3,2,1,3,1,1
gr,55f7fc4be9e42,grey,1,1,3,1,3,1,5,2,4,3,4,1,1,1,1,2,2,1,5,2
gr,55f7fc4be9e42,orange,4,4,1,4,2,4,1,3,1,2,3,3,4,4,5,3,1,3,1,3
gr,55f7fc4be9e42,pink,2,4,1,4,1,4,1,1,1,1,1,0,4,5,4,1,1,3,1,1
gr,55f7fc4be9e42,purple,2,4,4,3,3,2,4,1,4,2,4,4,4,3,3,1,2,3,4,2
gr,55f7fc4be9e42,red,3,4,1,2,1,4,1,2,1,2,1,4,5,4,5,5,1,2,1,5
gr,55f7fc4be9e42,turquoise,1,2,4,1,2,3,4,1,3,1,3,2,3,1,2,2,3,3,4,1
gr,55f7fc4be9e42,white,5,4,1,5,1,4,1,1,1,1,1,4,3,3,4,3,4,5,1,1
gr,55f7fc4be9e42,yellow,4,4,1,3,3,4,1,3,1,3,1,4,3,2,5,5,1,4,1,2
gr,55f807e7807c4,black,0,0,0,0,0,0,0,0,0,0,0,0,0,0,0,0,0,0,5,0
gr,55f807e7807c4,blue,0,0,5,0,0,0,0,0,0,0,0,0,0,0,0,0,0,0,0,0
gr,55f807e7807c4,brown,0,0,0,0,0,0,0,5,0,0,0,0,0,0,0,0,0,0,0,0
gr,55f807e7807c4,green,0,0,0,0,0,0,0,0,0,0,0,5,4,0,5,0,0,0,0,0
gr,55f807e7807c4,grey,0,0,0,0,0,0,0,0,0,0,0,0,0,0,0,0,0,0,5,0
gr,55f807e7807c4,orange,0,0,0,0,0,0,0,2,0,0,0,0,0,0,0,0,0,4,0,0
gr,55f807e7807c4,pink,0,0,0,0,0,0,0,0,0,0,0,0,0,0,0,0,0,5,0,0
gr,55f807e7807c4,purple,0,0,0,0,0,0,0,0,0,5,0,0,0,0,0,0,0,0,0,0
gr,55f807e7807c4,red,0,0,0,0,0,0,0,0,0,0,0,0,0,0,0,0,0,0,0,5
gr,55f807e7807c4,turquoise,0,0,0,0,0,0,0,0,0,0,0,0,0,0,0,5,0,0,0,0
gr,55f807e7807c4,white,0,0,0,0,0,0,0,0,0,0,0,0,0,5,0,0,0,0,0,0
gr,55f807e7807c4,yellow,0,0,0,0,0,0,0,0,0,0,5,0,0,0,0,0,0,0,0,0
gr,55f80db2d3c01,black,0,0,5,0,0,0,5,5,5,5,5,0,0,0,0,0,0,0,5,5
gr,55f80db2d3c01,blue,0,5,0,0,0,0,0,0,0,0,0,5,0,5,0,0,0,5,0,0
gr,55f80db2d3c01,brown,0,0,0,0,0,0,2,1,2,4,1,0,0,0,0,0,3,0,1,4
gr,55f80db2d3c01,green,2,3,0,0,0,1,0,0,0,0,0,2,2,0,0,1,0,2,0,0
gr,55f80db2d3c01,grey,0,0,4,0,0,0,0,0,3,0,0,0,0,0,0,0,0,0,5,0
gr,55f80db2d3c01,orange,3,4,0,3,0,3,0,0,0,0,0,3,3,0,3,2,0,3,0,0
gr,55f80db2d3c01,pink,5,3,0,0,0,5,0,0,0,0,0,1,4,5,4,3,0,0,0,0
gr,55f80db2d3c01,purple,1,4,0,1,0,3,0,0,0,0,0,4,4,1,3,4,0,1,0,0
gr,55f80db2d3c01,red,4,5,0,2,0,4,0,0,0,0,0,5,5,5,5,5,0,4,0,0
gr,55f80db2d3c01,turquoise,4,4,0,3,0,4,0,0,0,0,0,4,4,4,4,4,1,4,0,0
gr,55f80db2d3c01,white,5,5,0,3,0,5,0,0,0,0,0,5,5,5,5,5,0,4,0,0
gr,55f80db2d3c01,yellow,1,4,0,2,0,0,0,0,0,1,0,1,0,0,3,3,0,0,0,0
gr,55f81a7adfe9b,black,0,0,5,0,0,0,0,0,5,0,5,0,0,0,0,0,0,0,0,5
gr,55f81a7adfe9b,blue,0,0,0,0,0,0,0,0,0,0,0,0,0,0,4,0,0,4,0,0
gr,55f81a7adfe9b,brown,0,0,0,0,4,0,0,4,0,0,0,0,0,0,0,0,0,0,0,0
gr,55f81a7adfe9b,green,0,0,0,0,0,0,0,0,0,0,0,0,5,0,0,0,0,0,0,0
gr,55f81a7adfe9b,grey,0,0,0,0,0,0,0,0,0,4,0,0,0,0,0,0,4,0,4,0
gr,55f81a7adfe9b,orange,0,0,0,0,0,0,0,0,0,4,0,0,0,0,0,0,0,0,0,0
gr,55f81a7adfe9b,pink,0,0,0,0,0,0,0,0,0,0,0,0,0,3,0,0,0,0,0,0
gr,55f81a7adfe9b,purple,0,0,0,0,0,0,0,0,0,0,0,0,4,0,0,4,3,0,0,0
gr,55f81a7adfe9b,red,0,0,5,0,0,0,0,0,0,0,0,0,0,5,0,0,0,0,0,0
gr,55f81a7adfe9b,turquoise,0,0,0,0,3,0,0,0,0,0,0,0,0,0,0,0,0,0,0,0
gr,55f81a7adfe9b,white,0,0,0,0,0,5,0,0,0,0,0,0,0,0,0,0,0,5,0,0
gr,55f81a7adfe9b,yellow,0,0,0,0,0,0,0,0,0,0,5,0,0,0,0,0,0,0,0,0
gr,55f8200b487d9,black,0,0,0,0,0,0,0,0,0,0,0,0,0,0,0,0,0,0,5,0
gr,55f8200b487d9,blue,0,0,0,0,0,3,0,0,0,0,0,0,0,0,0,3,0,0,0,0
gr,55f8200b487d9,brown,0,0,0,0,0,0,2,0,0,0,0,0,0,0,0,0,0,0,0,0
gr,55f8200b487d9,green,0,4,0,0,0,0,0,3,0,0,0,0,0,0,0,0,0,0,0,0
gr,55f8200b487d9,grey,0,0,0,0,0,0,0,0,0,0,0,0,0,0,0,0,0,0,5,0
gr,55f8200b487d9,orange,0,4,0,0,0,0,0,0,0,0,0,0,4,0,4,0,0,0,0,0
gr,55f8200b487d9,pink,0,0,0,0,0,0,0,0,0,0,0,3,0,3,0,0,0,0,0,3
gr,55f8200b487d9,purple,0,0,0,0,0,3,0,0,0,0,0,0,0,0,0,3,0,0,0,0
gr,55f8200b487d9,red,0,0,4,0,0,0,0,0,0,0,5,0,0,5,0,0,0,0,0,0
gr,55f8200b487d9,turquoise,0,0,0,0,0,0,0,0,0,0,0,3,0,0,0,0,0,0,0,0
gr,55f8200b487d9,white,0,0,0,0,0,5,0,0,0,0,0,0,5,5,0,0,0,5,0,0
gr,55f8200b487d9,yellow,0,0,0,0,0,0,0,0,0,0,0,0,3,0,0,0,0,0,0,0
gr,55f820b4b3282,black,0,0,2,0,0,0,0,0,2,0,0,0,0,0,0,4,0,0,1,0
gr,55f820b4b3282,blue,4,5,0,0,0,5,0,0,0,0,0,0,0,0,0,0,0,4,0,0
gr,55f820b4b3282,brown,0,0,0,0,0,0,0,0,0,0,0,0,4,0,0,0,0,0,0,0
gr,55f820b4b3282,green,5,0,0,0,0,0,0,0,2,0,0,5,4,0,0,0,0,0,0,0
gr,55f820b4b3282,grey,0,0,0,0,0,0,0,0,0,0,0,0,0,0,0,0,0,0,0,0
gr,55f820b4b3282,orange,0,5,0,0,0,0,0,0,0,0,0,0,5,4,0,0,0,0,0,0
gr,55f820b4b3282,pink,0,0,0,0,0,0,0,0,0,0,0,0,0,4,4,0,0,0,0,1
gr,55f820b4b3282,purple,3,0,0,0,0,0,0,0,0,0,0,4,0,0,0,0,0,0,1,0
gr,55f820b4b3282,red,0,5,0,0,0,0,0,0,0,0,0,5,0,5,5,0,0,0,0,0
gr,55f820b4b3282,turquoise,4,0,0,0,0,0,0,0,0,0,0,0,5,0,5,0,4,5,0,0
gr,55f820b4b3282,white,5,0,0,0,0,5,0,0,0,0,0,0,5,0,5,0,0,5,0,0
gr,55f820b4b3282,yellow,0,5,0,0,0,0,0,0,0,0,0,5,5,0,5,0,0,0,0,0
gr,55f8274be22c4,black,0,0,4,3,2,0,5,0,4,0,3,0,0,0,0,5,4,0,5,0
gr,55f8274be22c4,blue,0,3,0,0,0,3,1,0,1,0,0,0,0,0,3,0,1,0,0,0
gr,55f8274be22c4,brown,0,0,0,2,3,0,3,3,0,0,0,0,0,0,0,3,1,0,3,1
gr,55f8274be22c4,green,0,0,4,0,0,3,0,2,0,0,0,0,0,0,3,0,0,0,0,0
gr,55f8274be22c4,grey,0,0,2,0,1,0,3,0,0,2,2,0,0,0,0,0,0,0,4,0
gr,55f8274be22c4,orange,0,4,2,0,0,4,0,0,0,0,0,0,4,2,4,0,0,0,0,0
gr,55f8274be22c4,pink,0,0,0,0,2,0,0,0,0,2,0,1,2,4,2,0,2,2,0,3
gr,55f8274be22c4,purple,0,0,4,0,0,3,0,0,0,0,0,0,0,0,0,0,2,0,3,0
gr,55f8274be22c4,red,0,3,5,0,0,3,0,0,0,2,2,0,3,5,3,0,0,0,0,5
gr,55f8274be22c4,turquoise,0,3,0,0,0,3,0,0,0,0,0,0,3,2,3,3,0,3,0,0
gr,55f8274be22c4,white,0,0,0,2,0,4,0,0,0,0,0,0,5,3,4,4,2,3,0,0
gr,55f8274be22c4,yellow,0,2,0,0,2,2,0,2,0,0,0,0,2,0,2,0,0,0,0,0
gr,55f82d2198798,black,0,0,0,0,0,0,0,0,4,3,1,0,0,0,0,0,3,0,5,0
gr,55f82d2198798,blue,0,0,0,0,0,4,0,0,0,0,0,0,0,0,0,0,0,4,0,0
gr,55f82d2198798,brown,0,0,0,0,4,0,0,0,0,0,0,0,0,0,0,0,0,0,0,0
gr,55f82d2198798,green,0,0,0,0,0,0,3,4,0,0,0,0,0,0,0,0,0,0,0,0
gr,55f82d2198798,grey,0,0,0,0,0,0,0,0,3,0,0,0,0,0,0,0,5,0,4,0
gr,55f82d2198798,orange,3,0,0,0,0,0,0,0,0,0,0,4,2,0,0,0,0,0,0,0
gr,55f82d2198798,pink,0,0,0,0,0,0,0,0,0,0,0,3,0,4,0,0,0,3,0,0
gr,55f82d2198798,purple,0,0,0,0,0,0,3,0,1,0,0,0,0,0,0,0,3,0,4,0
gr,55f82d2198798,red,0,0,5,0,0,0,0,0,0,0,0,4,0,5,0,0,0,0,0,0
gr,55f82d2198798,turquoise,0,0,0,3,0,0,0,0,0,0,0,0,0,0,0,0,0,5,0,0
gr,55f82d2198798,white,0,0,0,0,0,0,0,0,0,3,0,0,0,0,0,0,0,0,0,4
gr,55f82d2198798,yellow,5,0,0,0,0,5,0,0,0,0,0,0,4,0,0,5,0,0,0,0
gr,55f82ea4460fb,black,0,0,0,0,0,0,0,0,5,0,0,0,0,0,0,0,0,0,0,0
gr,55f82ea4460fb,blue,0,0,0,0,0,0,0,0,0,0,0,0,5,0,0,0,0,0,0,0
gr,55f82ea4460fb,brown,0,0,0,0,0,0,0,5,0,0,0,0,0,0,0,0,0,0,0,0
gr,55f82ea4460fb,green,0,0,0,0,0,0,0,4,0,0,0,0,0,0,0,0,0,0,0,0
gr,55f82ea4460fb,grey,0,0,0,0,0,0,4,0,0,0,0,0,0,0,0,0,0,0,0,0
gr,55f82ea4460fb,orange,0,0,0,0,0,0,0,0,0,0,0,0,4,0,0,0,0,0,0,0
gr,55f82ea4460fb,pink,0,0,0,0,0,0,0,0,0,0,0,0,5,0,0,0,0,0,0,0
gr,55f82ea4460fb,purple,0,0,0,0,0,0,0,0,4,0,0,0,0,0,0,0,0,0,0,0
gr,55f82ea4460fb,red,0,5,0,0,0,0,0,0,0,0,0,0,0,0,0,0,0,0,0,0
gr,55f82ea4460fb,turquoise,0,0,0,0,0,0,0,0,0,0,0,0,0,0,0,0,0,0,0,0
gr,55f82ea4460fb,white,0,0,0,0,0,0,0,0,0,0,0,0,0,0,0,0,0,5,0,0
gr,55f82ea4460fb,yellow,0,0,4,0,0,0,0,0,0,0,0,0,0,0,0,0,0,0,0,0
gr,55f8327f7d30c,black,0,0,0,0,0,0,0,0,0,0,0,0,0,0,0,0,0,0,4,3
gr,55f8327f7d30c,blue,0,0,0,0,0,0,0,0,0,0,0,0,0,0,3,0,0,0,0,0
gr,55f8327f7d30c,brown,0,0,0,0,0,0,0,3,0,0,0,0,0,0,0,0,0,0,0,0
gr,55f8327f7d30c,green,0,0,0,0,0,0,0,0,0,0,0,3,0,0,0,0,0,0,0,0
gr,55f8327f7d30c,grey,0,0,0,0,0,0,0,0,3,0,0,0,0,0,0,0,0,0,0,0
gr,55f8327f7d30c,orange,0,0,0,0,0,0,0,0,0,0,0,0,0,0,3,0,0,0,0,0
gr,55f8327f7d30c,pink,0,0,0,0,0,0,0,0,0,0,0,0,0,4,0,0,0,0,0,0
gr,55f8327f7d30c,purple,0,0,0,0,0,0,0,0,0,0,0,0,4,0,5,0,0,0,0,0
gr,55f8327f7d30c,red,0,0,0,0,0,0,0,0,0,0,0,0,0,5,0,0,0,0,0,0
gr,55f8327f7d30c,turquoise,0,0,0,0,0,0,0,0,0,0,0,0,0,0,0,0,0,2,0,0
gr,55f8327f7d30c,white,3,0,0,0,0,0,0,0,0,0,0,0,0,0,0,0,0,0,0,0
gr,55f8327f7d30c,yellow,0,0,0,0,0,0,0,0,0,0,4,0,0,0,0,0,0,0,0,0
gr,55f8385d66a62,black,0,0,0,0,0,0,0,0,0,5,0,0,0,0,0,0,0,0,0,0
gr,55f8385d66a62,blue,0,0,0,0,0,0,0,0,0,0,0,0,0,0,0,4,0,0,0,0
gr,55f8385d66a62,brown,0,0,0,0,0,0,4,0,0,0,0,0,0,0,0,0,0,0,0,0
gr,55f8385d66a62,green,0,0,0,0,0,0,0,0,0,0,0,0,5,0,0,0,0,0,0,0
gr,55f8385d66a62,grey,0,0,0,0,0,0,5,0,0,0,0,0,0,0,0,0,0,0,0,0
gr,55f8385d66a62,orange,0,0,0,0,0,0,0,0,0,0,0,0,0,0,0,0,0,4,0,0
gr,55f8385d66a62,pink,0,0,0,0,0,4,0,0,0,0,0,0,0,0,0,0,0,0,0,0
gr,55f8385d66a62,purple,0,0,0,0,0,0,0,0,0,0,0,0,0,0,0,0,0,0,5,0
gr,55f8385d66a62,red,0,0,0,0,0,0,0,0,0,0,0,0,0,0,0,5,0,0,0,0
gr,55f8385d66a62,turquoise,0,0,0,0,0,4,0,0,0,0,0,0,0,0,0,0,0,0,0,0
gr,55f8385d66a62,white,0,0,0,0,0,0,0,0,0,0,0,0,0,0,0,0,0,0,0,0
gr,55f8385d66a62,yellow,0,0,0,0,0,0,0,0,5,0,0,0,0,0,0,0,0,0,0,0
gr,55f83db98bfe4,black,0,0,0,0,0,0,0,0,5,0,0,0,0,0,0,0,0,0,5,0
gr,55f83db98bfe4,blue,0,5,0,0,0,0,0,0,0,0,0,0,5,0,4,0,0,0,0,0
gr,55f83db98bfe4,brown,0,0,0,0,5,0,0,5,0,0,0,0,0,0,0,0,0,0,0,0
gr,55f83db98bfe4,green,0,0,0,0,0,5,0,0,0,0,0,0,0,0,5,0,5,0,0,0
gr,55f83db98bfe4,grey,0,0,0,0,0,0,0,0,0,0,0,0,0,0,0,0,0,0,5,0
gr,55f83db98bfe4,orange,0,0,0,0,0,5,0,0,0,0,0,5,0,0,0,0,0,0,0,0
gr,55f83db98bfe4,pink,0,0,0,0,0,0,0,0,0,0,0,0,5,0,0,0,0,0,0,0
gr,55f83db98bfe4,purple,0,0,0,0,0,0,0,0,0,0,0,0,0,0,0,0,5,0,0,0
gr,55f83db98bfe4,red,5,0,0,0,0,5,0,0,0,5,0,0,0,5,0,0,0,0,0,0
gr,55f83db98bfe4,turquoise,5,0,0,0,0,5,0,0,0,0,0,0,0,0,5,5,0,0,0,0
gr,55f83db98bfe4,white,0,0,0,0,0,4,0,0,0,0,0,5,5,3,0,5,0,5,0,0
gr,55f83db98bfe4,yellow,0,0,5,0,3,0,0,0,0,0,4,0,0,0,0,0,0,0,0,0
gr,55f840b9ca855,black,0,0,0,0,0,0,0,0,0,0,5,0,0,0,0,0,0,0,0,0
gr,55f840b9ca855,blue,0,0,0,0,0,0,0,0,0,0,0,0,0,0,5,0,0,0,0,0
gr,55f840b9ca855,brown,0,0,0,0,0,0,0,4,0,0,0,0,0,0,0,0,0,0,0,0
gr,55f840b9ca855,green,0,0,0,0,0,5,0,0,0,0,0,0,5,0,5,0,0,5,0,0
gr,55f840b9ca855,grey,0,0,0,0,0,0,0,0,0,0,0,0,0,0,0,0,0,0,5,0
gr,55f840b9ca855,orange,0,5,0,0,0,0,0,0,0,0,0,0,0,0,0,0,0,0,0,0
gr,55f840b9ca855,pink,0,0,0,0,0,0,0,0,0,0,0,0,0,0,0,0,0,0,0,0
gr,55f840b9ca855,purple,0,0,0,0,0,0,0,0,0,0,0,0,0,0,0,0,0,0,0,0
gr,55f840b9ca855,red,4,0,0,0,0,0,0,0,0,0,0,0,0,5,0,0,0,0,0,0
gr,55f840b9ca855,turquoise,0,5,0,0,0,0,0,0,0,0,0,0,5,0,5,5,0,0,0,0
gr,55f840b9ca855,white,0,0,0,0,0,0,0,0,0,0,0,0,5,0,5,0,0,0,0,0
gr,55f840b9ca855,yellow,0,5,0,0,0,0,0,0,0,0,0,0,0,0,0,0,0,0,0,0
gr,55f84b835f31a,black,0,0,0,0,0,5,0,0,0,0,0,0,0,0,0,0,0,0,4,0
gr,55f84b835f31a,blue,0,0,0,0,0,0,0,0,0,0,0,0,0,0,4,5,0,0,0,0
gr,55f84b835f31a,brown,0,0,0,0,0,0,0,4,0,0,0,0,0,0,0,0,0,0,0,0
gr,55f84b835f31a,green,0,0,0,0,0,0,0,0,0,0,0,0,0,0,0,0,0,0,0,0
gr,55f84b835f31a,grey,0,0,0,0,0,0,0,0,0,0,0,0,0,0,0,0,0,0,1,0
gr,55f84b835f31a,orange,0,0,0,0,0,0,0,0,0,0,0,0,0,0,0,0,0,0,0,0
gr,55f84b835f31a,pink,0,3,0,0,0,0,0,0,0,0,0,0,0,0,0,0,0,0,0,0
gr,55f84b835f31a,purple,0,0,0,0,0,0,0,0,0,0,0,2,0,0,0,0,0,0,0,0
gr,55f84b835f31a,red,0,0,0,0,0,0,0,0,0,0,0,0,0,0,0,0,0,0,0,4
gr,55f84b835f31a,turquoise,0,0,0,0,0,0,0,0,0,0,0,0,3,0,0,0,0,0,0,0
gr,55f84b835f31a,white,0,0,0,0,0,0,0,0,0,0,0,0,5,5,0,0,0,0,0,0
gr,55f84b835f31a,yellow,0,0,0,0,0,0,0,0,0,3,0,0,0,0,0,0,0,0,0,0
gr,55f85448bdedc,black,0,0,0,0,0,0,3,0,3,0,0,0,0,0,0,0,0,0,0,0
gr,55f85448bdedc,blue,0,0,0,0,0,0,0,0,0,0,0,3,0,0,0,0,0,0,0,0
gr,55f85448bdedc,brown,0,0,0,0,2,0,0,0,0,0,0,0,0,0,0,0,0,0,0,0
gr,55f85448bdedc,green,3,0,0,0,0,0,0,0,0,0,0,0,0,0,0,0,0,0,0,0
gr,55f85448bdedc,grey,0,0,0,0,0,0,0,0,0,0,0,0,0,0,0,0,0,0,2,0
gr,55f85448bdedc,orange,0,3,0,0,0,0,0,0,0,0,0,0,0,0,0,0,0,0,0,0
gr,55f85448bdedc,pink,0,0,0,0,0,0,0,0,0,0,0,0,3,0,0,0,0,0,0,0
gr,55f85448bdedc,purple,0,0,0,0,0,0,1,0,0,0,0,0,0,0,0,0,0,0,0,0
gr,55f85448bdedc,red,0,0,0,0,0,0,0,0,0,0,0,0,0,5,0,0,0,0,0,0
gr,55f85448bdedc,turquoise,0,0,0,0,0,0,0,0,0,0,0,0,0,0,3,0,0,0,0,0
gr,55f85448bdedc,white,0,0,0,0,0,0,0,0,0,0,0,0,0,0,0,0,0,0,0,0
gr,55f85448bdedc,yellow,0,0,0,0,0,3,0,0,0,0,0,0,0,0,0,0,0,0,0,0
gr,55f859fd3eef8,black,0,0,0,0,0,0,0,0,0,0,5,0,0,0,0,0,0,0,0,0
gr,55f859fd3eef8,blue,0,0,0,0,0,0,0,0,0,0,0,0,0,0,0,5,0,0,0,0
gr,55f859fd3eef8,brown,0,0,0,0,0,0,0,3,0,0,0,0,0,0,0,0,0,0,0,0
gr,55f859fd3eef8,green,0,5,0,0,0,0,0,0,0,0,0,0,0,0,0,0,0,0,0,0
gr,55f859fd3eef8,grey,0,0,0,0,0,0,0,0,0,0,0,0,0,0,0,0,0,0,5,0
gr,55f859fd3eef8,orange,0,0,0,0,0,0,0,0,0,0,0,0,0,0,0,0,0,0,0,0
gr,55f859fd3eef8,pink,0,0,0,0,0,0,0,0,0,0,0,0,0,0,5,0,0,0,0,0
gr,55f859fd3eef8,purple,0,0,0,0,0,0,0,0,0,0,0,4,0,0,0,0,0,0,0,0
gr,55f859fd3eef8,red,0,0,0,0,0,0,0,0,0,0,0,0,0,5,0,0,0,0,0,0
gr,55f859fd3eef8,turquoise,0,0,0,0,0,5,0,0,0,0,0,0,0,0,0,0,0,0,0,0
gr,55f859fd3eef8,white,0,0,0,5,0,0,0,0,0,0,0,0,0,0,0,0,0,0,0,0
gr,55f859fd3eef8,yellow,0,0,0,0,0,0,0,0,0,0,5,0,0,0,0,0,0,0,0,0
gr,55f85b6977da0,black,0,0,5,0,5,0,5,5,5,4,5,0,0,0,0,0,0,0,5,0
gr,55f85b6977da0,blue,3,0,0,2,0,5,0,0,0,0,0,4,0,0,5,0,0,5,0,0
gr,55f85b6977da0,brown,0,0,0,0,3,0,5,5,0,3,5,0,0,0,0,0,0,0,3,0
gr,55f85b6977da0,green,3,0,0,0,0,0,0,3,0,0,0,0,0,0,0,0,3,0,0,0
gr,55f85b6977da0,grey,0,0,0,0,0,0,0,0,0,4,0,0,0,0,0,0,0,0,0,0
gr,55f85b6977da0,orange,0,4,2,0,0,4,0,0,5,5,0,0,0,0,2,0,0,4,0,4
gr,55f85b6977da0,pink,4,5,0,0,0,3,0,0,0,0,0,4,5,5,5,0,0,3,0,0
gr,55f85b6977da0,purple,3,2,0,0,0,3,3,4,4,3,2,0,0,0,0,0,0,2,5,0
gr,55f85b6977da0,red,0,0,5,0,3,0,2,3,4,3,4,0,0,0,0,0,0,0,0,5
gr,55f85b6977da0,turquoise,4,5,0,0,0,0,0,0,0,0,0,5,5,4,4,0,0,5,0,0
gr,55f85b6977da0,white,5,5,0,4,0,4,0,0,0,0,0,0,5,5,4,0,0,5,0,0
gr,55f85b6977da0,yellow,2,0,0,4,0,1,0,0,5,0,3,0,0,0,0,0,3,0,3,4
gr,55f8678be77a1,black,0,0,0,0,0,0,0,0,5,0,0,0,0,0,0,0,0,0,0,0
gr,55f8678be77a1,blue,0,0,0,0,0,0,0,0,0,0,0,0,0,5,0,0,0,0,0,0
gr,55f8678be77a1,brown,0,0,0,0,0,5,0,0,0,0,0,0,0,0,0,0,0,0,0,0
gr,55f8678be77a1,green,0,0,0,5,0,0,0,0,0,0,0,0,0,0,0,0,0,0,0,0
gr,55f8678be77a1,grey,0,0,0,0,0,0,0,0,0,0,0,0,0,0,0,0,0,5,0,0
gr,55f8678be77a1,orange,0,5,0,0,0,0,0,0,0,0,0,0,0,0,0,0,0,0,0,0
gr,55f8678be77a1,pink,0,0,0,0,0,0,0,0,0,0,0,5,0,0,0,0,0,0,0,0
gr,55f8678be77a1,purple,0,0,0,0,0,0,5,0,0,0,0,5,0,0,0,0,0,0,0,0
gr,55f8678be77a1,red,0,0,0,0,0,0,0,0,0,0,0,5,0,0,0,0,0,0,0,0
gr,55f8678be77a1,turquoise,0,0,0,0,0,0,0,0,0,0,0,0,0,0,5,0,0,0,0,0
gr,55f8678be77a1,white,0,0,0,0,0,0,0,0,0,0,0,0,0,0,0,0,0,5,0,0
gr,55f8678be77a1,yellow,5,0,0,0,0,0,0,0,0,0,0,0,0,0,0,0,0,0,0,0
gr,55f875ccef9ea,black,0,0,4,0,0,0,4,5,3,5,5,0,0,0,0,0,0,0,5,4
gr,55f875ccef9ea,blue,0,0,0,5,0,0,0,0,0,0,0,0,0,0,0,0,0,0,0,0
gr,55f875ccef9ea,brown,0,0,0,0,0,0,0,5,0,0,0,0,0,0,0,0,0,0,0,0
gr,55f875ccef9ea,green,5,0,0,0,0,0,0,0,0,0,0,0,0,0,0,0,0,0,0,0
gr,55f875ccef9ea,grey,0,0,0,0,0,0,5,0,0,0,0,0,0,0,0,0,0,0,0,0
gr,55f875ccef9ea,orange,0,0,0,0,0,0,0,0,0,5,0,0,0,0,0,0,0,0,0,0
gr,55f875ccef9ea,pink,0,0,0,0,0,0,0,0,0,0,0,5,0,0,0,0,0,0,0,0
gr,55f875ccef9ea,purple,0,0,0,0,0,0,0,0,0,0,0,0,0,0,0,5,0,0,0,0
gr,55f875ccef9ea,red,0,0,0,0,0,0,0,0,0,0,0,0,0,0,5,0,0,0,0,0
gr,55f875ccef9ea,turquoise,0,0,0,5,0,0,0,0,0,0,0,0,0,0,0,0,0,0,0,0
gr,55f875ccef9ea,white,0,0,0,0,0,0,0,0,0,0,0,0,0,5,0,0,0,0,0,0
gr,55f875ccef9ea,yellow,0,0,0,0,0,0,0,0,0,0,5,0,0,0,0,0,0,0,0,0
gr,55f8861c96a48,black,0,0,5,0,0,0,5,5,5,0,5,0,0,0,0,0,0,0,0,0
gr,55f8861c96a48,blue,4,5,5,5,4,4,5,4,4,4,5,5,4,4,4,4,4,5,4,5
gr,55f8861c96a48,brown,5,4,4,5,4,5,4,4,4,4,4,4,4,5,5,4,4,5,4,4
gr,55f8861c96a48,green,0,0,0,0,0,0,5,0,0,0,0,0,0,0,0,0,0,0,0,0
gr,55f8861c96a48,grey,0,0,0,5,0,0,0,4,0,0,0,0,0,0,0,0,0,0,0,0
gr,55f8861c96a48,orange,0,0,0,0,0,0,0,0,0,0,0,0,3,0,0,0,3,0,0,0
gr,55f8861c96a48,pink,0,0,0,5,0,0,0,0,0,0,0,0,0,5,0,0,5,5,0,0
gr,55f8861c96a48,purple,5,5,0,5,5,5,0,5,0,0,0,5,5,5,5,5,5,5,0,0
gr,55f8861c96a48,red,0,5,0,0,0,5,0,0,0,5,5,0,5,5,5,5,0,0,0,5
gr,55f8861c96a48,turquoise,0,0,0,0,0,0,0,0,0,0,0,0,0,0,5,0,0,5,0,0
gr,55f8861c96a48,white,0,0,0,0,0,0,0,0,0,0,0,0,0,0,0,0,0,0,5,0
gr,55f8861c96a48,yellow,0,0,0,0,0,0,0,0,0,0,3,0,0,0,0,0,0,0,0,0
gr,55f8869b5bd21,black,0,0,5,0,5,0,5,5,5,5,5,0,0,0,0,0,5,0,5,5
gr,55f8869b5bd21,blue,4,4,0,0,0,4,0,0,0,0,0,5,4,0,4,4,0,3,0,0
gr,55f8869b5bd21,brown,0,0,0,0,3,0,0,4,0,4,0,0,0,0,0,0,0,0,3,3
gr,55f8869b5bd21,green,3,3,0,0,0,4,0,0,0,0,0,0,5,3,4,3,0,4,0,0
gr,55f8869b5bd21,grey,0,0,4,0,5,0,4,5,4,5,4,0,0,0,0,0,3,0,4,4
gr,55f8869b5bd21,orange,4,5,0,0,0,4,0,0,0,0,0,5,4,0,4,0,0,0,0,0
gr,55f8869b5bd21,pink,0,3,0,0,0,0,0,0,0,0,0,4,5,5,0,0,0,4,0,0
gr,55f8869b5bd21,purple,4,0,0,5,0,4,0,0,0,0,0,0,4,4,4,0,0,5,0,0
gr,55f8869b5bd21,red,0,0,5,0,0,0,0,0,0,0,0,5,5,5,0,0,0,0,0,0
gr,55f8869b5bd21,turquoise,5,5,0,5,0,0,0,0,0,0,0,5,5,0,0,0,0,0,0,0
gr,55f8869b5bd21,white,5,0,0,5,0,0,0,0,0,0,0,0,0,0,0,5,5,0,0,0
gr,55f8869b5bd21,yellow,0,5,0,5,0,0,0,0,0,0,0,5,0,0,5,0,0,5,0,0
gr,55f888714d411,black,4,5,5,0,0,0,0,0,0,0,0,4,0,0,0,0,0,0,0,0
gr,55f888714d411,blue,4,0,0,0,0,0,0,0,0,0,0,4,0,4,0,0,0,5,0,0
gr,55f888714d411,brown,0,0,0,0,5,0,0,0,0,0,3,0,0,0,0,0,5,0,0,0
gr,55f888714d411,green,0,0,0,4,0,0,0,0,0,0,0,4,0,0,4,0,0,0,0,0
gr,55f888714d411,grey,0,0,0,0,0,0,0,0,0,4,0,0,0,0,0,0,0,0,5,0
gr,55f888714d411,orange,0,0,0,0,0,0,0,0,4,0,0,2,0,0,0,0,0,0,0,0
gr,55f888714d411,pink,0,0,0,0,4,0,0,1,0,0,0,0,0,0,0,0,0,0,0,0
gr,55f888714d411,purple,0,0,0,4,0,0,0,0,0,0,0,5,0,0,0,0,0,0,0,0
gr,55f888714d411,red,0,0,0,0,0,0,0,0,0,4,0,0,0,4,5,0,0,0,0,0
gr,55f888714d411,turquoise,0,0,0,0,0,0,0,0,0,0,0,0,0,0,4,0,0,5,0,0
gr,55f888714d411,white,0,0,4,0,0,0,0,0,5,0,0,0,0,0,0,0,0,0,4,0
gr,55f888714d411,yellow,0,0,0,0,0,0,0,0,0,0,0,0,5,0,4,0,0,0,0,0
gr,55f8890bf4176,black,0,0,0,0,0,0,0,0,3,0,0,0,0,0,0,0,0,0,5,0
gr,55f8890bf4176,blue,0,0,0,0,0,0,0,0,0,0,0,3,0,0,0,0,0,4,0,0
gr,55f8890bf4176,brown,0,0,0,0,0,0,0,0,0,0,0,0,0,0,0,0,0,0,0,0
gr,55f8890bf4176,green,0,4,0,0,0,5,0,0,0,0,0,0,0,0,5,5,0,4,0,0
gr,55f8890bf4176,grey,0,0,0,0,0,0,5,0,3,4,0,0,0,0,0,0,0,0,5,0
gr,55f8890bf4176,orange,0,5,0,4,0,5,0,0,0,0,0,5,5,0,5,0,0,5,0,0
gr,55f8890bf4176,pink,0,5,0,0,0,0,0,0,0,0,0,0,3,0,0,0,0,0,0,0
gr,55f8890bf4176,purple,0,3,0,0,0,0,0,0,0,0,0,0,0,0,0,0,0,2,0,0
gr,55f8890bf4176,red,0,0,5,0,0,0,0,0,0,0,0,4,0,5,0,0,0,0,0,5
gr,55f8890bf4176,turquoise,0,0,0,0,0,0,0,0,0,0,0,0,0,0,0,0,0,0,3,0
gr,55f8890bf4176,white,0,0,0,0,0,0,0,0,0,0,0,0,0,0,0,0,0,4,0,0
gr,55f8890bf4176,yellow,0,0,0,4,0,0,0,0,0,0,0,0,0,0,0,0,4,0,0,0
gr,55f88f5333069,black,0,0,0,0,0,0,0,0,4,0,4,0,0,0,0,0,0,0,5,0
gr,55f88f5333069,blue,0,0,0,0,0,5,0,0,0,0,0,5,0,0,0,0,0,5,0,0
gr,55f88f5333069,brown,0,0,0,4,0,0,3,3,0,0,0,0,0,0,0,0,0,0,0,0
gr,55f88f5333069,green,0,0,0,5,4,0,0,0,0,0,0,0,0,0,0,0,0,0,0,0
gr,55f88f5333069,grey,0,0,0,0,0,0,4,0,0,4,0,0,0,0,0,0,0,0,0,4
gr,55f88f5333069,orange,4,0,0,0,0,0,0,0,0,0,0,0,0,0,0,0,0,0,0,0
gr,55f88f5333069,pink,0,0,0,0,0,5,0,0,0,0,0,5,5,5,5,0,0,0,0,0
gr,55f88f5333069,purple,0,0,0,0,0,0,0,0,0,0,0,5,0,0,0,0,0,0,0,0
gr,55f88f5333069,red,5,0,0,0,0,0,0,0,0,0,0,0,0,5,0,5,0,0,0,0
gr,55f88f5333069,turquoise,0,0,0,0,0,5,0,0,0,0,0,0,5,0,5,5,0,0,0,0
gr,55f88f5333069,white,0,0,0,0,0,0,0,0,0,0,0,0,0,0,5,0,0,0,0,0
gr,55f88f5333069,yellow,0,0,0,0,0,0,0,0,0,0,0,4,0,0,0,0,0,0,0,0
gr,55f8ad3f6d4a5,black,3,2,4,2,3,2,4,3,5,3,4,3,2,0,2,4,3,2,3,3
gr,55f8ad3f6d4a5,blue,2,1,3,3,4,3,4,2,4,2,4,3,3,2,3,4,3,2,5,3
gr,55f8ad3f6d4a5,brown,3,2,3,4,2,4,3,3,4,1,3,5,4,3,4,4,1,2,1,2
gr,55f8ad3f6d4a5,green,4,2,1,3,3,4,4,2,3,3,3,5,3,4,3,4,2,4,3,2
gr,55f8ad3f6d4a5,grey,2,1,2,3,5,2,4,4,4,3,4,3,1,2,1,3,2,3,3,2
gr,55f8ad3f6d4a5,orange,3,4,2,3,2,3,1,4,3,1,3,3,4,3,4,2,1,3,1,2
gr,55f8ad3f6d4a5,pink,2,3,1,3,3,3,2,3,2,1,2,2,4,5,3,3,1,3,1,2
gr,55f8ad3f6d4a5,purple,4,2,3,4,4,3,4,5,4,4,1,4,1,4,2,5,3,3,5,4
gr,55f8ad3f6d4a5,red,2,3,5,2,3,2,1,3,3,1,4,3,3,2,3,3,1,2,1,4
gr,55f8ad3f6d4a5,turquoise,2,3,3,4,2,4,2,2,2,3,3,3,3,3,4,4,3,3,3,1
gr,55f8ad3f6d4a5,white,2,1,3,2,4,4,2,2,3,0,3,3,2,2,2,5,3,3,4,1
gr,55f8ad3f6d4a5,yellow,1,4,4,2,2,2,2,4,5,3,5,4,4,3,4,3,1,2,1,2
gr,55f91086b5f7b,black,0,0,5,0,0,0,3,0,3,0,5,0,0,0,0,0,0,0,5,0
gr,55f91086b5f7b,blue,1,3,1,4,0,1,0,0,0,0,0,3,3,0,1,4,1,0,1,0
gr,55f91086b5f7b,brown,0,0,4,0,1,2,3,3,0,2,0,0,0,0,2,0,0,0,3,0
gr,55f91086b5f7b,green,0,0,1,3,1,2,0,1,0,0,0,2,2,0,2,2,1,3,0,0
gr,55f91086b5f7b,grey,0,0,3,4,4,1,3,0,3,3,4,0,0,0,0,0,0,0,3,3
gr,55f91086b5f7b,orange,4,5,2,0,0,3,0,0,0,0,1,5,4,2,4,2,0,0,0,0
gr,55f91086b5f7b,pink,3,3,0,2,0,4,0,0,0,0,0,2,4,5,4,0,0,2,0,0
gr,55f91086b5f7b,purple,0,0,2,2,2,0,3,2,2,3,2,0,0,0,0,0,1,0,4,0
gr,55f91086b5f7b,red,1,2,5,0,2,0,0,0,0,1,2,3,2,5,1,0,0,0,0,2
gr,55f91086b5f7b,turquoise,5,4,0,4,0,5,0,0,0,0,0,4,5,3,5,5,1,5,0,0
gr,55f91086b5f7b,white,4,5,0,0,0,5,0,0,0,0,0,5,5,4,5,5,0,5,0,0
gr,55f91086b5f7b,yellow,1,4,0,1,1,1,0,0,0,0,0,4,0,3,3,0,1,1,0,0
gr,55f9157736817,black,0,0,0,0,4,0,0,0,4,5,0,0,0,0,0,0,0,0,0,0
gr,55f9157736817,blue,0,0,0,0,0,4,0,0,0,0,0,0,4,0,3,5,0,0,0,0
gr,55f9157736817,brown,0,0,0,0,0,4,0,0,0,0,0,5,0,0,0,0,3,0,0,0
gr,55f9157736817,green,5,0,0,4,0,0,0,0,0,0,0,0,5,0,0,0,0,0,0,0
gr,55f9157736817,grey,0,0,0,0,0,0,4,0,4,0,0,0,0,0,0,0,0,0,5,0
gr,55f9157736817,orange,0,0,0,0,0,0,3,0,0,0,0,0,0,0,0,1,2,0,0,4
gr,55f9157736817,pink,0,0,0,0,0,0,0,0,0,0,0,0,3,5,4,0,0,0,0,0
gr,55f9157736817,purple,0,0,1,0,4,0,0,2,5,0,0,0,0,0,0,0,0,0,0,0
gr,55f9157736817,red,0,0,5,0,0,0,0,0,0,0,4,0,0,0,0,0,0,0,0,0
gr,55f9157736817,turquoise,0,0,0,0,0,5,0,0,0,0,0,0,0,0,0,0,3,0,0,0
gr,55f9157736817,white,0,0,0,0,0,4,0,0,0,0,0,5,0,0,0,5,0,0,0,0
gr,55f9157736817,yellow,0,0,0,0,0,0,0,0,4,0,3,0,0,0,0,0,2,0,5,0
gr,55f925ea2adcb,black,0,0,0,0,0,0,5,0,5,0,0,0,0,0,0,0,0,0,0,0
gr,55f925ea2adcb,blue,0,0,0,0,0,5,0,0,0,0,0,0,0,0,0,0,0,0,0,0
gr,55f925ea2adcb,brown,0,0,0,0,0,0,0,0,0,0,0,0,0,0,0,0,0,0,0,0
gr,55f925ea2adcb,green,0,0,0,0,0,0,0,0,0,0,0,0,0,0,5,0,0,5,0,0
gr,55f925ea2adcb,grey,0,0,0,0,0,0,0,0,0,0,0,4,0,0,0,0,0,0,0,0
gr,55f925ea2adcb,orange,0,5,0,0,0,0,0,0,0,0,0,0,4,0,0,0,0,0,0,0
gr,55f925ea2adcb,pink,0,0,0,0,0,0,0,0,0,0,0,0,5,0,5,0,0,0,0,0
gr,55f925ea2adcb,purple,0,0,0,0,0,0,4,0,0,0,0,0,0,0,0,0,0,0,4,0
gr,55f925ea2adcb,red,0,4,0,0,0,0,0,0,0,0,0,0,3,5,0,0,0,0,0,0
gr,55f925ea2adcb,turquoise,0,0,0,0,0,0,0,0,0,0,0,4,4,0,4,0,0,0,0,0
gr,55f925ea2adcb,white,0,0,0,0,0,5,0,0,0,0,0,0,4,0,5,0,0,5,0,0
gr,55f925ea2adcb,yellow,0,0,0,0,0,0,0,0,0,0,0,0,0,0,0,0,0,0,0,0
gr,55f970f80241f,black,0,0,0,0,3,0,5,0,0,0,5,0,0,0,0,0,0,0,0,0
gr,55f970f80241f,blue,0,5,0,0,0,4,0,0,0,0,0,0,4,0,3,5,0,0,0,0
gr,55f970f80241f,brown,0,0,0,5,0,0,3,0,2,1,0,0,0,0,0,0,0,0,4,1
gr,55f970f80241f,green,4,2,0,5,0,4,0,0,0,0,0,5,3,3,4,0,0,5,0,0
gr,55f970f80241f,grey,0,0,3,0,5,0,5,0,1,0,3,0,0,0,0,0,0,0,0,5
gr,55f970f80241f,orange,5,5,0,3,0,5,0,0,0,0,0,5,5,5,5,0,0,4,1,0
gr,55f970f80241f,pink,2,3,0,5,0,3,0,0,0,0,0,4,4,5,4,0,0,4,0,0
gr,55f970f80241f,purple,0,0,0,0,0,0,3,1,1,4,0,0,0,0,0,0,0,0,5,0
gr,55f970f80241f,red,4,3,5,5,0,2,0,0,0,2,0,5,4,5,3,2,0,2,3,0
gr,55f970f80241f,turquoise,5,5,0,5,0,0,0,0,0,0,0,5,5,5,0,0,0,4,0,0
gr,55f970f80241f,white,5,0,0,0,0,5,0,0,0,0,0,4,5,5,5,5,0,5,0,0
gr,55f970f80241f,yellow,0,0,0,0,0,0,0,0,0,0,5,5,0,5,0,0,0,0,0,0
gr,55f98fb78f850,black,0,3,0,0,0,0,0,0,0,0,0,0,0,0,0,0,0,0,0,0
gr,55f98fb78f850,blue,0,0,0,0,0,0,0,0,0,0,0,0,0,0,0,0,0,0,0,0
gr,55f98fb78f850,brown,0,0,0,0,0,0,0,0,0,0,0,0,0,0,0,0,0,0,0,0
gr,55f98fb78f850,green,0,0,4,0,0,0,0,0,0,0,0,0,0,0,0,0,0,0,0,0
gr,55f98fb78f850,grey,0,0,0,0,0,0,0,0,0,0,0,0,0,0,0,0,0,0,0,0
gr,55f98fb78f850,orange,0,0,0,0,0,0,0,0,0,0,0,0,0,0,0,0,0,0,0,0
gr,55f98fb78f850,pink,0,0,0,0,0,0,0,0,0,0,0,0,4,0,0,0,0,0,0,0
gr,55f98fb78f850,purple,0,0,0,0,0,0,0,0,0,0,0,0,0,0,0,0,0,0,2,0
gr,55f98fb78f850,red,0,0,0,0,0,0,0,0,0,0,0,0,4,0,0,0,0,0,0,0
gr,55f98fb78f850,turquoise,0,0,0,0,0,0,0,0,0,0,0,0,0,0,5,0,0,0,0,0
gr,55f98fb78f850,white,0,0,0,0,0,4,0,0,0,0,0,0,0,0,0,0,0,0,0,0
gr,55f98fb78f850,yellow,0,0,0,0,0,0,0,0,0,0,0,0,0,0,0,0,0,0,0,0
gr,55f9a4a3c6977,black,0,0,4,0,4,0,5,0,4,4,5,0,0,0,0,0,0,0,5,0
gr,55f9a4a3c6977,blue,0,0,0,0,0,2,0,0,0,0,0,3,5,0,4,0,0,4,0,0
gr,55f9a4a3c6977,brown,0,0,0,0,0,0,0,0,0,0,0,3,0,0,0,0,0,0,3,0
gr,55f9a4a3c6977,green,0,0,0,0,0,0,0,0,0,0,0,0,4,0,2,0,0,3,0,0
gr,55f9a4a3c6977,grey,0,0,0,0,4,0,4,0,0,0,3,0,0,0,0,0,0,0,4,0
gr,55f9a4a3c6977,orange,0,4,0,0,0,5,0,0,0,0,0,3,5,3,5,0,0,3,0,0
gr,55f9a4a3c6977,pink,0,4,0,0,0,3,0,0,0,0,0,0,5,5,4,0,0,0,0,0
gr,55f9a4a3c6977,purple,0,5,0,0,0,0,0,0,0,0,0,0,5,0,5,0,0,0,0,0
gr,55f9a4a3c6977,red,0,5,0,0,0,3,0,0,0,0,0,0,5,5,5,0,0,4,0,0
gr,55f9a4a3c6977,turquoise,0,4,0,0,0,0,0,0,0,0,0,3,0,3,0,0,0,5,0,0
gr,55f9a4a3c6977,white,0,0,0,0,0,0,0,0,0,0,0,0,5,0,5,0,0,0,0,0
gr,55f9a4a3c6977,yellow,0,0,0,0,0,4,0,0,0,0,0,0,5,0,4,0,0,3,0,0
gr,55f9bfc57df9d,black,1,1,4,1,3,1,3,4,4,4,5,1,1,1,1,1,1,1,4,2
gr,55f9bfc57df9d,blue,5,3,1,2,1,5,1,1,1,1,1,3,5,5,5,5,1,1,1,1
gr,55f9bfc57df9d,brown,1,1,1,1,2,1,1,4,1,2,1,1,1,1,1,1,1,1,4,1
gr,55f9bfc57df9d,green,4,4,1,3,1,5,1,3,1,1,1,3,5,5,5,3,1,3,1,1
gr,55f9bfc57df9d,grey,1,1,3,1,1,1,1,1,3,3,3,1,1,1,1,1,1,1,5,1
gr,55f9bfc57df9d,orange,1,1,1,1,1,3,1,2,1,2,1,3,1,1,2,1,1,1,1,1
gr,55f9bfc57df9d,pink,3,3,1,2,1,2,1,1,1,2,1,2,4,5,4,1,2,1,1,2
gr,55f9bfc57df9d,purple,1,1,2,1,1,1,1,1,2,5,1,1,1,5,1,1,5,1,5,1
gr,55f9bfc57df9d,red,2,3,5,4,1,2,1,1,1,5,1,3,5,5,3,1,1,2,1,5
gr,55f9bfc57df9d,turquoise,4,2,1,4,1,3,1,1,1,1,1,4,4,5,3,5,1,5,1,1
gr,55f9bfc57df9d,white,1,1,1,5,1,5,1,1,1,2,1,3,2,3,1,5,1,5,1,1
gr,55f9bfc57df9d,yellow,1,1,2,1,2,1,1,2,2,5,3,1,1,1,1,1,1,1,1,5
gr,55f9c34604cb4,black,0,0,0,2,0,0,2,0,2,0,0,0,0,0,0,0,0,0,0,0
gr,55f9c34604cb4,blue,0,0,1,0,0,0,0,0,0,1,1,2,0,0,0,0,0,0,0,0
gr,55f9c34604cb4,brown,0,0,0,0,0,0,0,0,0,0,0,0,0,0,0,0,0,0,0,0
gr,55f9c34604cb4,green,4,2,0,0,1,4,0,0,0,0,0,3,4,2,4,4,0,3,0,0
gr,55f9c34604cb4,grey,0,0,0,0,4,0,0,0,4,0,0,0,0,0,0,0,0,0,3,0
gr,55f9c34604cb4,orange,2,0,0,4,0,3,0,0,0,0,0,0,2,2,2,0,2,0,0,1
gr,55f9c34604cb4,pink,0,0,0,0,0,0,0,0,0,0,0,0,3,5,2,0,0,0,0,0
gr,55f9c34604cb4,purple,0,0,0,0,0,0,0,0,0,3,0,3,0,0,0,0,0,0,0,0
gr,55f9c34604cb4,red,0,0,4,0,0,4,0,0,0,0,0,0,0,5,4,0,0,0,0,2
gr,55f9c34604cb4,turquoise,0,0,0,0,0,0,0,0,0,0,0,0,0,0,1,3,1,0,0,0
gr,55f9c34604cb4,white,5,0,5,5,5,5,5,0,5,5,5,5,5,5,5,5,5,5,5,5
gr,55f9c34604cb4,yellow,1,1,0,0,0,1,0,0,0,0,1,0,0,0,0,0,0,0,0,0
gr,55f9c5d672ed0,black,0,0,0,0,0,0,0,0,0,5,0,0,0,0,0,0,2,0,5,0
gr,55f9c5d672ed0,blue,0,0,0,2,0,0,0,0,0,0,0,0,0,0,0,0,1,5,2,0
gr,55f9c5d672ed0,brown,0,0,0,0,0,0,0,2,0,0,0,0,0,0,0,0,0,1,0,0
gr,55f9c5d672ed0,green,0,0,0,0,0,4,0,0,0,0,0,0,0,0,0,0,0,3,0,0
gr,55f9c5d672ed0,grey,0,0,0,0,3,0,0,0,0,0,0,0,0,0,0,4,0,0,2,0
gr,55f9c5d672ed0,orange,0,5,0,0,0,0,0,0,0,0,0,0,5,0,0,0,0,0,0,0
gr,55f9c5d672ed0,pink,0,0,0,0,0,5,0,0,0,0,0,0,5,0,5,0,0,0,0,0
gr,55f9c5d672ed0,purple,0,0,0,0,0,0,0,0,0,0,0,2,0,0,0,0,0,0,4,0
gr,55f9c5d672ed0,red,2,0,0,0,0,0,0,0,0,0,5,0,0,5,0,0,0,0,0,4
gr,55f9c5d672ed0,turquoise,3,0,0,0,0,0,0,0,0,0,0,0,3,0,2,0,0,5,0,0
gr,55f9c5d672ed0,white,4,0,0,0,0,0,0,0,2,0,0,0,0,0,0,5,0,0,0,0
gr,55f9c5d672ed0,yellow,0,0,0,0,0,0,0,3,0,0,0,0,0,0,0,0,0,0,0,3
gr,55f9c7549bc64,black,0,0,5,0,4,0,5,5,5,5,5,0,0,0,0,0,5,0,5,3
gr,55f9c7549bc64,blue,0,3,0,2,0,0,0,0,0,0,0,4,0,0,0,0,0,0,0,0
gr,55f9c7549bc64,brown,0,3,0,2,0,2,0,0,0,0,0,2,0,0,2,0,0,0,0,0
gr,55f9c7549bc64,green,3,3,0,2,0,3,0,0,0,0,0,3,0,0,3,0,0,0,0,0
gr,55f9c7549bc64,grey,0,0,0,3,0,0,0,0,0,0,0,0,0,0,0,0,0,0,0,0
gr,55f9c7549bc64,orange,0,2,0,2,0,2,0,0,0,0,0,0,0,0,2,0,0,0,0,0
gr,55f9c7549bc64,pink,4,4,0,3,0,4,0,0,0,0,0,0,4,4,4,0,0,4,0,0
gr,55f9c7549bc64,purple,0,0,0,0,2,0,2,2,3,2,0,0,0,0,0,0,0,0,2,0
gr,55f9c7549bc64,red,3,5,0,2,0,5,0,0,0,0,0,4,5,5,5,3,0,3,0,0
gr,55f9c7549bc64,turquoise,2,3,0,2,0,2,0,0,0,0,0,4,2,0,2,4,0,0,0,0
gr,55f9c7549bc64,white,0,0,0,3,0,0,0,0,0,0,0,3,0,0,0,0,0,0,0,0
gr,55f9c7549bc64,yellow,0,0,3,0,0,0,0,0,3,3,3,0,0,0,0,0,0,0,0,0
gr,55f9fd00ca615,black,0,0,0,0,0,0,0,0,5,0,5,0,0,0,0,0,0,0,5,4
gr,55f9fd00ca615,blue,0,0,0,0,0,2,0,0,0,0,0,0,0,0,0,5,0,0,0,0
gr,55f9fd00ca615,brown,0,0,0,0,0,0,4,3,0,0,0,0,0,0,0,0,0,0,4,0
gr,55f9fd00ca615,green,0,4,0,0,0,0,0,0,0,0,0,0,4,0,0,0,0,0,0,0
gr,55f9fd00ca615,grey,0,0,0,0,0,0,0,3,0,0,0,0,0,0,0,0,0,0,5,3
gr,55f9fd00ca615,orange,0,0,0,0,0,0,0,3,0,0,3,0,0,0,0,0,0,0,0,0
gr,55f9fd00ca615,pink,0,0,0,0,0,4,0,0,0,0,0,0,0,5,0,0,0,0,0,0
gr,55f9fd00ca615,purple,0,0,0,0,4,0,0,0,0,0,4,0,0,0,0,0,0,0,0,0
gr,55f9fd00ca615,red,0,0,5,0,0,0,0,0,2,0,0,0,0,0,0,0,0,0,0,0
gr,55f9fd00ca615,turquoise,0,0,0,0,0,0,0,0,0,0,0,0,0,0,3,0,0,4,0,0
gr,55f9fd00ca615,white,0,0,0,0,0,0,0,0,0,0,0,0,5,0,0,0,0,0,0,0
gr,55f9fd00ca615,yellow,0,3,0,0,0,0,0,0,0,0,0,0,0,0,0,0,0,0,0,3
gr,55fa6abeba105,black,0,0,5,0,0,0,0,0,0,0,5,0,0,0,0,0,0,0,0,0
gr,55fa6abeba105,blue,5,0,0,0,0,0,0,0,0,0,0,0,0,0,0,5,0,3,0,0
gr,55fa6abeba105,brown,0,0,0,0,3,0,0,0,0,0,0,0,0,0,0,0,0,0,0,0
gr,55fa6abeba105,green,0,4,0,0,0,0,0,0,0,0,0,0,3,0,0,0,0,0,0,0
gr,55fa6abeba105,grey,0,0,0,0,4,0,0,0,0,5,0,0,0,0,0,0,0,0,0,0
gr,55fa6abeba105,orange,0,0,0,0,0,0,0,3,0,0,0,0,0,0,0,0,0,0,0,0
gr,55fa6abeba105,pink,0,0,0,0,0,0,0,0,0,0,0,0,0,0,0,0,0,3,0,3
gr,55fa6abeba105,purple,0,0,0,0,0,0,0,0,0,0,0,0,0,0,0,0,4,0,0,0
gr,55fa6abeba105,red,5,0,0,0,0,0,0,0,0,0,0,0,0,5,3,3,0,0,0,0
gr,55fa6abeba105,turquoise,0,0,0,0,0,5,0,0,0,0,0,0,0,0,5,0,0,5,0,0
gr,55fa6abeba105,white,0,0,0,0,0,0,0,0,0,0,0,0,0,0,0,0,0,4,0,0
gr,55fa6abeba105,yellow,0,0,0,0,0,0,0,0,0,0,0,3,3,0,0,0,0,0,0,0
gr,55fa778d9b64a,black,0,0,0,0,0,0,0,0,0,0,0,1,0,0,0,0,0,0,3,0
gr,55fa778d9b64a,blue,0,0,0,0,0,0,0,0,0,0,0,5,0,0,3,0,0,2,0,0
gr,55fa778d9b64a,brown,0,0,0,0,0,0,0,0,0,0,0,0,0,0,0,0,0,0,0,0
gr,55fa778d9b64a,green,0,0,0,0,0,0,0,0,0,0,0,1,0,0,0,0,0,0,0,0
gr,55fa778d9b64a,grey,0,0,0,0,0,0,0,0,0,0,1,0,0,0,0,0,0,0,3,0
gr,55fa778d9b64a,orange,0,0,0,0,0,0,0,0,0,0,0,0,0,2,0,0,0,0,0,0
gr,55fa778d9b64a,pink,0,0,0,5,0,0,0,0,0,0,0,5,0,5,5,0,0,5,0,0
gr,55fa778d9b64a,purple,0,0,0,0,0,4,0,0,0,0,0,0,0,0,4,0,0,0,0,0
gr,55fa778d9b64a,red,0,5,0,0,0,0,0,0,0,0,0,5,5,0,0,0,0,0,0,0
gr,55fa778d9b64a,turquoise,0,0,0,0,0,0,0,0,0,0,0,0,0,0,4,0,0,5,0,0
gr,55fa778d9b64a,white,5,0,0,0,0,5,0,0,0,0,0,0,5,0,5,0,0,5,0,0
gr,55fa778d9b64a,yellow,0,0,0,0,0,0,0,0,0,0,3,0,0,0,0,0,0,0,0,0
gr,55fa92f490a88,black,0,0,0,0,0,0,0,0,0,0,0,0,0,0,0,0,0,0,5,0
gr,55fa92f490a88,blue,0,0,0,0,0,0,0,0,0,0,0,5,0,0,0,0,0,0,0,0
gr,55fa92f490a88,brown,0,0,0,0,0,0,0,0,0,0,0,0,0,0,0,0,0,0,0,0
gr,55fa92f490a88,green,0,0,0,0,0,0,0,0,0,0,0,5,0,0,0,0,0,0,0,0
gr,55fa92f490a88,grey,0,0,0,0,0,0,0,0,0,0,0,0,0,0,0,0,0,0,3,0
gr,55fa92f490a88,orange,0,4,0,0,0,0,0,0,0,0,0,0,0,0,0,0,0,0,0,0
gr,55fa92f490a88,pink,0,0,0,0,0,0,0,0,0,0,0,0,0,4,0,0,0,0,0,0
gr,55fa92f490a88,purple,0,0,0,0,0,0,0,0,0,0,0,0,0,0,0,0,0,0,5,0
gr,55fa92f490a88,red,0,4,0,0,0,0,0,0,0,0,0,0,0,0,4,0,0,0,0,0
gr,55fa92f490a88,turquoise,0,0,0,0,0,0,0,0,0,0,0,0,0,0,0,5,0,0,0,0
gr,55fa92f490a88,white,0,0,0,0,0,0,0,0,0,0,0,0,0,0,0,0,0,5,0,0
gr,55fa92f490a88,yellow,0,0,0,0,0,0,0,0,0,0,4,0,0,0,0,0,0,0,0,0
gr,55fac98dd5fa9,black,0,0,0,0,0,0,0,0,0,0,0,0,0,0,0,0,0,0,5,0
gr,55fac98dd5fa9,blue,0,0,0,0,0,0,0,0,0,0,0,0,0,0,0,5,0,0,0,0
gr,55fac98dd5fa9,brown,0,0,0,0,0,0,0,0,0,5,0,0,0,0,0,0,0,0,0,0
gr,55fac98dd5fa9,green,0,0,0,0,0,0,0,0,0,0,0,0,0,0,0,0,0,5,0,0
gr,55fac98dd5fa9,grey,0,0,0,0,0,0,0,0,0,0,0,0,0,0,0,0,5,0,0,0
gr,55fac98dd5fa9,orange,0,0,0,0,0,5,0,0,0,0,0,0,0,0,0,0,0,0,0,0
gr,55fac98dd5fa9,pink,0,0,0,0,0,5,0,0,0,0,0,0,0,0,0,0,0,0,0,0
gr,55fac98dd5fa9,purple,0,0,0,0,5,0,0,0,0,0,0,0,0,0,0,0,0,0,0,0
gr,55fac98dd5fa9,red,0,0,0,0,0,0,0,0,0,0,0,5,0,0,0,0,0,0,0,0
gr,55fac98dd5fa9,turquoise,0,0,0,0,0,0,0,0,0,0,0,0,0,0,5,0,0,0,0,0
gr,55fac98dd5fa9,white,0,0,0,0,0,0,0,0,0,0,0,0,0,5,0,0,0,0,0,0
gr,55fac98dd5fa9,yellow,0,0,0,0,0,0,0,0,0,0,0,0,0,0,0,5,0,0,0,0
gr,55fae0b8019e8,black,0,0,0,0,0,0,5,0,5,0,0,0,0,0,0,0,0,0,5,0
gr,55fae0b8019e8,blue,5,0,0,0,0,0,0,0,0,0,0,0,0,0,0,0,0,5,0,0
gr,55fae0b8019e8,brown,0,0,0,0,4,0,0,5,0,0,0,0,0,0,0,0,0,0,0,0
gr,55fae0b8019e8,green,4,0,0,0,0,5,0,0,0,0,0,4,0,0,5,0,0,4,0,0
gr,55fae0b8019e8,grey,0,0,0,0,0,0,3,0,0,0,0,0,0,0,0,0,0,0,4,0
gr,55fae0b8019e8,orange,0,0,0,0,0,0,0,0,0,0,0,3,0,0,0,0,0,0,0,0
gr,55fae0b8019e8,pink,0,4,0,0,0,0,0,0,0,0,0,5,0,0,4,0,0,0,0,0
gr,55fae0b8019e8,purple,0,0,0,0,0,0,0,4,0,0,0,0,0,0,0,0,0,0,3,0
gr,55fae0b8019e8,red,0,0,5,0,0,0,0,0,0,0,3,0,0,5,0,0,0,0,0,0
gr,55fae0b8019e8,turquoise,0,0,0,0,0,0,0,0,0,0,0,3,5,0,0,5,0,3,0,0
gr,55fae0b8019e8,white,0,0,0,0,0,0,0,0,0,0,0,0,3,0,4,4,0,0,0,0
gr,55fae0b8019e8,yellow,0,0,0,0,0,0,0,0,0,0,0,4,4,0,0,0,0,0,0,0
gr,55faf3aee9627,black,0,0,0,0,0,0,5,0,0,0,0,0,0,0,0,0,0,0,0,0
gr,55faf3aee9627,blue,0,0,0,0,0,0,0,0,0,0,0,0,0,0,0,4,0,0,0,0
gr,55faf3aee9627,brown,0,0,0,0,0,0,0,0,0,0,0,4,0,0,0,0,0,0,0,0
gr,55faf3aee9627,green,0,0,0,0,0,5,0,0,0,0,0,0,0,0,0,0,0,0,0,0
gr,55faf3aee9627,grey,0,0,0,0,0,0,4,0,0,0,0,0,0,0,0,0,0,0,0,0
gr,55faf3aee9627,orange,0,5,0,0,0,0,0,0,0,0,0,0,0,0,0,0,0,0,0,0
gr,55faf3aee9627,pink,0,0,0,0,0,0,0,0,0,0,0,0,3,0,0,0,0,0,0,0
gr,55faf3aee9627,purple,0,0,0,0,0,0,0,0,0,0,0,5,0,0,0,0,0,0,0,0
gr,55faf3aee9627,red,0,0,0,0,0,0,0,0,0,0,0,0,0,0,0,0,0,0,0,5
gr,55faf3aee9627,turquoise,0,0,0,0,0,0,0,0,0,0,0,4,0,0,0,0,0,0,0,0
gr,55faf3aee9627,white,0,0,0,0,0,0,0,0,5,0,0,0,0,0,0,0,0,0,0,0
gr,55faf3aee9627,yellow,0,0,0,0,0,0,0,5,0,0,0,0,0,0,0,0,0,0,0,0
gr,55fafbbabb783,black,0,0,0,0,0,0,0,0,0,0,5,0,0,0,0,0,0,0,0,0
gr,55fafbbabb783,blue,3,0,0,0,3,0,0,0,0,0,1,0,0,0,0,0,4,0,0,0
gr,55fafbbabb783,brown,0,0,0,0,0,0,0,0,0,0,0,0,0,0,0,0,0,0,0,0
gr,55fafbbabb783,green,0,0,0,0,0,0,0,3,5,0,0,2,0,0,0,0,2,0,0,0
gr,55fafbbabb783,grey,0,0,0,0,0,0,0,0,4,4,4,0,0,0,0,0,2,0,0,0
gr,55fafbbabb783,orange,0,5,0,0,0,3,3,3,0,0,0,4,0,3,3,0,0,0,0,0
gr,55fafbbabb783,pink,0,5,0,0,0,4,4,0,0,0,0,5,4,4,5,0,0,3,0,5
gr,55fafbbabb783,purple,0,0,0,0,0,0,0,0,0,0,0,0,0,0,0,0,0,0,0,0
gr,55fafbbabb783,red,0,3,5,0,0,2,3,4,0,0,0,3,0,5,3,0,3,3,0,4
gr,55fafbbabb783,turquoise,5,4,0,0,4,0,0,0,0,5,0,0,0,0,0,5,0,0,0,3
gr,55fafbbabb783,white,4,0,0,0,4,0,0,0,0,5,0,0,4,0,0,5,4,0,0,0
gr,55fafbbabb783,yellow,0,0,0,5,3,3,4,4,0,3,0,0,0,0,3,0,0,0,5,0
gr,55fb0446dd97c,black,0,0,0,0,0,5,4,4,3,5,0,0,0,0,3,3,3,3,4,4
gr,55fb0446dd97c,blue,5,4,0,0,2,3,4,3,3,3,0,5,1,4,3,0,2,0,0,0
gr,55fb0446dd97c,brown,3,4,0,0,0,5,3,2,4,0,0,3,0,2,3,5,5,3,1,2
gr,55fb0446dd97c,green,0,4,0,1,3,0,4,3,5,0,2,4,1,0,0,2,2,1,0,0
gr,55fb0446dd97c,grey,2,0,0,0,3,4,5,4,3,5,3,0,0,0,0,3,1,5,2,3
gr,55fb0446dd97c,orange,3,2,0,0,4,1,2,0,0,2,0,0,0,0,0,1,0,1,0,3
gr,55fb0446dd97c,pink,5,3,3,2,3,2,1,0,2,0,0,3,3,4,4,0,2,5,0,3
gr,55fb0446dd97c,purple,5,0,0,4,0,4,0,0,0,3,0,5,0,5,3,0,5,3,5,2
gr,55fb0446dd97c,red,0,0,4,5,1,0,3,5,0,0,3,0,3,0,0,2,0,3,0,0
gr,55fb0446dd97c,turquoise,3,5,2,1,0,1,2,0,0,0,0,4,4,4,1,3,0,0,0,2
gr,55fb0446dd97c,white,0,0,0,0,0,0,0,0,0,0,0,0,2,0,3,1,2,4,0,0
gr,55fb0446dd97c,yellow,0,0,4,0,0,0,3,4,0,4,5,0,1,0,2,2,2,2,0,1
gr,55fb12bba7dc5,black,0,0,0,0,0,0,2,0,1,0,1,0,0,0,0,0,0,0,2,0
gr,55fb12bba7dc5,blue,0,4,0,0,0,0,0,0,0,0,0,4,3,3,3,0,0,0,0,0
gr,55fb12bba7dc5,brown,0,0,0,0,0,3,0,2,0,0,0,0,0,0,0,0,0,0,0,0
gr,55fb12bba7dc5,green,0,0,0,0,0,0,0,0,0,0,0,0,0,0,0,0,0,0,0,0
gr,55fb12bba7dc5,grey,0,0,0,2,0,0,4,0,1,0,0,0,0,0,0,0,0,0,3,0
gr,55fb12bba7dc5,orange,0,0,0,0,0,0,0,0,0,0,0,0,0,0,0,0,0,0,0,0
gr,55fb12bba7dc5,pink,1,5,0,0,0,2,0,0,0,5,0,0,5,3,3,0,0,3,0,0
gr,55fb12bba7dc5,purple,0,0,0,0,0,0,0,0,0,0,0,3,0,3,3,0,0,0,0,0
gr,55fb12bba7dc5,red,0,0,0,0,0,0,0,0,3,1,2,0,0,0,0,0,0,0,0,0
gr,55fb12bba7dc5,turquoise,0,5,0,0,0,0,0,0,0,0,0,5,5,5,5,0,0,0,0,0
gr,55fb12bba7dc5,white,0,0,0,0,0,5,0,0,0,0,0,5,5,5,0,0,0,0,0,0
gr,55fb12bba7dc5,yellow,0,0,0,0,0,0,0,0,0,0,0,0,3,0,0,0,0,3,0,0
gr,55fb1542931cb,black,0,0,0,0,0,0,0,0,4,0,0,0,0,0,0,0,0,0,5,0
gr,55fb1542931cb,blue,0,0,0,0,0,5,0,0,0,0,0,0,0,0,0,0,0,0,0,0
gr,55fb1542931cb,brown,0,0,0,0,0,0,0,4,0,0,0,0,0,0,0,0,0,0,0,0
gr,55fb1542931cb,green,5,0,0,0,0,0,0,0,0,0,0,0,0,0,0,0,0,0,0,0
gr,55fb1542931cb,grey,0,0,4,0,0,0,0,0,0,0,0,0,0,0,0,0,0,0,0,0
gr,55fb1542931cb,orange,0,0,0,5,0,0,0,0,0,0,0,0,0,0,0,0,0,0,0,0
gr,55fb1542931cb,pink,0,5,0,0,0,0,0,0,0,0,0,0,0,0,0,0,0,0,0,0
gr,55fb1542931cb,purple,0,0,0,0,0,0,0,0,0,0,0,0,0,0,0,4,0,0,0,0
gr,55fb1542931cb,red,0,0,0,0,0,0,0,0,0,0,0,0,0,0,5,0,0,0,0,0
gr,55fb1542931cb,turquoise,0,0,0,0,0,0,0,0,0,0,0,0,0,0,0,0,0,5,0,0
gr,55fb1542931cb,white,0,0,0,0,0,0,0,0,0,0,0,0,5,0,0,0,0,0,0,0
gr,55fb1542931cb,yellow,0,0,0,0,0,0,0,0,0,0,0,4,0,0,0,0,0,0,0,0
gr,55fb1b30cf00c,black,0,0,0,0,0,0,0,0,0,0,0,0,0,0,0,0,0,0,5,0
gr,55fb1b30cf00c,blue,0,0,0,0,0,0,0,0,0,0,0,0,0,0,0,0,0,0,0,0
gr,55fb1b30cf00c,brown,0,0,0,0,4,0,0,0,0,0,0,0,0,0,0,4,0,0,0,0
gr,55fb1b30cf00c,green,0,0,0,0,0,0,0,3,0,0,0,0,0,0,0,0,0,0,0,0
gr,55fb1b30cf00c,grey,0,0,0,0,0,0,0,0,0,4,0,0,0,0,0,0,0,0,0,0
gr,55fb1b30cf00c,orange,0,0,0,0,0,5,0,0,0,0,0,0,0,0,5,0,0,0,0,0
gr,55fb1b30cf00c,pink,0,0,0,0,0,0,0,0,0,0,0,0,5,0,0,0,0,0,0,0
gr,55fb1b30cf00c,purple,0,0,5,0,0,0,0,0,3,0,0,0,0,0,0,0,0,0,0,0
gr,55fb1b30cf00c,red,0,0,0,0,0,0,0,0,0,0,0,5,0,5,5,0,0,0,0,0
gr,55fb1b30cf00c,turquoise,4,0,0,0,0,0,0,0,0,0,0,0,0,0,0,0,0,0,3,0
gr,55fb1b30cf00c,white,5,0,0,0,0,0,0,0,0,0,0,0,0,0,0,0,5,5,0,0
gr,55fb1b30cf00c,yellow,0,0,0,0,0,0,0,0,0,0,3,0,0,0,0,0,0,0,0,0
gr,55fbb34bae3cd,black,0,0,4,0,4,0,4,4,4,2,5,0,0,0,0,0,0,0,4,4
gr,55fbb34bae3cd,blue,0,0,0,0,0,4,0,0,0,0,0,0,0,0,0,0,0,4,0,0
gr,55fbb34bae3cd,brown,4,0,0,0,0,0,0,0,0,0,0,4,0,0,0,0,0,0,0,0
gr,55fbb34bae3cd,green,0,4,0,0,0,0,0,0,0,0,0,0,3,0,0,0,0,3,0,0
gr,55fbb34bae3cd,grey,0,0,4,0,0,0,4,0,0,0,0,0,0,0,0,0,0,0,0,4
gr,55fbb34bae3cd,orange,4,0,0,0,0,3,0,0,0,0,0,4,3,0,3,0,0,0,0,0
gr,55fbb34bae3cd,pink,0,0,0,4,0,4,0,0,0,0,0,0,4,4,0,0,0,4,0,0
gr,55fbb34bae3cd,purple,0,0,0,0,4,0,4,0,0,0,3,0,0,0,0,0,0,0,0,0
gr,55fbb34bae3cd,red,0,0,0,0,0,0,0,0,0,0,4,0,4,5,0,0,0,0,0,0
gr,55fbb34bae3cd,turquoise,0,0,0,4,0,0,0,0,0,0,0,0,3,0,0,0,4,0,0,0
gr,55fbb34bae3cd,white,0,0,0,0,0,0,0,0,0,0,0,0,4,2,0,0,0,0,0,0
gr,55fbb34bae3cd,yellow,0,0,0,0,0,4,0,0,0,0,0,0,4,0,4,0,0,0,0,0
gr,55fbd0c63dcb0,black,0,0,4,0,0,0,0,0,5,5,4,0,0,0,0,0,0,0,5,0
gr,55fbd0c63dcb0,blue,3,0,0,0,0,4,0,0,0,0,0,0,5,4,5,0,0,2,0,0
gr,55fbd0c63dcb0,brown,0,0,0,0,0,0,0,0,0,0,0,0,0,0,0,0,0,0,0,0
gr,55fbd0c63dcb0,green,0,0,0,0,0,4,0,0,0,0,0,5,4,0,5,0,0,0,0,0
gr,55fbd0c63dcb0,grey,0,0,0,0,0,0,0,0,0,0,0,5,0,0,0,0,0,0,0,0
gr,55fbd0c63dcb0,orange,0,0,0,0,0,0,0,0,0,0,0,0,5,0,0,0,0,0,0,0
gr,55fbd0c63dcb0,pink,0,0,0,0,0,4,0,0,0,0,0,0,5,0,5,0,0,0,0,0
gr,55fbd0c63dcb0,purple,0,0,0,0,0,0,0,0,0,0,0,0,0,0,0,0,0,0,5,0
gr,55fbd0c63dcb0,red,0,0,5,0,0,0,0,0,3,4,5,0,0,0,0,0,0,0,0,0
gr,55fbd0c63dcb0,turquoise,0,4,0,0,0,4,0,0,0,0,0,3,3,0,4,0,0,3,0,0
gr,55fbd0c63dcb0,white,3,0,0,2,0,3,0,0,0,2,0,5,4,3,3,0,0,5,0,0
gr,55fbd0c63dcb0,yellow,0,0,0,0,0,0,3,4,0,0,0,5,0,0,0,0,0,0,0,5
gr,55fbe0aa3c3d5,black,0,0,0,0,0,0,0,0,0,0,0,0,0,0,0,0,0,0,5,0
gr,55fbe0aa3c3d5,blue,0,0,0,0,0,0,0,0,0,0,0,0,0,0,5,0,0,0,0,0
gr,55fbe0aa3c3d5,brown,0,0,0,0,0,0,0,5,0,0,0,0,0,0,0,0,0,0,0,0
gr,55fbe0aa3c3d5,green,0,0,0,0,0,0,0,0,0,0,0,0,0,0,0,0,0,0,0,0
gr,55fbe0aa3c3d5,grey,0,0,0,0,0,0,0,0,0,0,0,5,0,0,0,0,0,0,0,0
gr,55fbe0aa3c3d5,orange,0,0,0,0,0,0,0,0,0,0,0,0,0,0,0,4,0,0,0,0
gr,55fbe0aa3c3d5,pink,0,0,0,0,0,0,0,0,0,0,0,0,0,4,0,0,0,0,0,0
gr,55fbe0aa3c3d5,purple,0,0,0,0,0,0,0,0,0,0,0,0,0,0,0,0,0,4,0,0
gr,55fbe0aa3c3d5,red,0,0,0,0,0,0,0,0,0,0,0,0,0,0,0,0,0,0,0,0
gr,55fbe0aa3c3d5,turquoise,0,0,0,0,0,0,0,0,0,0,0,0,0,0,0,0,0,5,0,0
gr,55fbe0aa3c3d5,white,0,0,0,0,0,0,0,0,0,0,0,0,0,0,0,0,0,0,0,0
gr,55fbe0aa3c3d5,yellow,0,0,0,0,0,0,0,0,0,0,4,0,0,0,0,0,0,0,0,0
gr,55fbee3414c8c,black,0,0,5,0,0,0,0,0,0,0,5,0,0,0,0,0,0,0,0,0
gr,55fbee3414c8c,blue,0,0,0,0,0,0,0,0,0,0,0,0,0,0,0,5,0,0,0,0
gr,55fbee3414c8c,brown,0,0,0,0,0,0,0,0,0,0,0,0,0,0,0,0,4,0,0,0
gr,55fbee3414c8c,green,0,0,0,0,5,0,0,0,0,0,0,0,0,0,0,0,0,0,0,0
gr,55fbee3414c8c,grey,0,0,0,0,0,0,0,5,0,0,0,0,0,0,0,0,0,0,0,0
gr,55fbee3414c8c,orange,0,5,0,0,0,0,0,0,0,0,0,0,5,0,0,0,0,0,0,0
gr,55fbee3414c8c,pink,0,0,0,0,0,0,0,0,0,0,0,0,0,5,0,0,0,0,0,0
gr,55fbee3414c8c,purple,3,0,0,0,0,0,0,0,0,0,0,0,0,3,0,0,0,0,0,0
gr,55fbee3414c8c,red,5,0,0,0,0,0,0,0,0,0,0,0,5,5,5,0,0,0,0,0
gr,55fbee3414c8c,turquoise,0,0,0,0,0,0,0,0,0,0,0,0,0,0,3,0,0,0,0,0
gr,55fbee3414c8c,white,0,0,0,5,0,0,0,0,0,0,0,5,0,0,0,0,0,0,0,0
gr,55fbee3414c8c,yellow,0,0,3,0,4,0,0,0,0,0,3,0,0,0,0,0,0,0,0,0
gr,55fbf2fdaa594,black,2,1,4,5,1,1,3,1,3,3,3,4,1,2,1,1,4,2,5,1
gr,55fbf2fdaa594,blue,5,5,2,5,2,5,1,1,1,1,1,5,5,4,5,4,3,5,1,1
gr,55fbf2fdaa594,brown,2,2,4,2,3,3,2,1,2,3,1,5,2,1,3,2,2,3,2,1
gr,55fbf2fdaa594,green,5,5,1,3,1,4,1,1,1,1,1,5,5,4,5,4,1,4,1,1
gr,55fbf2fdaa594,grey,3,3,4,3,4,2,2,1,2,4,3,5,2,1,2,4,4,2,4,1
gr,55fbf2fdaa594,orange,2,4,1,1,3,4,1,3,1,2,1,2,4,2,4,4,1,2,1,1
gr,55fbf2fdaa594,pink,1,2,3,1,4,2,1,4,1,1,1,1,3,5,3,4,1,2,2,3
gr,55fbf2fdaa594,purple,2,1,4,3,3,1,4,1,4,2,4,2,1,3,2,3,3,1,5,2
gr,55fbf2fdaa594,red,4,4,4,2,5,4,4,3,1,5,3,4,5,5,4,5,1,2,2,4
gr,55fbf2fdaa594,turquoise,5,5,1,2,1,5,1,1,1,2,1,5,5,4,5,4,2,5,1,1
gr,55fbf2fdaa594,white,5,5,1,5,1,5,1,1,1,1,1,5,5,5,5,5,4,5,1,3
gr,55fbf2fdaa594,yellow,2,4,5,1,4,3,4,5,1,5,5,4,3,1,3,5,2,4,5,1
gr,55fd3bd91911d,black,0,0,0,0,0,0,0,0,4,0,4,0,0,0,0,0,0,0,4,0
gr,55fd3bd91911d,blue,0,0,0,0,0,0,0,0,0,0,0,0,0,0,0,0,0,0,0,0
gr,55fd3bd91911d,brown,0,0,0,0,0,0,0,4,0,0,0,0,0,0,0,0,0,0,0,0
gr,55fd3bd91911d,green,0,0,0,0,0,0,0,0,0,0,0,0,3,0,0,0,0,1,0,0
gr,55fd3bd91911d,grey,0,0,4,0,0,0,0,0,0,0,4,0,0,0,0,0,0,0,0,0
gr,55fd3bd91911d,orange,0,0,0,0,0,0,0,0,0,0,0,4,0,0,0,0,0,0,0,0
gr,55fd3bd91911d,pink,0,0,0,0,0,0,0,0,0,0,0,0,0,0,0,0,0,0,0,0
gr,55fd3bd91911d,purple,0,0,0,0,0,0,0,0,0,0,0,0,0,0,0,0,0,0,3,0
gr,55fd3bd91911d,red,0,0,0,0,0,0,0,0,0,0,0,0,0,4,0,0,0,0,0,0
gr,55fd3bd91911d,turquoise,0,0,0,0,0,3,0,0,0,0,0,0,0,0,0,0,0,0,0,0
gr,55fd3bd91911d,white,0,0,0,0,0,0,0,0,0,0,0,0,0,0,0,0,0,3,0,0
gr,55fd3bd91911d,yellow,0,0,0,0,0,0,0,5,0,0,0,0,0,0,0,0,0,0,0,0
gr,55fd61c2ca7e6,black,1,1,3,1,2,1,2,2,2,3,2,1,1,1,1,1,2,1,3,2
gr,55fd61c2ca7e6,blue,3,3,2,3,2,3,2,2,3,2,2,3,3,3,3,3,2,3,2,2
gr,55fd61c2ca7e6,brown,1,1,1,1,1,1,1,1,1,1,1,1,1,1,1,1,1,1,1,1
gr,55fd61c2ca7e6,green,4,4,1,3,2,4,1,1,1,1,1,4,4,4,4,4,1,3,1,1
gr,55fd61c2ca7e6,grey,1,1,1,1,1,1,1,1,1,2,1,1,1,1,1,1,1,1,2,1
gr,55fd61c2ca7e6,orange,3,4,1,3,1,3,1,1,1,1,1,4,3,3,3,3,1,3,1,1
gr,55fd61c2ca7e6,pink,1,1,1,1,1,1,1,1,1,1,1,1,1,1,1,1,1,1,1,1
gr,55fd61c2ca7e6,purple,2,1,2,3,2,1,3,2,3,3,2,1,1,1,1,1,5,2,3,3
gr,55fd61c2ca7e6,red,2,4,3,2,2,2,2,2,2,2,2,4,3,3,2,3,2,1,2,3
gr,55fd61c2ca7e6,turquoise,4,5,1,3,1,4,1,1,1,1,1,2,4,3,4,4,1,3,1,1
gr,55fd61c2ca7e6,white,1,1,1,1,1,1,1,1,1,1,1,1,2,1,1,2,1,1,1,1
gr,55fd61c2ca7e6,yellow,4,4,3,3,2,4,2,2,2,2,2,4,5,3,4,4,2,3,2,2
gr,55fe9ad205189,black,0,0,0,0,0,0,4,0,0,5,0,0,0,0,0,0,0,0,5,0
gr,55fe9ad205189,blue,0,0,0,0,0,0,0,0,0,0,0,0,0,0,0,0,0,0,0,4
gr,55fe9ad205189,brown,0,0,0,0,0,0,0,0,0,0,0,0,0,0,0,0,0,0,0,0
gr,55fe9ad205189,green,0,0,0,0,0,0,0,0,0,0,0,0,0,0,4,0,0,0,0,0
gr,55fe9ad205189,grey,0,0,4,0,0,0,0,0,0,0,0,0,0,0,0,0,0,0,0,0
gr,55fe9ad205189,orange,0,0,0,0,0,0,0,0,0,0,0,3,0,0,0,0,0,0,0,0
gr,55fe9ad205189,pink,0,0,0,3,0,0,0,0,0,0,0,0,0,0,0,0,0,0,0,0
gr,55fe9ad205189,purple,0,0,0,0,0,0,0,0,0,0,0,0,0,1,2,0,0,0,0,0
gr,55fe9ad205189,red,0,0,0,0,0,0,0,0,0,0,0,4,0,0,0,0,0,0,0,0
gr,55fe9ad205189,turquoise,0,0,0,0,0,0,0,0,3,0,0,0,0,0,0,0,0,3,0,0
gr,55fe9ad205189,white,0,0,0,0,0,0,0,0,0,0,0,0,5,0,0,0,0,5,0,0
gr,55fe9ad205189,yellow,0,0,0,0,0,0,0,0,0,0,0,0,0,0,0,0,0,0,0,0
gr,55ffdfde15b53,black,0,0,0,0,4,0,0,0,3,0,0,0,0,0,0,0,0,0,0,0
gr,55ffdfde15b53,blue,0,5,0,0,0,0,0,0,0,0,0,0,0,0,0,5,0,0,0,0
gr,55ffdfde15b53,brown,0,0,0,0,0,0,0,0,0,5,0,0,0,0,0,0,4,0,0,5
gr,55ffdfde15b53,green,0,0,0,0,0,0,0,0,0,0,0,5,3,0,2,0,0,0,0,0
gr,55ffdfde15b53,grey,0,0,0,0,0,0,3,0,0,0,0,0,0,0,0,0,0,0,4,0
gr,55ffdfde15b53,orange,4,4,0,4,0,0,0,0,0,0,0,0,0,0,0,0,0,4,0,0
gr,55ffdfde15b53,pink,0,0,0,0,0,0,0,0,0,0,0,0,0,0,0,0,0,0,0,0
gr,55ffdfde15b53,purple,4,0,0,0,0,0,0,0,0,0,0,0,0,0,0,0,0,0,0,0
gr,55ffdfde15b53,red,4,0,0,0,0,0,0,0,0,0,0,0,5,5,4,5,0,0,0,0
gr,55ffdfde15b53,turquoise,0,0,0,0,0,0,0,0,0,0,0,0,5,0,0,0,0,0,0,0
gr,55ffdfde15b53,white,0,0,0,0,0,5,0,0,0,0,0,0,0,0,5,0,0,0,0,0
gr,55ffdfde15b53,yellow,0,0,0,0,0,0,0,0,0,0,0,0,2,0,0,0,0,0,0,0
gr,56001af3bb2ee,black,0,0,0,0,0,0,0,0,5,5,0,0,0,0,0,0,0,0,5,0
gr,56001af3bb2ee,blue,0,0,0,0,0,0,0,0,0,0,0,0,0,0,0,0,0,4,0,0
gr,56001af3bb2ee,brown,0,0,0,0,0,0,0,4,0,0,0,0,0,0,0,0,0,0,0,0
gr,56001af3bb2ee,green,0,4,0,0,0,0,0,0,0,0,0,4,0,0,4,0,4,0,0,0
gr,56001af3bb2ee,grey,0,0,0,0,0,0,4,0,0,0,0,0,0,0,0,0,0,0,0,0
gr,56001af3bb2ee,orange,0,0,0,0,0,0,0,0,0,0,0,0,0,0,0,0,0,0,0,0
gr,56001af3bb2ee,pink,0,0,0,0,0,3,0,0,0,0,0,1,1,5,3,0,0,0,0,3
gr,56001af3bb2ee,purple,0,0,0,0,0,0,0,0,0,0,3,0,0,0,0,0,0,0,0,0
gr,56001af3bb2ee,red,0,5,0,0,0,0,0,0,0,0,0,5,5,5,5,0,0,0,0,5
gr,56001af3bb2ee,turquoise,0,5,0,0,0,0,0,0,0,0,0,0,5,3,5,0,0,5,0,0
gr,56001af3bb2ee,white,0,0,0,0,0,2,0,0,0,0,0,0,0,1,2,0,5,5,0,0
gr,56001af3bb2ee,yellow,0,0,5,0,5,0,0,0,0,0,5,0,0,0,0,5,0,0,0,0
gr,56007742cdb03,black,0,0,0,0,0,0,0,0,5,5,0,0,0,0,0,0,4,0,0,0
gr,56007742cdb03,blue,0,0,0,0,0,3,0,0,0,0,0,4,0,0,0,0,0,3,0,0
gr,56007742cdb03,brown,0,0,0,3,0,0,0,4,0,0,0,0,0,0,0,0,0,0,0,0
gr,56007742cdb03,green,0,0,0,0,0,4,0,3,0,0,0,0,5,0,0,0,0,0,0,0
gr,56007742cdb03,grey,0,0,0,0,5,0,5,0,0,0,0,0,0,0,0,0,0,0,0,0
gr,56007742cdb03,orange,0,5,0,0,0,5,0,0,0,0,0,5,5,0,5,0,0,0,0,0
gr,56007742cdb03,pink,0,0,0,0,0,0,0,0,0,0,0,4,4,0,5,3,0,0,0,0
gr,56007742cdb03,purple,0,0,0,0,0,0,0,0,0,0,0,0,0,0,0,0,0,0,4,4
gr,56007742cdb03,red,0,0,0,0,0,5,0,0,4,0,0,0,0,5,5,0,0,0,0,0
gr,56007742cdb03,turquoise,0,0,0,0,0,4,0,0,0,0,0,0,4,0,0,0,0,3,0,0
gr,56007742cdb03,white,5,0,0,0,0,0,0,0,0,0,0,0,5,5,0,0,0,5,0,0
gr,56007742cdb03,yellow,0,5,0,0,0,5,0,0,0,0,0,0,0,0,0,0,0,0,0,0
gr,5601124cc7fd4,black,0,0,0,0,0,0,0,0,0,0,0,0,0,0,0,0,0,0,5,0
gr,5601124cc7fd4,blue,0,4,3,0,0,0,0,0,0,0,0,3,0,0,0,0,0,0,0,0
gr,5601124cc7fd4,brown,0,0,0,0,0,0,0,0,0,0,0,0,0,0,0,0,0,0,0,0
gr,5601124cc7fd4,green,0,0,0,0,0,0,0,0,0,0,0,0,0,0,4,0,0,0,0,0
gr,5601124cc7fd4,grey,0,0,0,0,0,0,0,0,0,0,0,0,0,0,0,0,0,0,4,0
gr,5601124cc7fd4,orange,0,0,0,0,0,0,0,0,0,0,0,0,4,0,0,0,0,0,0,0
gr,5601124cc7fd4,pink,0,4,0,0,0,0,0,0,0,0,0,0,4,4,4,0,0,0,0,0
gr,5601124cc7fd4,purple,0,0,0,0,0,0,0,0,0,0,0,0,0,0,0,0,0,0,5,0
gr,5601124cc7fd4,red,0,0,0,0,0,4,0,0,0,0,0,0,4,5,5,0,0,0,0,0
gr,5601124cc7fd4,turquoise,0,0,0,0,0,0,0,0,0,0,0,3,3,0,0,0,0,3,0,0
gr,5601124cc7fd4,white,0,0,0,0,0,0,0,0,0,0,0,0,0,0,0,0,0,4,0,0
gr,5601124cc7fd4,yellow,0,0,0,0,0,0,0,0,0,0,4,0,0,0,0,0,0,0,0,4
gr,56011bb32a94a,black,0,0,0,0,0,0,0,0,0,0,0,0,0,0,0,0,0,0,4,0
gr,56011bb32a94a,blue,0,0,0,0,4,0,0,0,0,0,0,0,0,0,0,0,0,0,0,0
gr,56011bb32a94a,brown,0,0,0,0,0,0,0,0,0,3,0,0,0,0,0,0,0,0,0,0
gr,56011bb32a94a,green,0,0,5,0,0,0,0,0,0,0,0,0,0,0,0,0,0,0,0,0
gr,56011bb32a94a,grey,0,0,0,0,0,0,5,0,0,0,0,0,0,0,0,0,0,0,0,0
gr,56011bb32a94a,orange,3,0,0,0,0,0,0,0,0,0,0,0,0,0,0,0,0,0,0,0
gr,56011bb32a94a,pink,0,0,0,0,0,0,0,0,0,0,0,0,0,0,0,0,0,3,0,4
gr,56011bb32a94a,purple,0,0,0,0,0,0,0,0,0,0,0,0,0,0,0,4,0,0,0,0
gr,56011bb32a94a,red,0,0,0,0,0,0,0,0,0,0,0,0,0,5,0,0,0,0,0,0
gr,56011bb32a94a,turquoise,0,0,0,0,0,0,0,0,0,0,0,0,0,0,0,0,0,3,0,0
gr,56011bb32a94a,white,0,0,0,0,0,4,0,0,0,0,0,0,0,0,0,0,0,0,0,0
gr,56011bb32a94a,yellow,0,0,5,0,0,0,0,0,0,0,0,0,0,0,0,0,0,0,0,0
gr,56013cbdec90a,black,0,0,0,0,0,0,0,0,0,5,0,0,0,0,0,0,0,0,5,0
gr,56013cbdec90a,blue,0,0,0,0,0,5,3,0,0,0,0,0,0,0,0,0,0,0,0,0
gr,56013cbdec90a,brown,0,0,0,0,0,0,0,0,0,0,0,0,0,0,0,0,4,0,0,0
gr,56013cbdec90a,green,0,0,0,0,0,0,5,0,0,0,0,0,0,0,0,0,3,0,0,0
gr,56013cbdec90a,grey,0,0,5,0,0,0,0,0,4,5,0,0,0,0,0,0,0,0,0,0
gr,56013cbdec90a,orange,0,0,0,0,0,0,0,5,0,0,0,0,0,0,0,0,0,0,0,5
gr,56013cbdec90a,pink,0,0,0,0,0,0,0,0,0,0,0,0,0,5,0,0,0,0,0,4
gr,56013cbdec90a,purple,0,0,0,0,4,0,4,0,0,0,0,0,0,0,0,0,0,0,0,0
gr,56013cbdec90a,red,5,0,0,0,0,0,0,0,0,0,0,0,0,5,0,0,0,0,0,0
gr,56013cbdec90a,turquoise,0,0,0,0,0,0,0,0,0,0,0,5,5,0,0,0,0,0,0,0
gr,56013cbdec90a,white,0,0,0,0,0,0,0,0,0,0,0,0,5,5,0,0,0,0,0,0
gr,56013cbdec90a,yellow,0,0,0,0,0,0,0,0,0,0,5,0,0,0,0,0,0,4,0,0
gr,560141bf7b975,black,0,0,0,0,0,0,0,0,0,0,4,0,0,0,0,0,0,0,4,0
gr,560141bf7b975,blue,0,0,0,0,0,0,0,0,0,0,0,0,0,0,0,2,3,0,0,0
gr,560141bf7b975,brown,0,0,0,0,0,0,0,0,0,0,0,0,0,0,0,0,0,0,0,0
gr,560141bf7b975,green,0,0,0,0,2,0,0,2,0,0,0,3,0,0,0,0,0,0,0,0
gr,560141bf7b975,grey,0,0,0,0,0,0,4,0,0,2,2,0,0,0,0,0,0,0,2,0
gr,560141bf7b975,orange,0,4,0,0,0,0,0,0,0,0,0,0,0,0,4,0,0,0,0,0
gr,560141bf7b975,pink,0,2,0,0,0,2,0,0,0,0,0,0,0,3,2,0,0,0,0,0
gr,560141bf7b975,purple,0,0,0,0,4,0,3,3,0,0,0,0,0,0,0,0,0,0,1,0
gr,560141bf7b975,red,0,4,4,0,0,0,0,0,0,0,0,2,4,3,3,0,0,0,0,0
gr,560141bf7b975,turquoise,2,0,0,2,0,0,0,0,0,0,0,0,0,0,0,1,0,0,0,0
gr,560141bf7b975,white,2,0,0,0,0,0,0,0,0,0,0,0,0,5,0,0,0,0,0,0
gr,560141bf7b975,yellow,0,5,0,0,0,0,0,0,0,0,0,0,5,0,0,0,0,0,0,0
gr,56014a184d086,black,0,0,0,0,0,0,0,0,0,0,0,3,0,0,0,0,0,0,0,0
gr,56014a184d086,blue,3,0,0,0,0,0,0,0,0,0,0,4,0,0,0,0,0,0,0,0
gr,56014a184d086,brown,0,0,0,0,0,0,0,0,0,0,0,3,0,0,0,0,0,0,0,0
gr,56014a184d086,green,0,4,0,0,0,0,0,0,0,0,0,4,4,0,4,0,0,0,0,0
gr,56014a184d086,grey,0,0,0,0,3,0,0,0,0,0,0,0,0,0,0,0,0,0,0,0
gr,56014a184d086,orange,0,0,0,0,0,0,0,0,0,0,0,5,0,0,0,0,0,0,0,0
gr,56014a184d086,pink,2,3,0,0,0,0,0,0,0,0,0,0,4,3,4,0,0,0,0,0
gr,56014a184d086,purple,0,0,0,0,0,0,0,0,0,0,0,0,0,0,0,0,0,0,3,0
gr,56014a184d086,red,0,3,4,0,0,4,0,0,0,0,0,0,0,4,0,0,0,0,0,0
gr,56014a184d086,turquoise,0,0,0,0,0,0,0,0,0,0,0,0,0,0,0,0,0,0,2,0
gr,56014a184d086,white,4,0,0,0,0,0,0,0,0,0,0,0,4,0,0,4,0,0,0,0
gr,56014a184d086,yellow,0,0,0,0,0,0,0,4,0,0,0,0,0,0,0,0,0,0,0,0
gr,560164d876039,black,0,0,4,0,3,0,5,0,5,0,3,0,0,0,0,0,4,0,5,0
gr,560164d876039,blue,0,0,0,0,1,0,3,0,1,0,0,0,0,0,0,0,0,2,3,0
gr,560164d876039,brown,0,0,0,0,0,0,1,1,0,0,0,0,0,0,1,0,0,0,0,0
gr,560164d876039,green,0,4,0,3,0,3,0,1,0,0,0,4,3,1,3,0,0,3,0,0
gr,560164d876039,grey,0,0,0,0,5,0,3,0,3,0,0,0,0,0,0,0,3,0,3,3
gr,560164d876039,orange,5,5,0,0,0,3,0,0,0,0,0,5,5,0,5,0,0,0,0,0
gr,560164d876039,pink,0,4,0,2,0,0,0,0,0,0,0,3,4,4,4,0,0,3,0,0
gr,560164d876039,purple,0,0,0,0,0,0,4,0,2,0,0,0,0,0,1,0,2,1,4,0
gr,560164d876039,red,4,5,5,0,0,0,0,0,0,0,0,5,4,2,4,3,0,0,0,0
gr,560164d876039,turquoise,2,0,0,3,0,0,0,0,0,0,0,3,2,0,2,0,1,2,1,0
gr,560164d876039,white,0,0,0,0,0,0,0,0,0,0,0,0,0,0,0,0,2,5,1,0
gr,560164d876039,yellow,0,4,1,0,0,0,0,0,2,0,0,4,4,0,4,0,0,0,0,0
gr,5601a4b7b83b7,black,0,0,0,0,0,0,4,0,2,3,0,0,0,0,0,5,0,0,0,0
gr,5601a4b7b83b7,blue,4,0,0,0,0,0,0,0,0,0,0,0,0,0,0,0,0,0,0,0
gr,5601a4b7b83b7,brown,0,0,0,0,0,0,0,4,0,0,0,0,0,0,0,0,0,0,0,0
gr,5601a4b7b83b7,green,0,0,0,0,5,0,0,0,0,0,0,0,0,0,0,0,0,0,0,0
gr,5601a4b7b83b7,grey,0,0,3,0,0,0,5,0,0,0,0,0,0,0,0,0,0,0,4,0
gr,5601a4b7b83b7,orange,0,0,0,0,0,0,0,0,0,0,0,0,0,0,0,4,0,0,0,0
gr,5601a4b7b83b7,pink,0,0,0,0,0,0,0,0,0,0,0,0,0,3,0,0,0,0,0,0
gr,5601a4b7b83b7,purple,0,0,0,0,0,0,0,0,0,0,0,0,0,0,0,0,0,0,0,0
gr,5601a4b7b83b7,red,0,0,0,0,0,0,0,0,0,0,3,4,0,0,0,0,0,0,0,5
gr,5601a4b7b83b7,turquoise,5,0,0,0,0,5,0,0,0,0,0,4,0,0,0,0,0,0,0,0
gr,5601a4b7b83b7,white,0,0,0,0,0,0,0,0,0,0,0,0,5,5,0,0,3,0,0,0
gr,5601a4b7b83b7,yellow,0,0,0,0,0,0,0,0,0,0,4,0,0,0,0,0,0,0,0,0
gr,5602e94a7b0b5,black,0,0,0,0,0,0,0,0,3,0,3,0,0,0,0,0,0,0,5,0
gr,5602e94a7b0b5,blue,0,0,0,0,0,0,0,0,0,0,0,0,0,0,0,0,0,5,0,0
gr,5602e94a7b0b5,brown,0,0,0,0,0,0,0,0,0,0,0,0,0,0,0,0,0,0,0,0
gr,5602e94a7b0b5,green,0,0,0,0,0,0,0,0,0,0,0,0,0,0,4,0,0,0,0,0
gr,5602e94a7b0b5,grey,0,0,0,0,3,0,5,0,0,0,0,0,0,0,0,0,0,0,0,0
gr,5602e94a7b0b5,orange,0,0,0,0,0,0,0,0,0,0,0,0,0,0,0,0,0,0,0,0
gr,5602e94a7b0b5,pink,0,0,0,0,0,0,0,0,0,0,0,0,0,3,0,0,0,0,0,0
gr,5602e94a7b0b5,purple,0,0,0,0,0,0,0,0,0,0,0,0,0,0,0,4,0,0,0,0
gr,5602e94a7b0b5,red,0,0,0,0,0,0,0,0,0,0,0,0,0,5,0,5,0,0,0,0
gr,5602e94a7b0b5,turquoise,0,0,0,0,0,0,0,0,0,0,0,0,0,0,0,0,0,5,0,0
gr,5602e94a7b0b5,white,0,0,0,0,0,0,0,0,5,0,0,0,0,0,0,0,0,0,0,0
gr,5602e94a7b0b5,yellow,0,0,4,0,0,0,0,0,3,0,0,0,0,0,0,0,0,0,0,0
gr,560314f10fe3f,black,0,0,0,0,0,0,0,0,0,0,0,0,0,0,0,0,0,0,5,0
gr,560314f10fe3f,blue,0,0,0,0,0,0,0,0,0,0,0,0,0,0,0,3,0,0,0,0
gr,560314f10fe3f,brown,0,0,0,0,0,0,0,0,0,0,0,0,0,0,0,0,0,0,5,0
gr,560314f10fe3f,green,0,0,0,0,0,0,0,0,0,0,0,0,0,0,4,0,0,0,0,0
gr,560314f10fe3f,grey,0,0,0,0,0,0,0,0,3,0,0,0,0,0,0,0,0,0,4,0
gr,560314f10fe3f,orange,0,0,0,0,0,4,0,0,0,0,0,0,4,0,0,0,0,0,0,0
gr,560314f10fe3f,pink,0,4,0,0,0,0,0,0,0,0,0,0,5,5,0,0,0,0,0,0
gr,560314f10fe3f,purple,0,0,0,0,0,0,0,0,0,0,0,0,0,0,2,0,0,0,3,0
gr,560314f10fe3f,red,4,0,0,0,0,0,0,0,0,0,0,4,0,0,0,0,0,0,0,0
gr,560314f10fe3f,turquoise,5,0,0,0,0,0,0,0,0,0,0,0,5,0,4,0,0,0,0,0
gr,560314f10fe3f,white,0,0,0,0,0,0,0,0,0,0,0,0,0,0,4,0,0,5,0,0
gr,560314f10fe3f,yellow,0,0,0,0,0,0,0,0,0,0,0,4,5,0,0,4,0,0,0,0
gr,560317f512011,black,0,0,5,0,5,0,5,5,0,3,5,0,0,0,0,0,0,0,5,3
gr,560317f512011,blue,0,0,0,0,0,4,0,0,0,0,0,4,0,0,0,5,0,4,0,0
gr,560317f512011,brown,0,0,0,0,3,0,0,0,0,0,0,0,0,0,0,0,0,0,0,0
gr,560317f512011,green,3,3,0,0,0,5,0,0,0,0,0,5,0,0,4,0,0,5,0,0
gr,560317f512011,grey,0,0,4,0,3,0,4,0,0,3,4,0,0,0,0,0,0,0,4,3
gr,560317f512011,orange,5,5,0,0,0,5,0,0,0,0,0,3,5,3,4,0,0,4,0,0
gr,560317f512011,pink,4,0,0,0,0,4,0,0,0,0,0,0,4,4,4,0,0,4,0,0
gr,560317f512011,purple,4,0,0,4,0,0,0,0,0,0,0,5,0,0,0,0,1,0,0,0
gr,560317f512011,red,4,0,4,0,0,0,0,0,0,0,0,0,4,5,0,0,0,0,0,0
gr,560317f512011,turquoise,0,0,0,0,0,4,0,0,0,0,0,4,0,0,5,0,0,5,0,0
gr,560317f512011,white,0,0,0,0,0,4,0,0,0,0,0,0,0,0,0,0,3,3,0,0
gr,560317f512011,yellow,0,5,0,0,0,4,0,0,0,0,0,4,5,0,5,0,0,0,0,0
gr,560319c082a7f,black,0,0,0,0,0,0,3,0,0,3,0,0,0,0,0,3,0,0,4,0
gr,560319c082a7f,blue,0,0,0,0,0,0,0,0,0,0,0,0,0,0,0,4,0,0,0,0
gr,560319c082a7f,brown,0,0,0,0,0,0,0,0,0,0,0,0,0,0,0,0,0,0,3,0
gr,560319c082a7f,green,0,3,0,0,0,0,0,3,0,0,0,2,3,0,0,0,0,0,0,0
gr,560319c082a7f,grey,0,0,0,0,0,0,3,0,3,3,0,0,0,0,0,0,0,0,5,0
gr,560319c082a7f,orange,0,0,0,0,3,0,0,3,0,0,4,0,0,0,0,0,0,0,0,0
gr,560319c082a7f,pink,0,0,0,0,0,4,0,0,0,0,0,0,3,0,3,0,0,0,0,0
gr,560319c082a7f,purple,0,0,0,0,0,0,3,0,0,3,0,0,0,0,0,0,0,0,5,0
gr,560319c082a7f,red,0,0,5,0,0,0,0,0,0,2,4,0,0,5,0,0,0,0,0,2
gr,560319c082a7f,turquoise,0,0,0,0,0,0,0,0,0,0,0,0,0,0,0,0,0,0,0,0
gr,560319c082a7f,white,0,0,0,0,0,0,0,0,0,0,0,0,4,0,5,0,0,4,1,0
gr,560319c082a7f,yellow,0,0,0,0,0,0,0,0,0,0,4,0,4,0,0,0,0,0,0,0
gr,56057ebcbea14,black,0,0,5,0,5,0,5,5,5,5,5,0,0,0,0,0,5,0,5,0
gr,56057ebcbea14,blue,0,5,0,0,0,5,0,0,0,0,0,5,5,0,0,5,0,0,0,0
gr,56057ebcbea14,brown,0,0,0,0,0,0,0,0,0,0,0,0,0,0,0,0,0,0,0,0
gr,56057ebcbea14,green,0,0,0,0,0,0,0,0,0,0,0,0,0,0,5,0,0,0,0,0
gr,56057ebcbea14,grey,0,0,0,0,5,0,5,0,5,4,0,0,0,0,0,0,0,0,3,0
gr,56057ebcbea14,orange,0,5,0,0,0,0,0,0,0,0,0,0,0,0,0,5,0,0,0,0
gr,56057ebcbea14,pink,0,0,0,0,0,0,0,0,0,0,0,0,4,5,0,3,0,0,0,0
gr,56057ebcbea14,purple,0,0,0,0,0,0,0,0,0,0,0,0,0,0,0,0,5,0,4,0
gr,56057ebcbea14,red,0,5,5,0,0,5,0,0,0,0,0,0,5,5,5,0,0,0,0,5
gr,56057ebcbea14,turquoise,5,0,0,5,0,5,0,0,0,0,0,0,0,0,5,0,0,0,0,0
gr,56057ebcbea14,white,0,0,0,5,0,0,0,0,0,0,0,5,0,0,5,0,0,5,0,0
gr,56057ebcbea14,yellow,0,0,0,0,0,0,0,5,0,0,5,0,0,0,5,0,0,0,0,0
gr,560580d924b7e,black,0,0,0,0,0,0,0,0,2,0,0,0,0,0,0,2,0,0,0,0
gr,560580d924b7e,blue,0,0,0,0,0,2,1,0,0,0,0,0,0,0,0,3,0,1,2,0
gr,560580d924b7e,brown,0,0,0,0,0,2,0,0,0,0,0,2,0,0,0,2,0,1,0,0
gr,560580d924b7e,green,0,0,0,0,0,0,0,4,0,2,3,0,0,0,0,0,0,0,0,0
gr,560580d924b7e,grey,0,0,0,0,0,0,2,0,0,0,0,0,0,0,0,0,3,0,5,0
gr,560580d924b7e,orange,2,2,0,0,0,2,0,0,0,0,0,3,0,0,2,0,0,0,0,0
gr,560580d924b7e,pink,0,0,0,4,0,2,0,0,0,0,0,2,2,5,3,0,0,0,0,0
gr,560580d924b7e,purple,4,0,0,3,0,3,0,0,0,0,0,2,0,0,0,4,4,0,0,0
gr,560580d924b7e,red,0,4,3,0,2,0,0,0,2,2,0,5,4,0,4,0,2,0,0,2
gr,560580d924b7e,turquoise,0,0,0,3,0,0,0,0,0,0,0,0,0,0,0,0,0,4,3,0
gr,560580d924b7e,white,0,0,0,0,0,3,0,0,0,0,0,0,3,0,2,0,3,0,0,0
gr,560580d924b7e,yellow,0,3,2,0,0,0,0,2,2,2,3,4,0,0,0,0,0,0,0,0
gr,560994d17cbc1,black,0,0,5,0,0,0,0,0,0,5,5,0,0,0,0,0,0,0,0,0
gr,560994d17cbc1,blue,0,0,0,0,0,4,0,0,4,0,0,4,0,0,0,0,0,0,0,0
gr,560994d17cbc1,brown,0,0,0,0,0,0,0,4,0,0,0,0,0,0,0,0,0,0,0,0
gr,560994d17cbc1,green,0,5,0,0,0,0,0,3,0,0,0,0,5,0,0,0,0,0,0,0
gr,560994d17cbc1,grey,0,0,0,0,0,0,5,0,0,0,0,0,0,0,0,0,0,0,0,0
gr,560994d17cbc1,orange,4,0,0,0,0,0,0,0,0,0,0,0,0,0,0,0,0,0,0,0
gr,560994d17cbc1,pink,0,0,0,0,0,0,0,0,0,0,0,0,3,0,0,0,0,0,1,0
gr,560994d17cbc1,purple,0,0,3,0,2,0,0,0,5,0,0,0,0,0,0,0,0,0,0,0
gr,560994d17cbc1,red,0,0,0,0,0,5,0,0,0,0,0,0,0,5,5,0,0,0,0,3
gr,560994d17cbc1,turquoise,0,0,0,4,0,0,2,0,0,0,0,0,0,0,0,0,4,4,0,0
gr,560994d17cbc1,white,0,0,0,0,0,0,0,0,0,0,0,0,0,0,0,0,0,5,0,0
gr,560994d17cbc1,yellow,0,0,0,0,3,0,0,0,0,0,2,0,0,0,0,0,0,0,0,0
gr,5610f72cd1f42,black,0,0,0,0,0,0,0,0,0,0,0,0,0,0,0,0,0,0,3,0
gr,5610f72cd1f42,blue,0,0,0,0,0,0,0,0,0,4,0,0,0,0,0,0,0,0,0,0
gr,5610f72cd1f42,brown,0,0,0,0,0,0,0,4,0,0,0,0,0,0,0,0,0,0,0,0
gr,5610f72cd1f42,green,0,0,0,4,0,0,0,0,0,0,0,0,0,0,0,0,0,0,0,0
gr,5610f72cd1f42,grey,0,0,0,0,0,0,0,0,3,0,0,0,0,0,0,0,0,0,0,0
gr,5610f72cd1f42,orange,0,0,0,0,0,0,0,0,0,0,0,0,0,5,0,0,0,0,0,0
gr,5610f72cd1f42,pink,0,0,3,0,0,0,0,0,0,0,0,0,0,0,0,0,0,0,0,0
gr,5610f72cd1f42,purple,0,0,0,0,0,0,0,0,0,0,0,0,0,0,0,4,0,0,0,0
gr,5610f72cd1f42,red,0,0,3,0,0,0,0,0,0,0,0,0,0,0,0,0,0,0,0,0
gr,5610f72cd1f42,turquoise,0,0,0,0,0,0,0,0,0,0,0,4,0,0,0,0,0,0,0,0
gr,5610f72cd1f42,white,0,0,0,0,0,0,0,0,0,0,0,0,0,3,0,0,0,0,0,0
gr,5610f72cd1f42,yellow,0,0,0,0,0,0,0,0,0,0,0,0,0,0,0,0,0,0,0,3
gr,561426e006e73,black,0,0,0,0,0,0,3,0,0,0,0,0,0,0,0,0,0,4,0,0
gr,561426e006e73,blue,0,0,0,0,0,0,0,0,0,0,0,0,0,0,0,4,4,0,0,0
gr,561426e006e73,brown,0,0,0,0,0,0,0,0,0,0,0,0,0,0,0,0,0,0,5,0
gr,561426e006e73,green,0,5,0,0,0,4,0,0,0,0,0,0,0,0,0,0,0,0,0,0
gr,561426e006e73,grey,0,0,0,0,5,0,0,3,0,0,5,0,0,0,0,0,0,0,0,0
gr,561426e006e73,orange,4,4,0,0,0,0,0,0,0,0,0,4,0,0,0,4,0,0,0,0
gr,561426e006e73,pink,0,4,0,0,0,3,0,0,0,0,0,0,4,3,4,0,0,0,0,3
gr,561426e006e73,purple,0,0,0,4,4,0,0,0,0,4,0,3,0,0,0,0,4,0,4,0
gr,561426e006e73,red,0,0,5,0,0,4,0,0,0,0,0,4,0,4,4,0,0,0,0,0
gr,561426e006e73,turquoise,5,0,0,0,0,0,0,0,0,0,0,0,0,0,0,0,0,3,0,0
gr,561426e006e73,white,0,0,0,0,0,0,0,0,0,0,0,0,0,0,0,0,0,5,0,0
gr,561426e006e73,yellow,0,0,0,0,0,0,0,0,4,0,0,5,0,0,0,0,0,0,0,0
gr,5615a246d0386,black,0,0,0,0,0,0,0,0,0,5,5,0,0,0,0,0,0,5,0,5
gr,5615a246d0386,blue,5,0,0,0,0,0,0,0,0,0,0,0,0,0,0,0,0,0,5,0
gr,5615a246d0386,brown,0,0,0,0,0,0,5,5,0,0,0,0,0,0,0,0,0,0,0,0
gr,5615a246d0386,green,0,0,0,0,4,0,0,0,0,0,0,0,0,0,0,0,0,0,0,0
gr,5615a246d0386,grey,0,0,0,0,0,0,5,4,0,0,0,0,0,0,0,0,0,0,5,0
gr,5615a246d0386,orange,0,5,0,0,3,0,0,3,0,0,0,0,0,0,0,0,0,0,0,0
gr,5615a246d0386,pink,0,0,0,0,0,0,0,0,0,0,0,0,5,5,5,0,0,0,0,0
gr,5615a246d0386,purple,0,0,0,0,0,0,4,0,0,4,0,4,0,0,4,0,0,0,0,0
gr,5615a246d0386,red,0,0,0,0,0,0,0,0,0,0,5,0,0,5,0,0,0,0,0,0
gr,5615a246d0386,turquoise,0,0,0,0,0,0,0,0,0,0,0,0,5,0,0,0,0,5,5,0
gr,5615a246d0386,white,0,0,0,0,0,0,0,0,0,0,0,0,0,0,0,0,0,0,0,0
gr,5615a246d0386,yellow,0,0,0,0,0,0,0,5,0,0,0,0,0,0,0,0,0,0,0,0
gr,561682db868b2,black,0,0,0,0,0,0,0,0,0,0,0,0,0,0,0,0,0,0,4,0
gr,561682db868b2,blue,0,0,0,0,0,0,0,0,0,0,0,0,0,0,0,0,0,0,0,0
gr,561682db868b2,brown,0,0,0,0,0,0,3,0,0,0,0,0,0,0,0,0,0,0,0,0
gr,561682db868b2,green,0,0,0,0,0,0,0,0,0,0,0,0,0,0,4,0,0,0,0,0
gr,561682db868b2,grey,0,0,0,0,0,0,0,0,2,0,0,0,0,0,0,0,0,0,0,0
gr,561682db868b2,orange,0,0,0,0,0,0,0,0,0,0,0,0,0,0,0,0,0,4,0,0
gr,561682db868b2,pink,0,0,0,0,0,0,0,0,0,0,0,0,5,0,0,0,0,0,0,0
gr,561682db868b2,purple,0,4,0,0,0,0,0,0,0,0,0,0,0,0,0,0,0,0,0,0
gr,561682db868b2,red,0,0,0,0,0,0,0,0,0,0,0,0,0,5,0,0,0,0,0,0
gr,561682db868b2,turquoise,0,0,0,0,0,0,0,0,0,0,0,0,0,0,0,4,0,0,0,0
gr,561682db868b2,white,5,0,0,0,0,0,0,0,0,0,0,0,0,0,0,0,0,0,0,0
gr,561682db868b2,yellow,0,0,0,0,0,0,0,0,0,0,2,0,0,0,0,0,0,0,0,0
gr,5619036719bc4,black,0,0,0,0,0,0,0,0,2,0,1,0,0,0,0,0,0,0,5,0
gr,5619036719bc4,blue,0,0,0,0,0,5,0,0,0,0,0,0,0,0,0,0,0,0,0,0
gr,5619036719bc4,brown,0,0,0,0,0,0,0,0,0,0,0,0,0,0,0,0,0,0,0,0
gr,5619036719bc4,green,0,0,0,0,0,0,0,0,0,0,0,0,0,0,0,0,0,5,0,0
gr,5619036719bc4,grey,0,0,0,0,0,0,0,0,0,0,0,0,0,0,0,0,0,0,3,0
gr,5619036719bc4,orange,0,0,0,0,0,0,5,0,0,0,0,0,0,0,0,0,0,0,0,0
gr,5619036719bc4,pink,0,0,0,0,0,0,0,0,0,0,0,0,0,0,5,0,0,0,0,0
gr,5619036719bc4,purple,0,0,0,0,0,0,0,0,0,0,0,5,0,0,0,0,0,0,0,0
gr,5619036719bc4,red,0,5,0,0,0,0,0,0,0,0,0,0,0,0,0,0,0,0,0,0
gr,5619036719bc4,turquoise,0,0,0,0,0,0,0,0,0,0,0,0,0,0,0,0,0,4,0,0
gr,5619036719bc4,white,0,0,0,0,0,0,0,0,0,0,0,0,0,0,0,0,0,5,0,0
gr,5619036719bc4,yellow,0,0,0,0,0,0,0,0,0,0,0,0,5,0,0,0,0,0,0,0
gr,5622076ac1f91,black,0,0,3,0,0,0,5,0,4,5,4,0,0,0,0,0,0,0,4,5
gr,5622076ac1f91,blue,4,4,0,0,0,4,0,0,0,0,0,4,0,0,4,4,0,0,0,0
gr,5622076ac1f91,brown,0,0,0,0,0,0,0,0,0,3,0,3,0,0,0,0,0,0,3,0
gr,5622076ac1f91,green,0,3,0,0,0,5,0,0,0,0,0,0,5,0,5,0,0,3,0,0
gr,5622076ac1f91,grey,0,0,1,2,1,0,1,1,1,0,1,3,0,0,0,2,2,0,2,1
gr,5622076ac1f91,orange,0,4,0,0,0,0,0,0,0,0,0,2,0,0,3,0,0,0,0,0
gr,5622076ac1f91,pink,0,5,0,0,0,4,0,0,0,0,0,0,4,4,4,0,0,3,0,0
gr,5622076ac1f91,purple,0,0,0,0,0,4,0,0,0,0,0,0,0,0,5,0,0,3,0,0
gr,5622076ac1f91,red,0,4,0,0,0,3,0,0,0,2,2,0,0,0,0,0,0,0,0,2
gr,5622076ac1f91,turquoise,4,4,0,3,0,4,0,0,0,0,0,4,4,2,5,4,0,4,0,0
gr,5622076ac1f91,white,0,0,0,5,0,4,0,0,0,0,0,0,4,4,4,4,0,4,0,0
gr,5622076ac1f91,yellow,0,0,0,0,4,0,0,4,0,3,4,0,0,0,0,0,0,0,0,3
gr,56220e5b2694c,black,0,0,0,0,5,0,0,0,0,0,5,0,0,0,0,0,0,0,0,0
gr,56220e5b2694c,blue,0,5,0,0,0,0,0,0,0,0,0,5,0,0,0,0,0,0,0,0
gr,56220e5b2694c,brown,0,0,0,0,0,4,0,0,0,0,0,0,0,0,0,5,0,0,0,0
gr,56220e5b2694c,green,5,0,0,0,0,0,0,0,0,0,0,0,0,0,0,0,0,0,0,0
gr,56220e5b2694c,grey,0,0,0,0,0,0,0,0,0,0,0,0,0,0,0,0,0,0,0,0
gr,56220e5b2694c,orange,0,0,0,0,0,0,3,3,0,0,0,0,0,0,0,0,0,0,0,0
gr,56220e5b2694c,pink,0,0,0,5,0,0,0,0,0,0,0,0,0,0,0,0,4,0,0,0
gr,56220e5b2694c,purple,0,0,0,0,5,0,5,0,0,0,0,0,0,0,0,0,0,0,0,0
gr,56220e5b2694c,red,0,0,4,0,0,0,0,0,0,0,0,0,0,5,0,0,0,0,0,0
gr,56220e5b2694c,turquoise,0,0,0,0,0,0,0,0,0,0,0,0,0,0,0,0,5,5,0,0
gr,56220e5b2694c,white,0,0,0,0,0,5,0,0,0,0,0,0,5,0,0,0,0,0,0,0
gr,56220e5b2694c,yellow,0,0,0,0,0,0,0,0,4,4,0,0,0,0,0,0,0,0,0,0
gr,562214193a3c9,black,0,0,5,0,3,0,4,0,4,0,4,0,0,0,0,0,0,0,0,0
gr,562214193a3c9,blue,0,0,5,0,4,0,3,0,0,0,0,0,0,0,0,0,0,0,0,3
gr,562214193a3c9,brown,0,0,0,0,0,0,0,0,0,0,0,4,0,0,0,0,0,0,0,0
gr,562214193a3c9,green,0,0,0,4,0,0,0,0,0,0,0,0,0,0,0,3,0,0,0,0
gr,562214193a3c9,grey,0,0,4,0,4,0,3,0,2,0,3,0,0,0,0,0,0,0,0,0
gr,562214193a3c9,orange,4,5,0,0,0,3,0,0,0,0,0,0,0,0,4,0,0,0,0,0
gr,562214193a3c9,pink,0,0,0,2,0,3,0,0,0,0,0,0,0,3,4,0,0,2,0,0
gr,562214193a3c9,purple,0,0,0,0,0,0,4,0,3,0,0,0,0,0,0,0,0,0,5,0
gr,562214193a3c9,red,5,5,0,0,0,5,0,0,0,0,0,0,5,5,5,0,0,0,0,0
gr,562214193a3c9,turquoise,4,0,0,0,0,0,0,0,0,0,0,0,0,0,4,5,0,4,0,0
gr,562214193a3c9,white,4,0,0,0,0,0,0,0,0,0,0,0,5,0,0,0,0,5,0,0
gr,562214193a3c9,yellow,0,0,0,0,4,0,4,0,0,0,3,0,0,0,0,0,0,0,0,3
gr,562244d0b1fc2,black,0,0,0,0,0,0,5,0,0,0,3,0,0,0,0,0,0,0,0,0
gr,562244d0b1fc2,blue,0,0,0,0,0,0,0,0,0,0,0,0,0,0,0,0,0,5,0,0
gr,562244d0b1fc2,brown,0,0,0,0,0,0,0,0,0,0,0,0,0,0,0,0,0,0,5,0
gr,562244d0b1fc2,green,0,0,0,0,0,0,0,0,0,0,0,0,0,0,0,0,0,0,0,0
gr,562244d0b1fc2,grey,0,0,0,0,0,0,4,0,0,0,0,0,0,0,0,5,0,0,5,0
gr,562244d0b1fc2,orange,0,5,0,0,0,0,0,0,0,0,0,0,4,0,0,0,0,0,0,0
gr,562244d0b1fc2,pink,0,0,0,0,0,0,0,0,0,0,0,0,0,0,4,0,0,0,0,0
gr,562244d0b1fc2,purple,0,5,0,0,0,0,0,0,4,3,0,0,4,0,0,0,0,0,0,0
gr,562244d0b1fc2,red,0,0,5,0,0,0,0,0,0,0,0,0,0,5,0,0,0,0,0,0
gr,562244d0b1fc2,turquoise,0,0,0,0,0,0,0,0,0,0,0,0,0,0,5,0,0,0,0,0
gr,562244d0b1fc2,white,0,0,0,0,0,0,0,0,0,0,0,0,0,0,0,5,0,0,0,0
gr,562244d0b1fc2,yellow,4,0,0,0,0,0,0,0,0,0,0,4,0,0,0,0,0,0,0,0
gr,5622529a4ae50,black,5,4,0,0,0,0,0,5,0,5,0,5,4,0,0,0,0,0,0,0
gr,5622529a4ae50,blue,0,0,0,4,0,0,4,0,0,0,0,0,0,0,0,0,0,4,0,0
gr,5622529a4ae50,brown,0,0,0,5,0,0,0,0,0,0,0,0,0,0,0,0,0,0,0,0
gr,5622529a4ae50,green,0,4,0,0,0,0,0,5,0,0,0,0,4,0,0,0,0,0,0,0
gr,5622529a4ae50,grey,0,0,0,0,0,0,5,0,0,5,5,0,0,0,0,0,5,0,5,5
gr,5622529a4ae50,orange,0,5,0,0,0,0,0,0,0,0,0,0,5,0,0,0,0,0,0,0
gr,5622529a4ae50,pink,0,0,0,0,0,0,0,0,0,0,0,0,5,5,5,0,0,0,0,0
gr,5622529a4ae50,purple,0,0,0,0,0,0,0,0,0,5,0,0,0,0,0,0,0,0,4,5
gr,5622529a4ae50,red,0,0,5,0,0,0,0,0,0,0,0,0,0,5,0,0,0,0,0,0
gr,5622529a4ae50,turquoise,0,0,0,0,0,0,0,0,0,0,0,0,0,5,0,5,0,5,0,0
gr,5622529a4ae50,white,5,0,0,0,0,5,0,0,0,0,0,0,0,0,0,0,0,0,0,0
gr,5622529a4ae50,yellow,5,0,0,0,0,0,0,0,0,0,0,0,0,0,0,0,0,0,0,0
gr,562258de980b8,black,0,0,0,0,0,3,3,0,0,0,0,5,2,0,3,0,0,0,4,0
gr,562258de980b8,blue,0,3,0,0,4,4,2,0,2,3,0,0,0,0,3,0,0,0,0,0
gr,562258de980b8,brown,0,0,0,3,3,0,0,0,0,0,0,0,0,1,4,0,0,0,0,0
gr,562258de980b8,green,4,0,0,0,0,0,0,4,4,2,0,0,0,0,0,0,0,0,0,0
gr,562258de980b8,grey,0,0,0,0,1,4,0,0,0,0,0,0,0,0,4,0,0,5,3,0
gr,562258de980b8,orange,0,3,0,0,0,3,2,0,0,0,0,0,0,0,0,0,0,2,0,0
gr,562258de980b8,pink,0,0,0,0,0,0,0,2,3,0,0,3,0,0,0,0,0,0,0,0
gr,562258de980b8,purple,0,0,0,0,4,0,0,0,0,0,0,4,0,0,0,0,0,0,3,3
gr,562258de980b8,red,0,0,5,0,0,0,4,0,1,0,0,0,2,5,0,0,0,0,0,0
gr,562258de980b8,turquoise,5,0,0,0,0,0,0,0,0,2,0,0,0,0,3,3,0,5,0,0
gr,562258de980b8,white,0,0,0,0,0,0,4,0,2,0,0,4,4,0,0,0,0,3,3,0
gr,562258de980b8,yellow,0,0,0,0,0,0,0,0,0,4,5,1,0,0,0,0,2,0,1,4
gr,56225ff68b3d7,black,0,0,0,0,0,0,0,0,0,0,0,0,0,0,0,0,0,0,5,0
gr,56225ff68b3d7,blue,0,0,0,0,5,0,0,0,0,0,0,0,0,0,0,0,0,0,0,0
gr,56225ff68b3d7,brown,0,0,0,0,0,0,0,0,0,0,0,0,0,0,0,0,0,4,0,0
gr,56225ff68b3d7,green,0,0,0,0,0,0,4,0,4,0,0,0,0,0,0,0,0,0,0,0
gr,56225ff68b3d7,grey,0,0,0,0,0,0,5,0,0,0,0,0,0,0,0,0,0,0,0,0
gr,56225ff68b3d7,orange,0,5,0,0,0,5,0,0,0,0,0,0,0,0,5,0,0,0,0,0
gr,56225ff68b3d7,pink,0,0,0,0,0,0,0,0,0,0,0,0,0,5,0,0,0,0,0,0
gr,56225ff68b3d7,purple,0,0,0,0,0,0,0,0,0,0,0,0,0,0,0,0,4,0,3,0
gr,56225ff68b3d7,red,0,0,0,0,0,0,0,0,0,0,0,0,0,0,0,5,0,0,0,0
gr,56225ff68b3d7,turquoise,0,0,0,0,0,0,0,0,0,0,0,4,0,0,0,0,0,0,0,0
gr,56225ff68b3d7,white,0,0,0,0,0,0,0,0,0,0,0,0,5,0,0,0,0,0,0,0
gr,56225ff68b3d7,yellow,0,0,5,0,0,0,0,0,0,0,5,0,0,0,0,0,0,0,0,0
gr,56227ea637a6c,black,0,0,0,0,0,0,5,0,0,5,0,0,0,0,0,0,5,0,5,0
gr,56227ea637a6c,blue,0,0,0,0,0,0,0,0,0,0,0,0,0,0,0,0,0,0,0,0
gr,56227ea637a6c,brown,0,0,0,0,3,0,0,0,0,4,0,0,0,0,0,0,5,0,0,0
gr,56227ea637a6c,green,0,0,0,0,0,0,0,4,0,0,0,0,4,0,0,0,0,0,0,0
gr,56227ea637a6c,grey,0,0,0,0,0,0,5,0,0,0,0,0,0,0,0,0,0,0,0,0
gr,56227ea637a6c,orange,0,0,0,0,0,0,0,0,0,0,0,0,0,0,0,0,0,0,0,0
gr,56227ea637a6c,pink,0,5,0,0,0,0,0,0,0,0,0,0,4,3,4,0,0,0,0,0
gr,56227ea637a6c,purple,0,0,0,0,0,0,0,0,0,0,0,0,0,0,0,5,0,0,0,0
gr,56227ea637a6c,red,0,0,0,0,0,0,0,0,0,0,5,0,0,0,0,0,0,0,0,0
gr,56227ea637a6c,turquoise,0,0,0,4,0,4,0,0,0,0,0,0,3,0,4,0,0,4,0,0
gr,56227ea637a6c,white,0,0,0,0,4,0,0,0,0,0,0,0,0,0,0,0,0,0,5,0
gr,56227ea637a6c,yellow,0,0,0,0,0,0,0,0,0,0,0,0,5,0,0,0,0,0,0,0
gr,56229ad1632d2,black,0,0,5,0,0,0,0,0,5,0,0,0,0,0,0,0,0,0,0,0
gr,56229ad1632d2,blue,0,0,0,0,0,5,0,0,0,0,0,0,0,0,0,0,0,5,0,0
gr,56229ad1632d2,brown,0,0,0,0,0,0,0,5,0,0,0,0,0,0,0,0,0,0,0,0
gr,56229ad1632d2,green,0,0,0,0,0,0,0,0,0,0,0,5,0,0,0,0,0,0,0,0
gr,56229ad1632d2,grey,0,0,0,0,0,0,0,5,0,0,5,0,0,0,0,0,0,0,0,5
gr,56229ad1632d2,orange,0,0,0,0,0,0,0,0,0,0,0,0,5,0,5,0,0,0,0,0
gr,56229ad1632d2,pink,5,0,0,0,0,0,0,0,0,0,0,4,0,0,0,0,0,0,0,0
gr,56229ad1632d2,purple,0,0,0,0,0,0,0,0,0,0,0,0,0,0,5,0,5,0,0,0
gr,56229ad1632d2,red,0,0,0,0,0,0,0,0,0,0,0,0,5,0,0,0,0,5,0,0
gr,56229ad1632d2,turquoise,0,0,0,0,0,0,0,0,0,0,0,0,0,0,5,0,0,0,0,0
gr,56229ad1632d2,white,0,0,0,0,0,0,0,0,0,0,0,0,5,5,0,0,0,0,0,0
gr,56229ad1632d2,yellow,0,5,0,0,0,0,0,0,0,0,0,0,0,0,0,0,0,0,0,0
gr,5622b2289032c,black,0,0,0,0,0,4,0,0,0,0,0,0,0,0,0,0,0,0,0,0
gr,5622b2289032c,blue,2,2,0,4,0,3,0,0,0,0,0,3,0,0,3,4,0,4,0,0
gr,5622b2289032c,brown,0,0,0,0,4,0,3,4,0,0,0,0,0,0,0,0,0,0,0,0
gr,5622b2289032c,green,0,0,0,0,0,4,0,0,0,0,0,4,0,0,0,4,0,5,0,0
gr,5622b2289032c,grey,0,0,0,0,0,0,2,0,2,2,0,0,0,0,0,0,0,0,4,0
gr,5622b2289032c,orange,3,0,0,2,0,3,0,0,0,0,0,0,0,0,0,3,0,0,0,0
gr,5622b2289032c,pink,0,2,0,0,0,0,0,0,0,0,0,0,2,4,0,0,0,2,0,0
gr,5622b2289032c,purple,0,0,0,0,0,0,0,0,0,0,0,0,0,0,0,0,0,0,0,0
gr,5622b2289032c,red,0,0,5,0,0,0,0,0,0,0,5,0,4,0,0,0,0,0,0,4
gr,5622b2289032c,turquoise,0,0,0,4,0,4,0,0,0,0,0,4,0,0,0,4,0,4,0,0
gr,5622b2289032c,white,0,0,0,0,0,0,0,0,0,0,0,0,0,0,0,0,0,0,0,0
gr,5622b2289032c,yellow,0,0,0,0,0,0,0,3,0,3,0,0,0,0,0,0,0,0,0,0
gr,5624bc616f373,black,0,0,0,0,0,0,0,0,5,0,0,0,0,0,0,0,0,0,5,0
gr,5624bc616f373,blue,0,0,0,0,0,0,0,0,0,0,0,0,0,0,0,0,0,0,0,0
gr,5624bc616f373,brown,0,0,0,0,0,0,0,0,0,0,0,0,0,0,0,0,0,0,0,0
gr,5624bc616f373,green,0,0,0,0,0,0,0,0,0,0,0,0,0,0,0,0,0,0,0,0
gr,5624bc616f373,grey,0,0,0,0,0,0,3,0,3,3,0,0,0,0,0,0,0,0,4,0
gr,5624bc616f373,orange,0,0,0,0,0,0,0,0,0,0,0,0,0,0,0,0,0,0,0,0
gr,5624bc616f373,pink,0,0,0,0,0,4,0,0,0,0,0,0,4,5,4,0,0,0,0,0
gr,5624bc616f373,purple,0,0,0,0,0,0,0,0,0,0,0,0,0,0,0,0,0,0,0,0
gr,5624bc616f373,red,0,0,3,0,0,0,0,0,0,0,0,0,0,5,0,0,0,0,0,0
gr,5624bc616f373,turquoise,0,0,0,0,0,0,0,0,0,0,0,0,0,0,0,0,0,0,0,0
gr,5624bc616f373,white,0,0,0,0,0,0,0,0,0,0,0,0,0,0,0,0,0,0,0,0
gr,5624bc616f373,yellow,0,0,4,0,0,0,0,0,0,0,4,0,0,0,0,0,0,0,0,0
gr,5626af3412847,black,0,0,0,0,0,0,4,0,5,3,0,0,0,0,0,0,0,0,5,0
gr,5626af3412847,blue,5,0,0,0,0,0,0,0,0,0,0,3,0,0,4,3,0,5,0,0
gr,5626af3412847,brown,0,0,0,0,0,0,0,0,0,0,0,0,0,0,0,0,0,0,0,0
gr,5626af3412847,green,0,0,0,5,0,0,0,0,0,0,0,0,0,0,0,0,0,0,0,0
gr,5626af3412847,grey,0,0,0,0,0,0,3,0,0,0,0,0,0,0,0,0,0,0,5,0
gr,5626af3412847,orange,0,4,0,0,0,0,0,0,0,0,0,0,0,0,0,0,0,0,0,0
gr,5626af3412847,pink,0,0,0,0,0,0,0,0,0,0,0,0,4,3,0,0,0,1,0,0
gr,5626af3412847,purple,0,0,0,0,0,0,0,0,0,0,0,0,0,0,0,0,0,0,5,0
gr,5626af3412847,red,4,0,0,0,0,0,0,0,0,0,0,0,0,5,3,0,0,0,0,0
gr,5626af3412847,turquoise,0,0,0,0,0,0,0,0,0,0,0,0,0,0,0,0,0,0,0,0
gr,5626af3412847,white,4,0,0,0,0,0,0,0,0,0,0,0,0,3,4,0,0,5,0,0
gr,5626af3412847,yellow,0,0,0,0,0,0,0,0,0,0,0,0,0,0,0,0,0,0,0,0
gr,5644fbf25a99f,black,0,0,4,0,0,0,0,0,5,0,0,0,0,0,0,0,0,0,0,0
gr,5644fbf25a99f,blue,0,0,0,0,0,0,0,0,0,0,0,0,0,0,4,0,0,5,0,0
gr,5644fbf25a99f,brown,0,0,0,0,0,0,0,0,0,0,0,0,0,0,3,0,0,0,0,0
gr,5644fbf25a99f,green,0,0,0,0,0,4,0,0,0,0,0,0,4,0,0,0,0,0,0,0
gr,5644fbf25a99f,grey,0,0,0,0,0,0,0,0,0,0,0,0,0,0,0,0,0,0,0,0
gr,5644fbf25a99f,orange,0,0,0,0,0,0,0,0,0,0,0,0,0,0,0,0,0,0,0,0
gr,5644fbf25a99f,pink,0,5,0,0,0,0,0,0,0,0,0,0,0,0,0,0,0,0,0,0
gr,5644fbf25a99f,purple,0,0,0,3,0,0,0,0,0,0,0,0,0,0,0,0,0,0,4,0
gr,5644fbf25a99f,red,0,0,0,0,0,0,0,0,0,0,0,0,4,0,0,0,0,0,0,0
gr,5644fbf25a99f,turquoise,0,0,0,0,0,5,0,0,0,0,0,0,0,0,0,0,0,0,0,0
gr,5644fbf25a99f,white,0,0,0,0,0,0,0,0,0,0,0,0,0,5,0,0,0,0,0,0
gr,5644fbf25a99f,yellow,0,0,0,0,0,0,0,0,0,0,0,4,0,0,0,0,0,0,0,0
gr,56491109c701b,black,0,0,0,0,0,0,0,0,5,0,3,0,0,0,0,0,0,0,0,0
gr,56491109c701b,blue,0,0,0,5,0,0,0,0,0,0,0,5,0,0,5,0,0,0,0,0
gr,56491109c701b,brown,0,0,0,0,0,0,0,0,0,0,0,0,0,0,0,0,0,0,0,0
gr,56491109c701b,green,0,0,0,0,0,0,0,5,0,5,0,0,0,0,0,0,0,0,0,0
gr,56491109c701b,grey,0,0,0,0,0,0,0,0,0,0,0,0,0,0,0,0,0,0,5,0
gr,56491109c701b,orange,0,3,0,0,0,3,0,0,0,0,0,0,0,0,0,0,0,0,0,0
gr,56491109c701b,pink,0,0,0,0,0,0,0,0,0,0,0,0,3,3,0,0,0,0,0,0
gr,56491109c701b,purple,0,0,0,0,0,0,0,0,0,0,0,0,0,0,0,5,0,5,0,0
gr,56491109c701b,red,0,0,5,0,0,0,0,0,0,0,0,0,0,5,0,0,0,0,0,0
gr,56491109c701b,turquoise,0,0,0,0,0,0,0,0,0,0,0,0,0,0,4,0,0,0,0,0
gr,56491109c701b,white,0,0,0,0,0,0,0,0,0,0,0,0,0,0,0,0,5,0,0,0
gr,56491109c701b,yellow,0,0,0,0,3,0,2,0,0,0,0,0,0,0,0,0,0,0,0,0
gr,565377e79ff61,black,0,0,0,0,0,0,0,5,0,0,5,0,0,0,0,0,0,0,5,0
gr,565377e79ff61,blue,5,0,0,0,0,0,0,0,0,0,0,0,0,0,0,5,0,0,3,0
gr,565377e79ff61,brown,0,0,0,4,0,5,0,0,0,0,0,0,0,0,0,0,0,0,0,0
gr,565377e79ff61,green,0,0,0,0,0,0,0,0,0,0,0,4,4,0,0,5,0,0,0,0
gr,565377e79ff61,grey,0,0,0,0,0,0,5,0,4,0,0,0,0,0,0,0,0,3,0,0
gr,565377e79ff61,orange,0,5,0,0,0,0,0,0,0,0,0,4,0,0,0,0,0,0,0,0
gr,565377e79ff61,pink,0,4,0,0,0,0,0,0,0,0,0,0,5,0,0,0,0,0,0,0
gr,565377e79ff61,purple,5,0,0,0,0,0,0,0,0,0,0,5,0,0,4,4,0,0,0,0
gr,565377e79ff61,red,5,5,0,0,0,0,0,0,0,0,0,0,4,0,0,0,0,0,0,0
gr,565377e79ff61,turquoise,5,0,0,0,0,0,0,0,0,0,0,5,4,0,0,0,0,4,0,0
gr,565377e79ff61,white,4,0,0,0,0,0,0,0,0,0,0,0,5,5,0,0,0,4,0,0
gr,565377e79ff61,yellow,4,0,0,0,0,4,0,0,0,0,0,5,0,0,4,0,0,0,0,0
gr,5654dfffdc5e5,black,0,0,5,2,5,0,5,5,5,4,5,0,0,0,0,0,4,0,5,5
gr,5654dfffdc5e5,blue,4,4,2,2,2,4,2,2,2,2,2,5,3,1,4,4,2,3,2,2
gr,5654dfffdc5e5,brown,1,2,3,1,2,1,2,1,2,2,1,2,1,1,1,2,3,1,2,2
gr,5654dfffdc5e5,green,3,3,1,3,1,3,1,1,1,1,1,4,2,3,3,3,1,3,2,1
gr,5654dfffdc5e5,grey,0,0,0,2,3,0,3,2,3,4,2,0,0,0,0,0,4,0,4,4
gr,5654dfffdc5e5,orange,0,0,3,2,0,0,1,0,1,1,0,0,0,0,0,0,2,0,1,2
gr,5654dfffdc5e5,pink,3,4,0,2,0,5,0,0,0,0,0,0,5,5,5,0,0,1,0,0
gr,5654dfffdc5e5,purple,3,4,1,2,0,4,0,0,0,1,0,5,3,2,4,4,0,3,3,0
gr,5654dfffdc5e5,red,4,3,1,2,1,3,1,1,1,3,1,4,4,5,3,3,2,3,3,1
gr,5654dfffdc5e5,turquoise,4,3,0,2,0,3,0,0,0,0,0,4,3,2,3,4,0,3,1,0
gr,5654dfffdc5e5,white,5,5,0,5,0,5,0,0,0,0,0,5,5,3,5,5,0,4,0,0
gr,5654dfffdc5e5,yellow,1,1,2,2,3,1,3,3,3,3,5,1,1,1,1,1,2,1,2,2
gr,5657149102e5e,black,0,0,0,0,0,0,4,0,0,0,0,0,0,0,0,0,0,0,4,0
gr,5657149102e5e,blue,5,0,0,0,0,0,0,0,0,0,0,0,5,0,0,0,0,0,0,0
gr,5657149102e5e,brown,0,0,0,0,0,0,0,5,0,0,0,0,0,0,0,0,0,0,0,0
gr,5657149102e5e,green,0,0,0,0,0,5,0,0,0,0,0,5,0,0,5,0,0,0,0,0
gr,5657149102e5e,grey,0,0,0,0,0,0,0,0,0,0,0,0,0,0,0,0,0,0,0,0
gr,5657149102e5e,orange,0,0,0,0,4,0,0,0,0,0,0,0,0,0,0,0,0,0,0,0
gr,5657149102e5e,pink,0,0,0,0,0,0,0,0,0,0,0,0,0,5,0,0,0,0,0,0
gr,5657149102e5e,purple,0,0,0,5,0,0,0,0,0,0,0,0,0,0,0,0,0,0,0,0
gr,5657149102e5e,red,0,0,0,0,0,0,0,0,0,0,0,5,0,0,0,0,0,0,0,0
gr,5657149102e5e,turquoise,0,0,0,0,0,0,0,0,0,0,0,0,0,5,5,0,0,0,0,0
gr,5657149102e5e,white,0,0,0,0,0,0,0,0,0,0,0,0,0,5,5,5,0,5,0,0
gr,5657149102e5e,yellow,0,0,5,0,0,0,0,0,0,0,0,0,0,0,0,0,0,0,0,0
gr,5657168c7da55,black,0,0,3,0,0,0,0,0,4,0,0,0,0,0,0,0,0,0,0,0
gr,5657168c7da55,blue,0,5,0,0,0,3,3,0,0,0,0,0,2,0,3,0,4,0,0,0
gr,5657168c7da55,brown,0,0,3,0,0,0,0,4,0,0,0,0,0,0,0,0,4,0,4,0
gr,5657168c7da55,green,0,0,0,0,0,5,0,0,0,0,0,0,5,0,0,5,0,0,0,0
gr,5657168c7da55,grey,0,0,3,0,3,0,0,3,3,0,2,0,0,0,0,0,0,0,0,0
gr,5657168c7da55,orange,0,3,0,0,0,0,0,0,0,0,0,3,0,0,0,0,0,0,0,0
gr,5657168c7da55,pink,0,0,0,0,0,0,0,0,0,0,0,5,0,4,4,0,0,0,0,0
gr,5657168c7da55,purple,0,0,0,0,5,0,3,0,0,3,0,0,0,0,0,0,0,0,0,4
gr,5657168c7da55,red,0,0,5,0,0,0,0,0,0,0,5,0,0,5,0,0,0,0,0,5
gr,5657168c7da55,turquoise,0,0,0,0,0,0,0,0,0,0,0,0,0,0,3,3,0,0,0,0
gr,5657168c7da55,white,0,0,0,0,0,0,0,0,0,0,0,0,5,4,0,0,0,0,0,0
gr,5657168c7da55,yellow,4,0,0,0,0,0,0,4,5,0,0,0,0,0,0,0,0,3,0,0
gr,565716952196d,black,0,0,3,0,0,0,3,0,4,0,0,0,0,0,0,0,0,0,5,0
gr,565716952196d,blue,0,3,0,0,0,0,0,0,0,0,0,0,0,0,3,0,0,4,0,0
gr,565716952196d,brown,0,0,0,0,0,0,0,0,0,0,0,0,0,0,0,4,0,0,0,0
gr,565716952196d,green,0,5,0,0,0,4,0,0,0,0,0,0,4,0,4,0,0,2,0,0
gr,565716952196d,grey,0,0,4,0,0,0,3,0,0,3,5,0,0,0,0,0,0,0,0,0
gr,565716952196d,orange,3,0,0,0,0,3,0,0,0,0,0,3,3,0,3,0,0,0,0,0
gr,565716952196d,pink,0,0,0,0,3,0,0,0,0,0,0,0,0,0,0,0,0,0,0,2
gr,565716952196d,purple,0,0,0,0,3,0,3,0,3,4,0,0,0,0,0,0,0,0,0,0
gr,565716952196d,red,0,0,0,0,0,0,0,0,0,0,0,0,0,5,0,0,0,0,0,0
gr,565716952196d,turquoise,0,0,0,0,0,0,0,0,0,0,0,0,0,0,0,0,0,0,0,0
gr,565716952196d,white,0,0,0,0,0,0,0,0,3,0,0,0,0,0,0,0,0,4,0,0
gr,565716952196d,yellow,0,2,0,0,0,0,0,0,0,0,4,0,0,0,0,0,0,0,0,2
gr,56580ff5c6e4b,black,0,0,0,0,3,0,0,0,2,3,4,0,0,0,0,0,0,0,0,0
gr,56580ff5c6e4b,blue,0,0,0,0,0,0,0,0,0,2,0,0,0,0,0,0,2,0,0,0
gr,56580ff5c6e4b,brown,3,0,0,0,0,0,0,0,0,0,0,0,0,0,2,0,0,2,0,0
gr,56580ff5c6e4b,green,3,0,0,0,0,0,0,0,0,0,0,0,0,0,0,3,0,0,0,0
gr,56580ff5c6e4b,grey,0,0,0,0,0,0,3,0,0,0,0,0,0,0,0,0,0,0,3,0
gr,56580ff5c6e4b,orange,0,0,0,0,0,0,0,0,0,0,0,3,3,0,0,0,0,0,0,0
gr,56580ff5c6e4b,pink,0,2,0,0,0,0,0,0,0,0,0,0,0,0,0,0,0,0,0,2
gr,56580ff5c6e4b,purple,0,0,0,3,0,3,0,0,0,0,0,0,0,0,0,0,0,0,0,0
gr,56580ff5c6e4b,red,0,0,0,0,0,0,0,0,0,0,0,0,0,4,4,0,0,0,0,0
gr,56580ff5c6e4b,turquoise,0,0,0,0,0,0,0,0,0,0,0,0,0,0,1,0,0,4,0,0
gr,56580ff5c6e4b,white,0,0,0,4,0,0,0,0,0,0,0,0,0,0,0,4,0,4,0,0
gr,56580ff5c6e4b,yellow,0,0,2,0,3,0,0,0,0,0,3,0,0,0,0,0,0,0,0,0
gr,5659f9ca86c41,black,0,0,5,0,0,0,0,0,0,0,5,0,0,0,0,0,0,0,0,0
gr,5659f9ca86c41,blue,5,0,0,0,0,0,0,0,0,0,0,0,0,0,0,0,0,0,0,0
gr,5659f9ca86c41,brown,0,0,0,0,0,0,0,0,0,0,0,0,0,0,0,0,0,5,0,0
gr,5659f9ca86c41,green,0,0,0,0,0,0,0,0,0,0,0,0,0,0,0,5,0,0,0,0
gr,5659f9ca86c41,grey,0,0,0,5,0,0,0,0,0,0,0,0,0,0,0,0,0,0,0,0
gr,5659f9ca86c41,orange,0,0,0,0,0,5,0,0,0,0,0,0,0,0,0,0,0,0,0,0
gr,5659f9ca86c41,pink,0,0,0,0,0,0,0,0,0,0,0,0,0,5,0,0,0,5,0,0
gr,5659f9ca86c41,purple,0,0,0,5,0,0,0,0,0,0,0,0,0,0,0,0,0,0,0,0
gr,5659f9ca86c41,red,0,5,0,0,0,0,0,0,0,0,0,0,0,0,0,0,0,0,0,0
gr,5659f9ca86c41,turquoise,0,0,0,0,0,0,0,0,0,0,0,0,0,0,5,0,0,0,0,0
gr,5659f9ca86c41,white,0,0,0,0,0,0,0,0,0,0,0,0,0,0,0,5,0,0,0,0
gr,5659f9ca86c41,yellow,0,0,0,0,5,0,0,0,0,0,5,0,0,0,0,0,0,0,0,0
gr,565b56f9072f0,black,0,0,0,0,0,0,0,0,0,0,3,0,0,0,0,0,0,0,5,0
gr,565b56f9072f0,blue,3,0,0,0,0,0,0,0,0,0,0,0,0,0,0,4,0,0,0,0
gr,565b56f9072f0,brown,0,0,0,0,0,0,0,5,0,0,0,0,0,0,0,0,0,0,0,0
gr,565b56f9072f0,green,0,0,0,0,0,4,0,0,0,0,0,0,0,0,5,0,0,0,0,0
gr,565b56f9072f0,grey,0,0,0,0,0,0,4,0,0,3,0,0,0,0,0,0,0,0,0,0
gr,565b56f9072f0,orange,0,0,0,0,0,0,0,0,0,0,0,0,0,0,0,4,0,0,0,3
gr,565b56f9072f0,pink,0,5,0,0,0,0,0,0,0,0,0,0,4,0,0,0,0,0,0,0
gr,565b56f9072f0,purple,0,0,0,0,0,0,0,0,0,0,0,5,0,0,0,0,0,0,0,0
gr,565b56f9072f0,red,0,0,5,0,0,0,0,0,0,0,0,0,0,0,0,0,0,0,0,5
gr,565b56f9072f0,turquoise,0,0,0,0,0,0,0,0,0,0,0,0,0,0,0,0,0,3,0,0
gr,565b56f9072f0,white,0,0,0,0,2,0,0,0,0,0,0,0,0,0,0,0,4,0,0,0
gr,565b56f9072f0,yellow,0,0,0,0,0,0,0,0,4,3,5,0,0,0,0,0,0,0,0,0
gr,565dbce0d6366,black,0,0,4,0,5,0,5,4,5,4,5,0,0,0,0,0,0,0,4,2
gr,565dbce0d6366,blue,5,5,0,3,0,4,0,0,0,0,0,4,3,4,4,5,0,4,0,0
gr,565dbce0d6366,brown,0,0,0,0,3,0,0,3,4,0,0,0,0,0,0,0,0,0,0,0
gr,565dbce0d6366,green,3,4,0,4,2,4,2,0,0,0,0,3,5,3,4,4,0,5,0,0
gr,565dbce0d6366,grey,0,0,0,0,4,0,4,4,0,0,0,0,0,0,0,0,3,0,4,0
gr,565dbce0d6366,orange,0,4,0,0,0,0,0,0,0,0,0,0,0,0,0,0,0,0,0,0
gr,565dbce0d6366,pink,4,0,0,0,0,5,0,0,0,0,0,4,0,4,4,0,0,0,3,4
gr,565dbce0d6366,purple,0,4,0,0,0,3,0,0,0,0,0,4,0,0,0,0,0,0,0,3
gr,565dbce0d6366,red,0,0,4,0,0,0,0,0,0,0,0,0,0,4,0,0,0,0,0,0
gr,565dbce0d6366,turquoise,4,0,0,0,0,4,0,0,0,0,0,5,0,0,0,4,0,4,0,0
gr,565dbce0d6366,white,0,0,0,0,0,5,0,0,0,0,0,0,5,5,5,5,0,0,0,0
gr,565dbce0d6366,yellow,0,0,0,0,0,0,0,0,4,0,4,0,0,0,0,0,0,0,0,4
gr,565ddfba236fd,black,0,0,3,0,0,0,3,0,0,0,0,0,0,0,0,0,0,0,4,0
gr,565ddfba236fd,blue,0,0,0,0,0,4,0,0,0,0,0,0,0,0,0,0,0,0,0,0
gr,565ddfba236fd,brown,0,0,0,0,0,0,0,3,0,0,0,0,0,0,0,0,0,0,0,0
gr,565ddfba236fd,green,0,4,0,0,0,0,0,0,0,0,0,0,0,0,4,0,0,4,0,0
gr,565ddfba236fd,grey,0,0,0,0,0,0,3,0,0,0,0,0,0,0,0,0,0,0,3,0
gr,565ddfba236fd,orange,0,0,0,0,0,0,0,0,0,0,0,4,0,0,0,0,0,3,0,0
gr,565ddfba236fd,pink,0,0,0,0,0,4,0,0,0,0,0,0,3,0,0,3,0,4,0,0
gr,565ddfba236fd,purple,0,0,0,0,0,0,3,0,0,0,2,0,0,0,0,0,3,0,0,0
gr,565ddfba236fd,red,0,0,0,0,0,0,0,0,2,0,0,0,3,0,3,0,0,0,0,0
gr,565ddfba236fd,turquoise,0,0,0,0,0,4,0,0,0,0,0,4,0,0,0,0,0,0,0,0
gr,565ddfba236fd,white,0,0,0,0,0,0,0,0,0,4,0,0,0,0,0,0,0,0,0,0
gr,565ddfba236fd,yellow,0,0,0,0,0,0,0,0,0,0,0,0,0,0,0,0,4,0,0,0
gr,5665f7de61e51,black,0,0,0,0,0,0,0,0,3,0,0,0,0,0,0,0,0,0,0,0
gr,5665f7de61e51,blue,0,0,0,3,0,0,0,0,0,0,0,0,0,0,0,0,0,0,0,0
gr,5665f7de61e51,brown,0,0,0,0,3,0,0,0,0,0,0,0,0,0,0,0,0,0,0,0
gr,5665f7de61e51,green,0,4,0,0,0,0,0,0,0,0,0,0,0,0,0,0,0,0,0,0
gr,5665f7de61e51,grey,0,0,0,0,0,0,4,0,0,0,0,0,0,0,0,0,0,0,0,0
gr,5665f7de61e51,orange,0,0,0,0,0,4,0,0,0,0,0,0,0,0,0,0,0,0,0,0
gr,5665f7de61e51,pink,0,0,0,0,0,0,0,0,0,0,0,0,0,0,3,0,0,0,0,0
gr,5665f7de61e51,purple,0,0,0,0,0,0,0,0,0,0,0,0,0,0,0,0,0,0,5,0
gr,5665f7de61e51,red,0,0,0,0,0,0,0,0,0,0,0,0,0,4,0,0,0,0,0,0
gr,5665f7de61e51,turquoise,0,0,0,0,0,0,0,0,0,0,0,4,0,0,0,0,0,0,0,0
gr,5665f7de61e51,white,0,0,0,0,0,0,0,0,0,0,0,0,0,0,0,0,0,4,0,0
gr,5665f7de61e51,yellow,0,0,0,0,0,0,0,0,0,0,0,0,0,0,0,0,3,0,0,0
gr,5665f9e6b5b9f,black,0,0,0,0,0,0,0,0,0,0,0,0,0,0,0,0,0,0,5,0
gr,5665f9e6b5b9f,blue,0,0,0,0,0,0,0,0,0,0,0,3,0,0,0,0,0,0,0,0
gr,5665f9e6b5b9f,brown,0,0,0,0,0,0,4,0,0,0,0,0,0,0,0,0,0,0,0,0
gr,5665f9e6b5b9f,green,0,0,0,0,0,0,0,0,0,0,0,0,4,0,0,0,0,0,0,0
gr,5665f9e6b5b9f,grey,0,0,0,0,0,0,0,0,0,0,4,0,0,0,0,0,0,0,0,0
gr,5665f9e6b5b9f,orange,0,4,0,0,0,0,0,0,0,0,0,0,0,0,0,0,0,0,0,0
gr,5665f9e6b5b9f,pink,0,0,0,0,0,0,0,0,0,0,0,0,0,0,5,0,0,0,0,0
gr,5665f9e6b5b9f,purple,0,0,0,3,0,0,0,0,0,0,0,0,0,0,0,0,0,0,0,0
gr,5665f9e6b5b9f,red,0,0,0,0,0,0,0,0,0,0,0,0,0,5,0,0,0,0,0,0
gr,5665f9e6b5b9f,turquoise,4,0,0,0,0,0,0,0,0,0,0,0,0,0,0,0,0,0,0,0
gr,5665f9e6b5b9f,white,0,0,0,0,0,0,0,0,0,0,0,0,0,0,0,0,0,4,0,0
gr,5665f9e6b5b9f,yellow,0,0,0,0,0,0,3,0,0,0,0,0,0,0,0,0,0,0,0,0
gr,5669bd1759b84,black,0,0,2,0,0,0,0,0,0,2,0,0,0,0,0,0,0,0,0,0
gr,5669bd1759b84,blue,0,0,0,0,0,4,0,0,0,0,0,0,0,0,4,0,0,0,0,0
gr,5669bd1759b84,brown,0,0,0,0,0,0,0,0,0,0,0,4,0,0,0,0,0,0,0,0
gr,5669bd1759b84,green,0,0,0,0,0,4,0,0,0,0,0,0,0,0,4,0,0,0,0,0
gr,5669bd1759b84,grey,0,0,0,0,0,0,3,0,0,0,0,0,0,0,0,0,0,0,0,0
gr,5669bd1759b84,orange,0,3,0,0,0,0,0,0,0,0,0,0,0,0,0,0,0,0,0,0
gr,5669bd1759b84,pink,0,0,0,0,0,0,0,0,0,0,0,0,0,0,2,0,0,0,0,0
gr,5669bd1759b84,purple,0,0,0,0,0,0,0,0,0,0,0,0,0,0,0,0,0,0,4,0
gr,5669bd1759b84,red,3,0,0,0,0,4,0,0,0,0,0,0,4,0,0,0,0,0,0,0
gr,5669bd1759b84,turquoise,0,0,0,0,0,0,0,0,0,0,0,0,0,0,2,0,0,0,0,0
gr,5669bd1759b84,white,0,0,0,0,0,0,0,0,0,0,0,0,0,0,0,0,0,0,0,0
gr,5669bd1759b84,yellow,3,0,0,0,0,0,0,0,0,0,0,0,0,0,3,0,0,0,0,0
gr,5671c01a93fa1,black,0,0,0,0,0,0,4,0,0,3,5,0,0,0,0,0,0,0,0,0
gr,5671c01a93fa1,blue,5,0,0,0,0,5,0,0,0,0,0,5,0,0,5,0,0,0,0,0
gr,5671c01a93fa1,brown,0,0,0,2,0,0,0,0,0,0,0,0,0,0,0,0,0,0,0,0
gr,5671c01a93fa1,green,5,0,0,0,0,5,0,0,0,0,0,0,0,0,0,0,0,0,0,0
gr,5671c01a93fa1,grey,0,0,0,0,0,0,0,0,0,0,0,0,0,0,0,0,0,0,4,0
gr,5671c01a93fa1,orange,0,4,0,0,0,0,0,0,0,0,0,0,0,0,0,0,0,0,0,0
gr,5671c01a93fa1,pink,0,0,0,0,0,0,0,0,0,0,0,0,5,5,0,0,0,0,0,0
gr,5671c01a93fa1,purple,0,0,0,0,0,0,0,0,0,0,0,0,0,0,0,0,0,0,2,0
gr,5671c01a93fa1,red,5,0,0,0,0,0,0,0,0,0,0,0,5,5,0,0,0,0,0,0
gr,5671c01a93fa1,turquoise,0,5,0,0,0,0,0,0,0,0,0,5,5,0,5,5,0,0,0,0
gr,5671c01a93fa1,white,0,0,0,0,0,0,0,0,0,0,0,0,5,0,5,5,0,0,0,0
gr,5671c01a93fa1,yellow,0,0,5,0,0,0,0,0,0,3,0,0,0,0,0,0,0,0,0,0
gr,56e2de618f632,black,0,0,0,0,0,0,4,0,3,0,5,3,0,0,0,0,0,0,0,0
gr,56e2de618f632,blue,0,0,0,0,0,4,0,0,0,0,0,0,0,0,4,5,0,5,0,0
gr,56e2de618f632,brown,0,0,0,0,0,0,4,0,0,0,0,0,0,0,0,0,3,0,0,3
gr,56e2de618f632,green,0,0,0,0,0,5,0,0,0,0,0,0,5,0,5,0,0,0,0,0
gr,56e2de618f632,grey,0,0,0,0,0,0,5,0,5,5,0,0,0,0,0,0,0,0,0,0
gr,56e2de618f632,orange,0,0,0,0,0,0,0,2,0,3,0,0,0,0,0,0,0,0,0,0
gr,56e2de618f632,pink,0,0,0,0,0,0,0,0,0,0,0,0,0,5,0,0,0,5,0,0
gr,56e2de618f632,purple,0,0,0,0,4,0,0,0,0,0,0,0,0,0,0,0,0,0,5,0
gr,56e2de618f632,red,0,5,5,0,0,0,0,0,0,0,0,5,0,0,0,0,0,0,0,0
gr,56e2de618f632,turquoise,0,0,0,0,0,5,0,0,0,0,0,0,0,0,5,0,0,5,0,0
gr,56e2de618f632,white,0,0,0,0,0,0,0,0,0,0,0,0,5,0,5,0,0,0,0,0
gr,56e2de618f632,yellow,5,5,0,0,0,0,0,0,0,0,0,5,0,0,0,0,0,0,0,0
gr,56e4b15bc66bc,black,0,0,0,0,0,0,5,0,5,5,5,0,0,0,0,0,5,0,5,0
gr,56e4b15bc66bc,blue,5,0,0,0,0,0,0,0,0,0,0,0,0,0,0,5,0,0,0,0
gr,56e4b15bc66bc,brown,0,0,0,0,0,3,0,3,0,0,0,0,0,0,0,0,0,0,0,0
gr,56e4b15bc66bc,green,0,0,0,0,0,5,0,0,0,0,0,0,0,0,0,0,0,4,0,0
gr,56e4b15bc66bc,grey,0,0,0,0,3,0,0,0,0,0,0,0,0,0,0,0,0,0,0,0
gr,56e4b15bc66bc,orange,5,0,0,0,0,0,0,0,0,0,0,5,5,0,0,5,0,0,0,0
gr,56e4b15bc66bc,pink,0,0,0,0,0,5,0,0,0,0,0,0,5,5,5,0,0,0,0,0
gr,56e4b15bc66bc,purple,3,0,0,0,0,0,4,0,0,0,0,0,0,0,0,0,4,0,4,0
gr,56e4b15bc66bc,red,0,0,5,0,0,5,0,0,0,0,0,0,0,5,0,0,0,0,0,0
gr,56e4b15bc66bc,turquoise,0,0,0,0,0,0,0,0,0,0,0,0,0,0,0,0,0,5,0,0
gr,56e4b15bc66bc,white,5,0,0,0,0,0,0,0,0,0,0,0,0,0,0,0,0,5,0,0
gr,56e4b15bc66bc,yellow,0,0,0,0,0,0,0,0,0,0,0,5,5,0,0,5,0,0,0,0
